P,V_out,T
55.089,0.01230764389038086,0.4128507956161602
55.089,0.012312769889831543,0.4128507956161602
55.089,0.01231372356414795,0.4128507956161602
55.089,0.012314677238464355,0.4128507956161602
55.089,0.012318015098571777,0.4128507956161602
55.089,0.012321233749389648,0.4128507956161602
55.113,0.012323141098022461,0.5114178795003255
55.113,0.012327194213867188,0.5114178795003255
55.113,0.012329578399658203,0.5114178795003255
55.113,0.012329459190368652,0.5114178795003255
55.113,0.012330889701843262,0.5114178795003255
55.113,0.01233220100402832,0.5114178795003255
55.13,0.01212167739868164,0.702003334742761
55.13,0.012116193771362305,0.702003334742761
55.13,0.012125968933105469,0.702003334742761
55.13,0.012026071548461914,0.702003334742761
55.13,0.012332916259765625,0.702003334742761
55.13,0.012104153633117676,0.702003334742761
54.246,0.0121307373046875,0.9851596375069438
54.246,0.012133479118347168,0.9851596375069438
54.246,0.012140631675720215,0.9851596375069438
54.246,0.012143373489379883,0.9851596375069438
54.351,0.012149930000305176,1.0021651080495935
54.351,0.012147784233093262,1.0021651080495935
54.351,0.012150406837463379,1.0021651080495935
54.351,0.012149333953857422,1.0021651080495935
54.351,0.012144088745117188,1.0021651080495935
54.351,0.012146949768066406,1.0021651080495935
54.367,0.012152791023254395,1.4643931062824547
54.367,0.012155532836914062,1.4643931062824547
54.367,0.012156009674072266,1.4643931062824547
54.367,0.01215517520904541,1.4643931062824547
54.367,0.012157917022705078,1.4643931062824547
54.378,0.012161850929260254,1.508218246713678
54.378,0.012163162231445312,1.508218246713678
54.39,0.012165188789367676,1.534161073194025
54.411,0.012171387672424316,1.839386095959641
54.424,0.012172937393188477,2.080946431844096
54.424,0.012172937393188477,2.080946431844096
54.428,0.01217496395111084,2.2372488851798513
54.427,0.01217508316040039,1.9788094818346171
54.427,0.01217663288116455,1.9788094818346171
54.425,0.012176990509033203,1.9113448465078968
54.425,0.012175440788269043,1.9113448465078968
54.425,0.01217496395111084,1.9113448465078968
54.426,0.012178659439086914,1.7294071830977065
54.426,0.012177348136901855,1.7294071830977065
54.426,0.01218116283416748,1.9231995609695085
54.421,0.01218414306640625,1.7191260354192919
54.421,0.012182950973510742,1.7191260354192919
54.421,0.012183308601379395,1.7191260354192919
54.421,0.012183666229248047,1.7191260354192919
54.42,0.01218724250793457,1.6484266137962762
54.42,0.012185335159301758,1.6484266137962762
54.42,0.01218569278717041,1.6484266137962762
54.415,0.012189030647277832,1.5208051207536566
54.415,0.012191176414489746,1.5208051207536566
54.413,0.012189388275146484,1.3236091691009952
54.413,0.012190580368041992,1.3236091691009952
54.413,0.012191176414489746,1.3236091691009952
54.413,0.012191295623779297,1.3236091691009952
54.413,0.0121917724609375,1.3236091691009952
54.412,0.01219320297241211,1.2099385745105489
54.412,0.012193083763122559,1.2099385745105489
54.412,0.012193441390991211,1.2099385745105489
54.412,0.012191534042358398,1.2099385745105489
54.409,0.012193799018859863,1.1909030185480154
54.409,0.012192964553833008,1.1909030185480154
54.409,0.012194156646728516,1.1909030185480154
54.409,0.012195110321044922,1.1909030185480154
54.406,0.012195944786071777,1.3056543301711843
54.406,0.012197494506835938,1.3056543301711843
54.406,0.012195110321044922,1.3056543301711843
54.406,0.012196779251098633,1.3056543301711843
54.401,0.01219642162322998,0.8284379308603846
54.401,0.012198448181152344,0.8284379308603846
54.401,0.012198686599731445,0.8284379308603846
54.401,0.012200593948364258,0.8284379308603846
54.401,0.012199878692626953,0.8284379308603846
54.401,0.012201547622680664,0.8284379308603846
54.399,0.012201428413391113,0.8989440511768301
54.399,0.012202143669128418,0.8989440511768301
54.399,0.01220238208770752,0.8989440511768301
54.399,0.012203216552734375,0.8989440511768301
54.399,0.01220393180847168,0.8989440511768301
54.399,0.012202858924865723,0.8989440511768301
54.398,0.012202978134155273,0.9230641315707355
54.398,0.012203097343444824,0.9230641315707355
54.398,0.012203335762023926,0.9230641315707355
54.398,0.012200593948364258,0.9230641315707355
54.398,0.012202858924865723,0.9230641315707355
54.398,0.012201905250549316,0.9230641315707355
54.396,0.01220548152923584,0.7356011591992244
54.396,0.012205839157104492,0.7356011591992244
54.396,0.012205719947814941,0.7356011591992244
54.395,0.012204408645629883,0.6281388840956303
54.395,0.012203574180603027,0.6281388840956303
54.395,0.012203693389892578,0.6281388840956303
54.395,0.012203812599182129,0.6281388840956303
54.395,0.01220715045928955,0.6281388840956303
54.393,0.012205004692077637,0.5708296138223958
54.393,0.012204527854919434,0.5708296138223958
54.393,0.012204527854919434,0.5708296138223958
54.393,0.012205123901367188,0.5708296138223958
54.393,0.012206315994262695,0.5708296138223958
54.393,0.012205362319946289,0.5708296138223958
54.39,0.012209057807922363,0.5916508016422479
54.39,0.012209892272949219,0.5916508016422479
54.39,0.01221001148223877,0.5916508016422479
54.39,0.012205839157104492,0.5916508016422479
54.39,0.012208342552185059,0.5916508016422479
54.39,0.012206554412841797,0.5916508016422479
54.391,0.012209892272949219,0.43519146536613795
54.391,0.012209415435791016,0.43519146536613795
54.391,0.012209296226501465,0.43519146536613795
54.391,0.012210249900817871,0.43519146536613795
54.391,0.01221156120300293,0.43519146536613795
54.391,0.012212395668029785,0.43519146536613795
54.388,0.012211799621582031,0.5376408243333239
54.388,0.01221156120300293,0.5376408243333239
54.388,0.012210965156555176,0.5376408243333239
54.388,0.012212872505187988,0.5376408243333239
54.388,0.012211203575134277,0.5376408243333239
54.388,0.012210249900817871,0.5376408243333239
54.388,0.012216806411743164,0.3916601830616353
54.388,0.012215852737426758,0.3916601830616353
54.388,0.012215137481689453,0.3916601830616353
54.388,0.012212872505187988,0.3916601830616353
54.388,0.01221323013305664,0.3916601830616353
54.388,0.012215375900268555,0.3916601830616353
54.386,0.012216448783874512,0.18608129447795818
54.386,0.012216687202453613,0.18608129447795818
54.386,0.012216448783874512,0.18608129447795818
54.386,0.01221776008605957,0.18608129447795818
54.386,0.012217998504638672,0.18608129447795818
54.386,0.012217044830322266,0.18608129447795818
54.38,0.012219905853271484,0.043364017759758955
54.38,0.012218356132507324,0.043364017759758955
54.38,0.012216806411743164,0.043364017759758955
54.38,0.012218713760375977,0.043364017759758955
54.38,0.01221930980682373,0.043364017759758955
54.375,0.012222051620483398,-0.03703045872333233
54.375,0.012220144271850586,-0.03703045872333233
54.375,0.012221097946166992,-0.03703045872333233
54.375,0.01222085952758789,-0.03703045872333233
54.375,0.012220382690429688,-0.03703045872333233
54.375,0.012220144271850586,-0.03703045872333233
54.375,0.012222528457641602,-0.053177678981539245
54.375,0.012223482131958008,-0.053177678981539245
54.375,0.012223243713378906,-0.053177678981539245
54.375,0.012223958969116211,-0.053177678981539245
54.375,0.012223482131958008,-0.053177678981539245
54.375,0.01222538948059082,-0.053177678981539245
54.371,0.01222538948059082,0.0998452380266528
54.371,0.012224674224853516,0.0998452380266528
54.371,0.01222527027130127,0.0998452380266528
54.371,0.012227654457092285,0.0998452380266528
54.371,0.012228131294250488,0.0998452380266528
54.371,0.012227892875671387,0.0998452380266528
54.372,0.012231588363647461,-0.1717570592899298
54.372,0.012230396270751953,-0.1717570592899298
54.372,0.012231111526489258,-0.1717570592899298
54.372,0.0122298002243042,-0.1717570592899298
54.372,0.01222848892211914,-0.1717570592899298
54.372,0.01222991943359375,-0.1717570592899298
54.371,0.012231230735778809,-0.005219608848395563
54.371,0.012232065200805664,-0.005219608848395563
54.371,0.012232184410095215,-0.005219608848395563
54.371,0.012234091758728027,-0.005219608848395563
54.371,0.012233138084411621,-0.005219608848395563
54.371,0.012236356735229492,-0.005219608848395563
54.369,0.012237191200256348,0.19371246039207968
54.369,0.012238264083862305,0.19371246039207968
54.369,0.012235522270202637,0.19371246039207968
54.369,0.012237071990966797,0.19371246039207968
54.369,0.012237191200256348,0.19371246039207968
54.373,0.012241959571838379,0.8107730315678154
54.373,0.012243032455444336,0.8107730315678154
54.385,0.012251138687133789,3.190507176266543
54.4,0.012257575988769531,3.7098056228075613
54.4,0.01225578784942627,3.7098056228075613
54.4,0.012257218360900879,3.7098056228075613
54.4,0.012254714965820312,3.7098056228075613
54.4,0.012253403663635254,3.7098056228075613
54.41,0.012259364128112793,4.7312208366343835
54.425,0.012267112731933594,5.740111977242094
54.425,0.012266397476196289,5.740111977242094
54.425,0.012266278266906738,5.740111977242094
54.425,0.012268424034118652,5.740111977242094
54.425,0.012263894081115723,5.740111977242094
54.425,0.012265682220458984,5.740111977242094
54.425,0.012264251708984375,5.740111977242094
54.438,0.012268424034118652,7.207972519802117
54.438,0.01227104663848877,7.207972519802117
54.438,0.012271285057067871,7.207972519802117
54.438,0.012272000312805176,7.207972519802117
54.438,0.012271761894226074,7.207972519802117
54.438,0.012272000312805176,7.207972519802117
54.456,0.012274861335754395,7.665391760018673
54.456,0.012274742126464844,7.665391760018673
54.456,0.0122758150100708,7.665391760018673
54.456,0.01227414608001709,7.665391760018673
54.456,0.012273430824279785,7.665391760018673
54.456,0.012272953987121582,7.665391760018673
54.473,0.012274861335754395,8.913966199329405
54.473,0.012276887893676758,8.913966199329405
54.473,0.012276768684387207,8.913966199329405
54.473,0.012277722358703613,8.913966199329405
54.473,0.012277841567993164,8.913966199329405
54.481,0.012278437614440918,9.62796096173986
54.481,0.012278556823730469,9.62796096173986
54.481,0.012279510498046875,9.62796096173986
54.481,0.012281179428100586,9.62796096173986
54.481,0.012282252311706543,9.62796096173986
54.481,0.012282967567443848,9.62796096173986
54.494,0.01228320598602295,10.128655394352634
54.494,0.012282371520996094,10.128655394352634
54.494,0.012279391288757324,10.128655394352634
54.494,0.012284278869628906,10.128655394352634
54.494,0.012281179428100586,10.128655394352634
54.494,0.01228320598602295,10.128655394352634
54.505,0.012281060218811035,11.351874162713537
54.505,0.012282133102416992,11.351874162713537
54.505,0.012282371520996094,11.351874162713537
54.505,0.012283921241760254,11.351874162713537
54.505,0.012283086776733398,11.351874162713537
54.505,0.012283563613891602,11.351874162713537
54.532,0.012284278869628906,12.025397624633019
54.532,0.012284398078918457,12.025397624633019
54.532,0.01228320598602295,12.025397624633019
54.532,0.012284278869628906,12.025397624633019
54.532,0.012284517288208008,12.025397624633019
54.532,0.012284517288208008,12.025397624633019
54.542,0.012285828590393066,12.386877857534229
54.542,0.012284040451049805,12.386877857534229
54.542,0.012284159660339355,12.386877857534229
54.542,0.012284636497497559,12.386877857534229
54.542,0.01228475570678711,12.386877857534229
54.542,0.012284040451049805,12.386877857534229
54.558,0.0122833251953125,13.269257326508612
54.558,0.012286663055419922,13.269257326508612
54.558,0.0122833251953125,13.269257326508612
54.558,0.012286782264709473,13.269257326508612
54.558,0.012285590171813965,13.269257326508612
54.57,0.012285709381103516,13.56098937868665
54.57,0.012284278869628906,13.56098937868665
54.57,0.012285470962524414,13.56098937868665
54.57,0.01228630542755127,13.56098937868665
54.57,0.012285590171813965,13.56098937868665
54.579,0.012285709381103516,14.61452031551879
54.579,0.01228320598602295,14.61452031551879
54.579,0.012284398078918457,14.61452031551879
54.579,0.012284278869628906,14.61452031551879
54.579,0.012284278869628906,14.61452031551879
54.579,0.012284517288208008,14.61452031551879
54.585,0.012282371520996094,15.337735345701896
54.585,0.012282371520996094,15.337735345701896
54.585,0.012282729148864746,15.337735345701896
54.585,0.01228487491607666,15.337735345701896
54.585,0.01228475570678711,15.337735345701896
54.585,0.01228487491607666,15.337735345701896
54.595,0.012281298637390137,15.902358776657056
54.595,0.012281537055969238,15.902358776657056
54.595,0.01228034496307373,15.902358776657056
54.595,0.012281417846679688,15.902358776657056
54.595,0.012281060218811035,15.902358776657056
54.611,0.012278556823730469,16.85886700394934
54.611,0.012278556823730469,16.85886700394934
54.611,0.012276768684387207,16.85886700394934
54.611,0.012275338172912598,16.85886700394934
54.611,0.012276530265808105,16.85886700394934
54.611,0.012277841567993164,16.85886700394934
54.624,0.012274026870727539,17.283592409084363
54.624,0.012273430824279785,17.283592409084363
54.624,0.0122758150100708,17.283592409084363
54.624,0.012278199195861816,17.283592409084363
54.624,0.012278318405151367,17.283592409084363
54.624,0.012276291847229004,17.283592409084363
54.627,0.012272119522094727,17.85992444432679
54.627,0.012272119522094727,17.85992444432679
54.627,0.01227104663848877,17.85992444432679
54.627,0.012273073196411133,17.85992444432679
54.627,0.01227414608001709,17.85992444432679
54.627,0.012274026870727539,17.85992444432679
54.644,0.012272477149963379,18.832377924526774
54.644,0.012270808219909668,18.832377924526774
54.644,0.012270450592041016,18.832377924526774
54.644,0.012270450592041016,18.832377924526774
54.644,0.012269139289855957,18.832377924526774
54.644,0.01226806640625,18.832377924526774
54.652,0.012262582778930664,18.915045134269313
54.652,0.012263894081115723,18.915045134269313
54.652,0.012262582778930664,18.915045134269313
54.652,0.01226496696472168,18.915045134269313
54.652,0.012263178825378418,18.915045134269313
54.652,0.012265801429748535,18.915045134269313
54.667,0.01226043701171875,19.80342091510932
54.667,0.012261748313903809,19.80342091510932
54.667,0.012260794639587402,19.80342091510932
54.667,0.01226341724395752,19.80342091510932
54.667,0.012260198593139648,19.80342091510932
54.667,0.012261033058166504,19.80342091510932
54.67,0.012258768081665039,20.379273564848425
54.67,0.012259483337402344,20.379273564848425
54.67,0.012256503105163574,20.379273564848425
54.67,0.012257099151611328,20.379273564848425
54.67,0.012254595756530762,20.379273564848425
54.67,0.012255311012268066,20.379273564848425
54.675,0.012250661849975586,20.469134364564464
54.675,0.012252211570739746,20.469134364564464
54.675,0.012249112129211426,20.469134364564464
54.675,0.0122528076171875,20.469134364564464
54.675,0.012253880500793457,20.469134364564464
54.675,0.012250900268554688,20.469134364564464
54.69,0.012249350547790527,21.64383040740158
54.69,0.012248635292053223,21.64383040740158
54.69,0.01224815845489502,21.64383040740158
54.69,0.01224672794342041,21.64383040740158
54.69,0.012244224548339844,21.64383040740158
54.69,0.012244105339050293,21.64383040740158
54.702,0.012243151664733887,22.071642699405324
54.702,0.012242317199707031,22.071642699405324
54.702,0.012241840362548828,22.071642699405324
54.702,0.01224052906036377,22.071642699405324
54.702,0.012238621711730957,22.071642699405324
54.702,0.012239575386047363,22.071642699405324
54.702,0.012237906455993652,22.071642699405324
54.706,0.01223444938659668,22.64231788227234
54.706,0.01223301887512207,22.64231788227234
54.706,0.012234210968017578,22.64231788227234
54.706,0.012234807014465332,22.64231788227234
54.706,0.012236237525939941,22.64231788227234
54.706,0.01223611831665039,22.64231788227234
54.721,0.01223134994506836,23.449991870066828
54.721,0.01223146915435791,23.449991870066828
54.721,0.012229084968566895,23.449991870066828
54.721,0.01222836971282959,23.449991870066828
54.721,0.012227296829223633,23.449991870066828
54.721,0.012227773666381836,23.449991870066828
54.73,0.012226223945617676,24.14342429193342
54.73,0.012224912643432617,24.14342429193342
54.73,0.012226104736328125,24.14342429193342
54.73,0.01222538948059082,24.14342429193342
54.73,0.012224555015563965,24.14342429193342
54.73,0.012222528457641602,24.14342429193342
54.735,0.012215733528137207,24.270261389945695
54.735,0.012216687202453613,24.270261389945695
54.735,0.012217402458190918,24.270261389945695
54.735,0.012219667434692383,24.270261389945695
54.735,0.012220382690429688,24.270261389945695
54.735,0.012218713760375977,24.270261389945695
54.743,0.012207269668579102,25.335042962061003
54.743,0.012213349342346191,25.335042962061003
54.743,0.01221168041229248,25.335042962061003
54.743,0.012212157249450684,25.335042962061003
54.743,0.01221013069152832,25.335042962061003
54.743,0.012207984924316406,25.335042962061003
54.75,0.012206435203552246,25.75808539618596
54.75,0.012206792831420898,25.75808539618596
54.75,0.012204766273498535,25.75808539618596
54.75,0.012204170227050781,25.75808539618596
54.75,0.012202858924865723,25.75808539618596
54.75,0.012202978134155273,25.75808539618596
54.758,0.012197732925415039,26.040043431675276
54.758,0.012196898460388184,26.040043431675276
54.758,0.012197494506835938,26.040043431675276
54.758,0.012200713157653809,26.040043431675276
54.758,0.012198925018310547,26.040043431675276
54.758,0.012201428413391113,26.040043431675276
54.767,0.012194514274597168,27.240666793486923
54.767,0.012192249298095703,27.240666793486923
54.767,0.012192964553833008,27.240666793486923
54.767,0.01219320297241211,27.240666793486923
54.767,0.012192606925964355,27.240666793486923
54.767,0.012190103530883789,27.240666793486923
54.778,0.012191176414489746,27.802599211855945
54.778,0.012189149856567383,27.802599211855945
54.778,0.01218867301940918,27.802599211855945
54.778,0.012187004089355469,27.802599211855945
54.778,0.012187957763671875,27.802599211855945
54.778,0.012186288833618164,27.802599211855945
54.786,0.012180566787719727,27.985537054267255
54.786,0.01218116283416748,27.985537054267255
54.786,0.012183785438537598,27.985537054267255
54.786,0.012185215950012207,27.985537054267255
54.786,0.012184619903564453,27.985537054267255
54.786,0.012183427810668945,27.985537054267255
54.798,0.012174010276794434,29.16355923661761
54.798,0.012179374694824219,29.16355923661761
54.798,0.012178778648376465,29.16355923661761
54.798,0.012177824974060059,29.16355923661761
54.798,0.012177467346191406,29.16355923661761
54.798,0.012177467346191406,29.16355923661761
54.805,0.012174010276794434,29.72891270608517
54.805,0.012173891067504883,29.72891270608517
54.805,0.012172698974609375,29.72891270608517
54.805,0.012171626091003418,29.72891270608517
54.805,0.012169957160949707,29.72891270608517
54.805,0.01216888427734375,29.72891270608517
54.811,0.012165307998657227,30.06612004525616
54.811,0.012164950370788574,30.06612004525616
54.811,0.012166976928710938,30.06612004525616
54.811,0.012167572975158691,30.06612004525616
54.811,0.012168288230895996,30.06612004525616
54.811,0.012165427207946777,30.06612004525616
54.817,0.012164115905761719,31.164557539411955
54.817,0.012161970138549805,31.164557539411955
54.817,0.012161016464233398,31.164557539411955
54.817,0.012158632278442383,31.164557539411955
54.817,0.012160181999206543,31.164557539411955
54.817,0.01215815544128418,31.164557539411955
54.824,0.01215517520904541,31.274836153116578
54.824,0.012154459953308105,31.274836153116578
54.824,0.012154340744018555,31.274836153116578
54.824,0.012157559394836426,31.274836153116578
54.824,0.012157082557678223,31.274836153116578
54.824,0.012155652046203613,31.274836153116578
54.834,0.012150168418884277,32.05802827368678
54.834,0.012150406837463379,32.05802827368678
54.834,0.01215064525604248,32.05802827368678
54.834,0.01215362548828125,32.05802827368678
54.834,0.012154698371887207,32.05802827368678
54.834,0.012151598930358887,32.05802827368678
54.834,0.012149691581726074,32.94456712014843
54.834,0.012149810791015625,32.94456712014843
54.834,0.012150287628173828,32.94456712014843
54.834,0.012148261070251465,32.94456712014843
54.834,0.012146711349487305,32.94456712014843
54.834,0.012146830558776855,32.94456712014843
54.843,0.01214599609375,33.65908170417969
54.843,0.012149453163146973,33.65908170417969
54.843,0.012147784233093262,33.65908170417969
54.843,0.012146472930908203,33.65908170417969
54.843,0.012148618698120117,33.65908170417969
54.843,0.012146592140197754,33.65908170417969
54.852,0.01214599609375,33.88893008648649
54.852,0.012146592140197754,33.88893008648649
54.852,0.012148499488830566,33.88893008648649
54.852,0.012147665023803711,33.88893008648649
54.852,0.01214754581451416,33.88893008648649
54.852,0.012147307395935059,33.88893008648649
54.857,0.012143135070800781,34.58212328995837
54.857,0.012144923210144043,34.58212328995837
54.857,0.012142777442932129,34.58212328995837
54.857,0.01214611530303955,34.58212328995837
54.857,0.012145757675170898,34.58212328995837
54.857,0.01214587688446045,34.58212328995837
54.86,0.012141823768615723,35.25063798214191
54.86,0.012142300605773926,35.25063798214191
54.86,0.012140512466430664,35.25063798214191
54.86,0.0121382474899292,35.25063798214191
54.86,0.012139558792114258,35.25063798214191
54.86,0.012135863304138184,35.25063798214191
54.869,0.012134075164794922,35.35901271221838
54.869,0.012133240699768066,35.35901271221838
54.869,0.012135148048400879,35.35901271221838
54.869,0.012134552001953125,35.35901271221838
54.869,0.012134909629821777,35.35901271221838
54.869,0.012135624885559082,35.35901271221838
54.871,0.01213228702545166,36.31821448280501
54.871,0.01213061809539795,36.31821448280501
54.871,0.012130498886108398,36.31821448280501
54.871,0.012132048606872559,36.31821448280501
54.871,0.012130260467529297,36.31821448280501
54.871,0.01212930679321289,36.31821448280501
54.882,0.01212012767791748,36.737394479303724
54.882,0.012121796607971191,36.737394479303724
54.882,0.012124776840209961,36.737394479303724
54.882,0.012127161026000977,36.737394479303724
54.882,0.01212608814239502,36.737394479303724
54.882,0.012124180793762207,36.737394479303724
54.887,0.012113094329833984,36.77421473480192
54.887,0.01211094856262207,36.77421473480192
54.887,0.012114882469177246,36.77421473480192
54.887,0.012118339538574219,36.77421473480192
54.887,0.01211690902709961,36.77421473480192
54.887,0.012118339538574219,36.77421473480192
54.887,0.012119293212890625,36.77421473480192
54.894,0.012106776237487793,37.86709737666923
54.894,0.01210784912109375,37.86709737666923
54.894,0.01210641860961914,37.86709737666923
54.894,0.012107253074645996,37.86709737666923
54.894,0.012109518051147461,37.86709737666923
54.894,0.01210784912109375,37.86709737666923
54.9,0.01210331916809082,38.46691528676843
54.9,0.012104034423828125,38.46691528676843
54.9,0.012102842330932617,38.46691528676843
54.9,0.012100577354431152,38.46691528676843
54.9,0.01209867000579834,38.46691528676843
54.9,0.012096881866455078,38.46691528676843
54.905,0.01209414005279541,38.66172167617283
54.905,0.012093067169189453,38.66172167617283
54.905,0.012095928192138672,38.66172167617283
54.905,0.012095093727111816,38.66172167617283
54.905,0.012094378471374512,38.66172167617283
54.905,0.012095332145690918,38.66172167617283
54.914,0.012089967727661133,39.45826222881268
54.914,0.012088775634765625,39.45826222881268
54.914,0.01208961009979248,39.45826222881268
54.914,0.012087702751159668,39.45826222881268
54.914,0.012086749076843262,39.45826222881268
54.914,0.012086629867553711,39.45826222881268
54.918,0.012081384658813477,39.83669621849759
54.918,0.012085318565368652,39.83669621849759
54.918,0.012085199356079102,39.83669621849759
54.918,0.012083292007446289,39.83669621849759
54.918,0.012082934379577637,39.83669621849759
54.918,0.012080907821655273,39.83669621849759
54.921,0.012076973915100098,39.86814833786536
54.921,0.012078166007995605,39.86814833786536
54.921,0.012076377868652344,39.86814833786536
54.921,0.0120772123336792,39.86814833786536
54.921,0.012078523635864258,39.86814833786536
54.921,0.01207733154296875,39.86814833786536
54.932,0.012075662612915039,40.69641849737816
54.932,0.012075424194335938,40.69641849737816
54.932,0.012078523635864258,40.69641849737816
54.932,0.01207590103149414,40.69641849737816
54.932,0.01207435131072998,40.69641849737816
54.932,0.01207423210144043,40.69641849737816
54.94,0.012082576751708984,41.36167513594074
54.94,0.012081623077392578,41.36167513594074
54.94,0.012086272239685059,41.36167513594074
54.94,0.012089967727661133,41.36167513594074
54.94,0.01209414005279541,41.36167513594074
54.94,0.01210033893585205,41.36167513594074
54.941,0.012130975723266602,41.05466172994244
54.941,0.012135505676269531,41.05466172994244
54.941,0.012124776840209961,41.05466172994244
54.941,0.012121081352233887,41.05466172994244
54.941,0.012113332748413086,41.05466172994244
54.941,0.012106895446777344,41.05466172994244
54.944,0.012143135070800781,42.06928314309052
54.944,0.012149691581726074,42.06928314309052
54.944,0.012154698371887207,42.06928314309052
54.944,0.012160897254943848,42.06928314309052
54.944,0.012168049812316895,42.06928314309052
54.944,0.012172460556030273,42.06928314309052
54.953,0.012177824974060059,42.313103010319004
54.953,0.012183547019958496,42.313103010319004
54.953,0.012186527252197266,42.313103010319004
54.953,0.01219189167022705,42.313103010319004
54.953,0.01219487190246582,42.313103010319004
54.953,0.012200117111206055,42.313103010319004
54.959,0.012213587760925293,42.71497311956924
54.959,0.012212634086608887,42.71497311956924
54.959,0.012214064598083496,42.71497311956924
54.959,0.012205004692077637,42.71497311956924
54.959,0.01220238208770752,42.71497311956924
54.959,0.01221013069152832,42.71497311956924
54.965,0.012213349342346191,43.04578324259816
54.965,0.0122147798538208,43.04578324259816
54.965,0.012211918830871582,43.04578324259816
54.965,0.012215256690979004,43.04578324259816
54.965,0.012215614318847656,43.04578324259816
54.965,0.0122147798538208,43.04578324259816
54.971,0.012210726737976074,43.49776566239345
54.971,0.012213587760925293,43.49776566239345
54.971,0.012215256690979004,43.49776566239345
54.971,0.012211918830871582,43.49776566239345
54.971,0.012211918830871582,43.49776566239345
54.971,0.012213468551635742,43.49776566239345
54.975,0.012215971946716309,43.82816529283743
54.975,0.012213468551635742,43.82816529283743
54.975,0.012212157249450684,43.82816529283743
54.975,0.012214064598083496,43.82816529283743
54.975,0.012218356132507324,43.82816529283743
54.975,0.012216329574584961,43.82816529283743
54.98,0.012214183807373047,44.33748332858754
54.98,0.012216448783874512,44.33748332858754
54.98,0.012214422225952148,44.33748332858754
54.98,0.01221764087677002,44.33748332858754
54.98,0.012218952178955078,44.33748332858754
54.98,0.012221217155456543,44.33748332858754
54.986,0.012218594551086426,44.5118576349875
54.986,0.012220501899719238,44.5118576349875
54.986,0.012221813201904297,44.5118576349875
54.986,0.012221217155456543,44.5118576349875
54.986,0.012221932411193848,44.5118576349875
54.986,0.012219548225402832,44.5118576349875
54.987,0.012221813201904297,45.19797114341748
54.987,0.012224078178405762,45.19797114341748
54.987,0.012224435806274414,45.19797114341748
54.987,0.01221764087677002,45.19797114341748
54.987,0.012215614318847656,45.19797114341748
54.987,0.012216448783874512,45.19797114341748
53.987,0.012004971504211426,45.152938253451204
53.987,0.012007355690002441,45.152938253451204
53.987,0.012001276016235352,45.152938253451204
53.987,0.011983990669250488,45.152938253451204
53.987,0.011995911598205566,45.152938253451204
53.987,0.011959433555603027,45.152938253451204
54.096,0.012007594108581543,45.805147292740756
54.096,0.012016892433166504,45.805147292740756
54.096,0.012017011642456055,45.805147292740756
54.096,0.012015223503112793,45.805147292740756
54.096,0.012017488479614258,45.805147292740756
54.096,0.012023687362670898,45.805147292740756
54.117,0.012020468711853027,46.09054020241438
54.117,0.012019872665405273,46.09054020241438
54.117,0.012019157409667969,46.09054020241438
54.117,0.012021660804748535,46.09054020241438
54.117,0.01202082633972168,46.09054020241438
54.117,0.01202237606048584,46.09054020241438
53.156,0.01181340217590332,46.26453051171471
53.156,0.01181328296661377,46.26453051171471
53.156,0.011807441711425781,46.26453051171471
53.156,0.011786222457885742,46.26453051171471
53.156,0.011897087097167969,46.26453051171471
53.156,0.011800408363342285,46.26453051171471
53.267,0.011824607849121094,46.66842149168035
53.267,0.011818647384643555,46.66842149168035
53.267,0.011821866035461426,46.66842149168035
53.267,0.011823534965515137,46.66842149168035
53.267,0.011823534965515137,46.66842149168035
53.267,0.011825323104858398,46.66842149168035
53.267,0.011826395988464355,46.66842149168035
53.292,0.01182568073272705,46.4413870454799
53.292,0.011822104454040527,46.4413870454799
53.292,0.011820077896118164,46.4413870454799
53.292,0.01181936264038086,46.4413870454799
53.292,0.011820316314697266,46.4413870454799
53.292,0.011821150779724121,46.4413870454799
52.317,0.011611223220825195,46.4714259927951
52.317,0.011614084243774414,46.4714259927951
52.317,0.011609435081481934,46.4714259927951
52.317,0.011604785919189453,46.4714259927951
52.317,0.011595845222473145,46.4714259927951
52.317,0.011579513549804688,46.4714259927951
52.434,0.011613130569458008,46.41657687769895
52.434,0.011614799499511719,46.41657687769895
52.434,0.011615753173828125,46.41657687769895
52.434,0.011616349220275879,46.41657687769895
52.434,0.01161658763885498,46.41657687769895
52.434,0.011617302894592285,46.41657687769895
52.459,0.0116196870803833,46.205545154214036
52.459,0.011621356010437012,46.205545154214036
52.459,0.011623501777648926,46.205545154214036
52.459,0.011627912521362305,46.205545154214036
52.459,0.011637330055236816,46.205545154214036
52.459,0.011652231216430664,46.205545154214036
51.536,0.011484503746032715,46.39904692871765
51.536,0.011482596397399902,46.39904692871765
51.536,0.011481761932373047,46.39904692871765
51.536,0.0114593505859375,46.39904692871765
51.536,0.011458992958068848,46.39904692871765
51.536,0.011475324630737305,46.39904692871765
51.673,0.011492133140563965,46.02785940698678
51.673,0.01148676872253418,46.02785940698678
51.673,0.011489272117614746,46.02785940698678
51.673,0.011491060256958008,46.02785940698678
51.673,0.011491656303405762,46.02785940698678
51.673,0.011492371559143066,46.02785940698678
51.679,0.011491775512695312,45.6587526445053
51.679,0.011493325233459473,45.6587526445053
51.679,0.011493682861328125,45.6587526445053
51.679,0.011493206024169922,45.6587526445053
51.679,0.011493802070617676,45.6587526445053
51.679,0.01149296760559082,45.6587526445053
51.693,0.011295199394226074,45.697974920139735
51.693,0.011297106742858887,45.697974920139735
51.693,0.011291265487670898,45.697974920139735
51.693,0.011285185813903809,45.697974920139735
51.693,0.011281251907348633,45.697974920139735
51.693,0.011302828788757324,45.697974920139735
50.842,0.011299967765808105,45.31408171708495
50.842,0.011301994323730469,45.31408171708495
50.842,0.011302351951599121,45.31408171708495
50.842,0.011304855346679688,45.31408171708495
50.842,0.011307120323181152,45.31408171708495
50.842,0.011309623718261719,45.31408171708495
50.877,0.011312007904052734,44.88084501744645
50.877,0.011315584182739258,44.88084501744645
50.877,0.011318564414978027,44.88084501744645
50.877,0.011319756507873535,44.88084501744645
50.877,0.011317253112792969,44.88084501744645
50.877,0.011317968368530273,44.88084501744645
50.187,0.0111311674118042,44.88256438681249
50.187,0.01112818717956543,44.88256438681249
50.187,0.01112353801727295,44.88256438681249
50.187,0.011114835739135742,44.88256438681249
50.187,0.01105034351348877,44.88256438681249
50.187,0.0111161470413208,44.88256438681249
50.047,0.011141061782836914,44.347478371225144
50.047,0.0111314058303833,44.347478371225144
50.047,0.01113593578338623,44.347478371225144
50.047,0.011135458946228027,44.347478371225144
50.047,0.011138558387756348,44.347478371225144
50.047,0.01114034652709961,44.347478371225144
50.091,0.011141538619995117,44.072571332919466
50.091,0.011141777038574219,44.072571332919466
50.091,0.01114201545715332,44.072571332919466
50.091,0.011142253875732422,44.072571332919466
50.091,0.011141657829284668,44.072571332919466
50.091,0.011144042015075684,44.072571332919466
50.104,0.011142849922180176,43.815016003761265
50.104,0.011142730712890625,43.815016003761265
50.104,0.011142969131469727,43.815016003761265
50.104,0.011141419410705566,43.815016003761265
50.104,0.011142849922180176,43.815016003761265
50.104,0.011143207550048828,43.815016003761265
50.123,0.011142134666442871,43.173559649308494
50.123,0.011143326759338379,43.173559649308494
50.123,0.01114356517791748,43.173559649308494
50.123,0.011144042015075684,43.173559649308494
50.123,0.011144280433654785,43.173559649308494
50.123,0.011144161224365234,43.173559649308494
50.138,0.011140584945678711,43.27901645291499
50.138,0.011140227317810059,43.27901645291499
50.138,0.011141657829284668,43.27901645291499
50.138,0.011142492294311523,43.27901645291499
50.138,0.011141777038574219,43.27901645291499
50.138,0.011141419410705566,43.27901645291499
50.146,0.011140108108520508,43.18511113422614
50.146,0.011139631271362305,43.18511113422614
50.146,0.011140942573547363,43.18511113422614
50.146,0.011138319969177246,43.18511113422614
50.146,0.011140108108520508,43.18511113422614
50.146,0.01114189624786377,43.18511113422614
50.151,0.011137723922729492,42.86727423381696
50.151,0.011138916015625,42.86727423381696
50.151,0.011139273643493652,42.86727423381696
50.151,0.01113903522491455,42.86727423381696
50.151,0.011137843132019043,42.86727423381696
50.151,0.011137962341308594,42.86727423381696
50.154,0.011137962341308594,42.958397268341244
50.154,0.011138677597045898,42.958397268341244
50.154,0.011136174201965332,42.958397268341244
50.154,0.011137723922729492,42.958397268341244
50.154,0.01113748550415039,42.958397268341244
50.154,0.011135458946228027,42.958397268341244
50.158,0.011136174201965332,42.954498980283944
50.158,0.011135458946228027,42.954498980283944
50.158,0.011135101318359375,42.954498980283944
50.158,0.011136174201965332,42.954498980283944
50.158,0.011136531829833984,42.954498980283944
50.158,0.011136770248413086,42.954498980283944
50.169,0.011135220527648926,43.4120393382309
50.169,0.011136054992675781,43.4120393382309
50.169,0.011134147644042969,43.4120393382309
50.169,0.011135101318359375,43.4120393382309
50.169,0.011136174201965332,43.4120393382309
50.169,0.011134982109069824,43.4120393382309
50.177,0.011134505271911621,43.66338396922855
50.177,0.01113426685333252,43.66338396922855
50.177,0.01113426685333252,43.66338396922855
50.177,0.011133551597595215,43.66338396922855
50.177,0.011134505271911621,43.66338396922855
50.177,0.01113271713256836,43.66338396922855
50.179,0.011131882667541504,43.900374102626245
50.179,0.011131763458251953,43.900374102626245
50.179,0.0111314058303833,43.900374102626245
50.179,0.011132001876831055,43.900374102626245
50.179,0.011133551597595215,43.900374102626245
50.179,0.011133432388305664,43.900374102626245
50.183,0.01113128662109375,44.628024515891425
50.183,0.011130690574645996,44.628024515891425
50.183,0.011129498481750488,44.628024515891425
50.183,0.0111311674118042,44.628024515891425
50.183,0.011130332946777344,44.628024515891425
50.183,0.011131644248962402,44.628024515891425
50.183,0.011130809783935547,44.628024515891425
50.187,0.01112985610961914,45.05896291320944
50.187,0.011129260063171387,45.05896291320944
50.187,0.011129498481750488,45.05896291320944
50.187,0.011129140853881836,45.05896291320944
50.187,0.01112985610961914,45.05896291320944
50.187,0.01112973690032959,45.05896291320944
50.19,0.011125683784484863,45.33945579330117
50.19,0.011128067970275879,45.33945579330117
50.19,0.011125922203063965,45.33945579330117
50.19,0.011127352714538574,45.33945579330117
50.19,0.011126875877380371,45.33945579330117
50.19,0.011127352714538574,45.33945579330117
50.197,0.011126160621643066,45.94425762829232
50.197,0.011126995086669922,45.94425762829232
50.197,0.011124014854431152,45.94425762829232
50.197,0.01112508773803711,45.94425762829232
50.202,0.01112067699432373,46.09962009501865
50.202,0.011122465133666992,46.09962009501865
50.202,0.01112377643585205,46.09962009501865
50.202,0.011125564575195312,46.09962009501865
50.202,0.01112353801727295,46.09962009501865
50.202,0.011124491691589355,46.09962009501865
50.211,0.011120915412902832,46.52143191355812
50.211,0.011120438575744629,46.52143191355812
50.211,0.011120080947875977,46.52143191355812
50.211,0.011119961738586426,46.52143191355812
50.211,0.01111912727355957,46.52143191355812
50.211,0.011119246482849121,46.52143191355812
50.213,0.0111161470413208,46.64034095240146
50.213,0.011116266250610352,46.64034095240146
50.213,0.0111161470413208,46.64034095240146
50.213,0.01111757755279541,46.64034095240146
50.213,0.011118054389953613,46.64034095240146
50.213,0.011118173599243164,46.64034095240146
50.216,0.011115312576293945,46.97906550220257
50.216,0.011114239692687988,46.97906550220257
50.216,0.011114358901977539,46.97906550220257
50.216,0.011113524436950684,46.97906550220257
50.216,0.011111736297607422,46.97906550220257
50.216,0.011111855506896973,46.97906550220257
50.219,0.011108160018920898,46.80813459010295
50.219,0.011107563972473145,46.80813459010295
50.219,0.011109709739685059,46.80813459010295
50.219,0.011111140251159668,46.80813459010295
50.219,0.011110067367553711,46.80813459010295
50.219,0.011110067367553711,46.80813459010295
50.22,0.011104106903076172,46.62431017156037
50.22,0.01110386848449707,46.62431017156037
50.22,0.011106133460998535,46.62431017156037
50.22,0.011105895042419434,46.62431017156037
50.22,0.011106371879577637,46.62431017156037
50.22,0.011105537414550781,46.62431017156037
50.219,0.011103987693786621,46.660144758668935
50.219,0.011103034019470215,46.660144758668935
50.219,0.011102080345153809,46.660144758668935
50.219,0.011101841926574707,46.660144758668935
50.219,0.0111008882522583,46.660144758668935
50.219,0.01109933853149414,46.660144758668935
50.212,0.011098742485046387,46.49420602847722
50.212,0.011098742485046387,46.49420602847722
50.212,0.011096715927124023,46.49420602847722
50.212,0.011095285415649414,46.49420602847722
50.212,0.011095881462097168,46.49420602847722
50.212,0.011095166206359863,46.49420602847722
50.206,0.011091470718383789,46.39287493039929
50.206,0.01109302043914795,46.39287493039929
50.206,0.011093497276306152,46.39287493039929
50.206,0.011093616485595703,46.39287493039929
50.206,0.011095523834228516,46.39287493039929
50.206,0.011094450950622559,46.39287493039929
50.201,0.011089444160461426,45.723073696702386
50.201,0.011089563369750977,45.723073696702386
50.201,0.011089205741882324,45.723073696702386
50.201,0.011090636253356934,45.723073696702386
50.201,0.011092066764831543,45.723073696702386
50.201,0.01109015941619873,45.723073696702386
50.199,0.011087894439697266,45.01945615504896
50.199,0.011087894439697266,45.01945615504896
50.199,0.01108694076538086,45.01945615504896
50.199,0.011086344718933105,45.01945615504896
50.199,0.011085987091064453,45.01945615504896
50.199,0.011085867881774902,45.01945615504896
50.189,0.011082768440246582,44.916393901452466
50.189,0.011081933975219727,44.916393901452466
50.189,0.011083722114562988,44.916393901452466
50.189,0.011083841323852539,44.916393901452466
50.189,0.01108396053314209,44.916393901452466
50.189,0.0110853910446167,44.916393901452466
50.186,0.011082291603088379,44.023786369123
50.186,0.011081576347351074,44.023786369123
50.186,0.011080145835876465,44.023786369123
50.186,0.011080622673034668,44.023786369123
50.186,0.011079549789428711,44.023786369123
50.186,0.011079072952270508,44.023786369123
50.182,0.011078119277954102,44.20540550619494
50.182,0.01107931137084961,44.20540550619494
50.182,0.011078715324401855,44.20540550619494
50.182,0.011078596115112305,44.20540550619494
50.182,0.011077404022216797,44.20540550619494
50.182,0.011076927185058594,44.20540550619494
50.176,0.011073708534240723,43.52021569980414
50.176,0.011076688766479492,43.52021569980414
50.176,0.011074542999267578,43.52021569980414
50.176,0.011076927185058594,43.52021569980414
50.176,0.011077046394348145,43.52021569980414
50.176,0.011074662208557129,43.52021569980414
50.173,0.011074066162109375,42.567484474515354
50.173,0.011074542999267578,42.567484474515354
50.173,0.011073708534240723,42.567484474515354
50.173,0.011072754859924316,42.567484474515354
50.173,0.011073589324951172,42.567484474515354
50.173,0.01107323169708252,42.567484474515354
50.164,0.011071920394897461,41.98151326534185
50.164,0.011071324348449707,41.98151326534185
50.164,0.011071562767028809,41.98151326534185
50.164,0.01107168197631836,41.98151326534185
50.164,0.011072635650634766,41.98151326534185
50.164,0.011071562767028809,41.98151326534185
50.161,0.011071443557739258,42.06704325225718
50.161,0.011069774627685547,42.06704325225718
50.161,0.011070847511291504,42.06704325225718
50.161,0.0110703706741333,42.06704325225718
50.161,0.011070013046264648,42.06704325225718
50.161,0.011070847511291504,42.06704325225718
50.153,0.011068463325500488,41.26232812230342
50.153,0.011069059371948242,41.26232812230342
50.153,0.011068463325500488,41.26232812230342
50.153,0.011067509651184082,41.26232812230342
50.153,0.011067748069763184,41.26232812230342
50.153,0.011068463325500488,41.26232812230342
50.147,0.011066913604736328,40.79298060077226
50.147,0.011067509651184082,40.79298060077226
50.147,0.011067867279052734,40.79298060077226
50.147,0.011067867279052734,40.79298060077226
50.147,0.011066913604736328,40.79298060077226
50.147,0.011069536209106445,40.79298060077226
50.138,0.011067748069763184,40.4171456130284
50.138,0.011065959930419922,40.4171456130284
50.138,0.011066675186157227,40.4171456130284
50.138,0.011067748069763184,40.4171456130284
50.138,0.011068224906921387,40.4171456130284
50.138,0.011066913604736328,40.4171456130284
50.138,0.011066555976867676,40.4171456130284
50.136,0.011066436767578125,39.80211954829185
50.136,0.011066436767578125,39.80211954829185
50.136,0.01106727123260498,39.80211954829185
50.136,0.011065840721130371,39.80211954829185
50.136,0.011065363883972168,39.80211954829185
50.136,0.011066079139709473,39.80211954829185
50.132,0.01106572151184082,38.77438356727875
50.132,0.011065959930419922,38.77438356727875
50.132,0.011066675186157227,38.77438356727875
50.132,0.01106715202331543,38.77438356727875
50.132,0.011066555976867676,38.77438356727875
50.132,0.011067032814025879,38.77438356727875
50.122,0.011065840721130371,38.79462074465113
50.122,0.011063814163208008,38.79462074465113
50.122,0.011064767837524414,38.79462074465113
50.122,0.011065840721130371,38.79462074465113
50.122,0.011066198348999023,38.79462074465113
50.122,0.011065125465393066,38.79462074465113
50.119,0.01106572151184082,37.975726542843375
50.119,0.011065006256103516,37.975726542843375
50.119,0.011064767837524414,37.975726542843375
50.119,0.011065244674682617,37.975726542843375
50.119,0.011065244674682617,37.975726542843375
50.119,0.011065959930419922,37.975726542843375
50.114,0.011064529418945312,37.546643867476945
50.114,0.01106572151184082,37.546643867476945
50.114,0.011065840721130371,37.546643867476945
50.114,0.011066317558288574,37.546643867476945
50.114,0.01106572151184082,37.546643867476945
50.114,0.011066317558288574,37.546643867476945
50.108,0.01106572151184082,37.32528401019613
50.108,0.011065959930419922,37.32528401019613
50.108,0.011066079139709473,37.32528401019613
50.108,0.011066913604736328,37.32528401019613
50.108,0.01106560230255127,37.32528401019613
50.108,0.011065006256103516,37.32528401019613
50.1,0.011067032814025879,36.79956308271915
50.1,0.011066198348999023,36.79956308271915
50.1,0.011065125465393066,36.79956308271915
50.1,0.01106715202331543,36.79956308271915
50.1,0.011066675186157227,36.79956308271915
50.1,0.01106572151184082,36.79956308271915
50.098,0.011065840721130371,35.97763905869951
50.098,0.011068105697631836,35.97763905869951
50.098,0.011068224906921387,35.97763905869951
50.098,0.011066555976867676,35.97763905869951
50.098,0.011067509651184082,35.97763905869951
50.098,0.011066079139709473,35.97763905869951
50.093,0.011066913604736328,35.98112984498693
50.093,0.011067867279052734,35.98112984498693
50.093,0.01106727123260498,35.98112984498693
50.093,0.011068224906921387,35.98112984498693
50.093,0.011066436767578125,35.98112984498693
50.093,0.01106715202331543,35.98112984498693
50.089,0.01106715202331543,35.301377381023975
50.089,0.011068582534790039,35.301377381023975
50.089,0.011068582534790039,35.301377381023975
50.089,0.011069774627685547,35.301377381023975
50.089,0.011068940162658691,35.301377381023975
50.089,0.011069416999816895,35.301377381023975
50.085,0.011071324348449707,34.94262723356037
50.085,0.011071324348449707,34.94262723356037
50.085,0.0110701322555542,34.94262723356037
50.085,0.011069297790527344,34.94262723356037
50.085,0.011069297790527344,34.94262723356037
50.085,0.011068463325500488,34.94262723356037
50.083,0.011071205139160156,34.68580186227448
50.083,0.01107168197631836,34.68580186227448
50.083,0.011070847511291504,34.68580186227448
50.083,0.011069655418395996,34.68580186227448
50.083,0.011071205139160156,34.68580186227448
50.083,0.011069893836975098,34.68580186227448
50.074,0.011070609092712402,34.20766115698882
50.074,0.01107168197631836,34.20766115698882
50.074,0.011070966720581055,34.20766115698882
50.074,0.011072039604187012,34.20766115698882
50.074,0.011072039604187012,34.20766115698882
50.074,0.01107168197631836,34.20766115698882
50.071,0.011072754859924316,33.9571961808922
50.071,0.011072516441345215,33.9571961808922
50.071,0.011071205139160156,33.9571961808922
50.071,0.011073112487792969,33.9571961808922
50.071,0.011073827743530273,33.9571961808922
50.071,0.011074423789978027,33.9571961808922
50.063,0.011074662208557129,33.409890192149255
50.063,0.011074423789978027,33.409890192149255
50.063,0.01107335090637207,33.409890192149255
50.063,0.01107335090637207,33.409890192149255
50.063,0.011074185371398926,33.409890192149255
50.063,0.01107323169708252,33.409890192149255
50.058,0.011076927185058594,32.85977162778104
50.058,0.011075973510742188,32.85977162778104
50.058,0.011075019836425781,32.85977162778104
50.058,0.011075258255004883,32.85977162778104
50.058,0.011075973510742188,32.85977162778104
50.058,0.011076092720031738,32.85977162778104
50.057,0.01107645034790039,32.73982423517056
50.057,0.011077880859375,32.73982423517056
50.057,0.011077880859375,32.73982423517056
50.057,0.011077880859375,32.73982423517056
50.057,0.011078953742980957,32.73982423517056
50.057,0.01107776165008545,32.73982423517056
50.052,0.011078476905822754,32.330302487201145
50.052,0.011080265045166016,32.330302487201145
50.052,0.011078119277954102,32.330302487201145
50.052,0.01107645034790039,32.330302487201145
50.052,0.011078476905822754,32.330302487201145
50.052,0.011078834533691406,32.330302487201145
50.048,0.01107943058013916,31.897253008859536
50.048,0.011079072952270508,31.897253008859536
50.048,0.011080145835876465,31.897253008859536
50.048,0.011081099510192871,31.897253008859536
50.048,0.011081218719482422,31.897253008859536
50.048,0.01108098030090332,31.897253008859536
50.048,0.01108241081237793,31.46244979271927
50.048,0.011080026626586914,31.46244979271927
50.048,0.011081457138061523,31.46244979271927
50.048,0.01108241081237793,31.46244979271927
50.048,0.011082172393798828,31.46244979271927
50.048,0.011080384254455566,31.46244979271927
50.04,0.011085271835327148,31.288746274673098
50.04,0.011084437370300293,31.288746274673098
50.04,0.011083722114562988,31.288746274673098
50.04,0.011082172393798828,31.288746274673098
50.04,0.011082887649536133,31.288746274673098
50.04,0.011084318161010742,31.288746274673098
50.035,0.011085033416748047,30.960357961270386
50.035,0.011084794998168945,30.960357961270386
50.035,0.011083483695983887,30.960357961270386
50.035,0.011085033416748047,30.960357961270386
50.035,0.0110856294631958,30.960357961270386
50.035,0.0110856294631958,30.960357961270386
50.029,0.011088013648986816,30.522162666865103
50.029,0.011088371276855469,30.522162666865103
50.029,0.01108860969543457,30.522162666865103
50.029,0.011086583137512207,30.522162666865103
50.029,0.011086344718933105,30.522162666865103
50.029,0.01108694076538086,30.522162666865103
50.024,0.011088967323303223,30.28032518100603
50.024,0.011090517044067383,30.28032518100603
50.024,0.011089563369750977,30.28032518100603
50.024,0.011089563369750977,30.28032518100603
50.024,0.011089324951171875,30.28032518100603
50.024,0.011089444160461426,30.28032518100603
50.024,0.01108705997467041,30.28032518100603
50.018,0.011091828346252441,29.93984491371667
50.018,0.011090993881225586,29.93984491371667
50.018,0.011091351509094238,29.93984491371667
50.018,0.011090874671936035,29.93984491371667
50.018,0.011090397834777832,29.93984491371667
50.018,0.01109158992767334,29.93984491371667
50.015,0.011092662811279297,29.446980754278
50.015,0.011092901229858398,29.446980754278
50.015,0.011092901229858398,29.446980754278
50.015,0.011092662811279297,29.446980754278
50.015,0.011093378067016602,29.446980754278
50.015,0.011094212532043457,29.446980754278
50.013,0.011096358299255371,29.324437259282533
50.013,0.011095523834228516,29.324437259282533
50.013,0.01109468936920166,29.324437259282533
50.013,0.01109302043914795,29.324437259282533
50.013,0.01109325885772705,29.324437259282533
50.013,0.011094450950622559,29.324437259282533
50.009,0.011096358299255371,29.03696057755438
50.009,0.011095643043518066,29.03696057755438
50.009,0.011097311973571777,29.03696057755438
50.009,0.011095166206359863,29.03696057755438
50.009,0.011097550392150879,29.03696057755438
50.009,0.011098384857177734,29.03696057755438
50.007,0.011097311973571777,28.675553906183794
50.007,0.011098504066467285,28.675553906183794
50.007,0.011098384857177734,28.675553906183794
50.007,0.011098623275756836,28.675553906183794
50.002,0.011100411415100098,28.445235000682636
50.002,0.0111008882522583,28.445235000682636
50.002,0.011101722717285156,28.445235000682636
50.002,0.01110076904296875,28.445235000682636
50.002,0.011099457740783691,28.445235000682636
50.002,0.011100530624389648,28.445235000682636
50.0,0.011101841926574707,28.213292652255607
50.0,0.011101841926574707,28.213292652255607
50.0,0.011103391647338867,28.213292652255607
50.0,0.011102557182312012,28.213292652255607
50.0,0.011101961135864258,28.213292652255607
50.0,0.011104106903076172,28.213292652255607
49.996,0.011102795600891113,27.974500502607135
49.996,0.011104226112365723,27.974500502607135
49.996,0.011105179786682129,27.974500502607135
49.996,0.011104822158813477,27.974500502607135
49.996,0.011104345321655273,27.974500502607135
49.996,0.011104822158813477,27.974500502607135
49.993,0.011107802391052246,27.726042406369935
49.993,0.011107802391052246,27.726042406369935
49.993,0.011107087135314941,27.726042406369935
49.993,0.011107325553894043,27.726042406369935
49.993,0.011105775833129883,27.726042406369935
49.993,0.01110529899597168,27.726042406369935
49.99,0.011107683181762695,27.358419591085948
49.99,0.011107683181762695,27.358419591085948
49.99,0.011108875274658203,27.358419591085948
49.99,0.011109232902526855,27.358419591085948
49.99,0.011108756065368652,27.358419591085948
49.99,0.011108875274658203,27.358419591085948
49.99,0.011110305786132812,27.20837034050426
49.99,0.01110994815826416,27.20837034050426
49.99,0.011109590530395508,27.20837034050426
49.99,0.011110544204711914,27.20837034050426
49.99,0.01111137866973877,27.20837034050426
49.99,0.011111259460449219,27.20837034050426
49.983,0.011113286018371582,26.76303150287574
49.983,0.01111304759979248,26.76303150287574
49.983,0.011113166809082031,26.76303150287574
49.983,0.011113524436950684,26.76303150287574
49.983,0.011111855506896973,26.76303150287574
49.983,0.011114120483398438,26.76303150287574
49.977,0.0111159086227417,26.425280494192087
49.977,0.011115312576293945,26.425280494192087
49.977,0.011114954948425293,26.425280494192087
49.977,0.011115312576293945,26.425280494192087
49.977,0.01111459732055664,26.425280494192087
49.977,0.011116266250610352,26.425280494192087
49.978,0.011116623878479004,26.404036542810527
49.978,0.011116743087768555,26.404036542810527
49.978,0.011117219924926758,26.404036542810527
49.978,0.011116623878479004,26.404036542810527
49.978,0.011117935180664062,26.404036542810527
49.978,0.011116504669189453,26.404036542810527
49.974,0.011118412017822266,26.298758281312722
49.974,0.011120080947875977,26.298758281312722
49.974,0.011119842529296875,26.298758281312722
49.974,0.011118292808532715,26.298758281312722
49.974,0.011119365692138672,26.298758281312722
49.974,0.011119246482849121,26.298758281312722
49.972,0.011119961738586426,25.74823060155792
49.972,0.011120438575744629,25.74823060155792
49.972,0.011120080947875977,25.74823060155792
49.972,0.011121392250061035,25.74823060155792
49.972,0.011122703552246094,25.74823060155792
49.972,0.011121273040771484,25.74823060155792
49.97,0.011123299598693848,25.605342926571815
49.97,0.011124730110168457,25.605342926571815
49.97,0.011124014854431152,25.605342926571815
49.97,0.01112210750579834,25.605342926571815
49.97,0.011122584342956543,25.605342926571815
49.97,0.011123418807983398,25.605342926571815
49.965,0.011126518249511719,25.468312188296423
49.965,0.011125802993774414,25.468312188296423
49.965,0.011125445365905762,25.468312188296423
49.965,0.011125445365905762,25.468312188296423
49.965,0.011124610900878906,25.468312188296423
49.965,0.011125922203063965,25.468312188296423
49.961,0.011126995086669922,25.00213639296495
49.961,0.011126518249511719,25.00213639296495
49.961,0.011128067970275879,25.00213639296495
49.961,0.011127948760986328,25.00213639296495
49.961,0.011127114295959473,25.00213639296495
49.961,0.01112973690032959,25.00213639296495
49.958,0.011128902435302734,24.92505288968666
49.958,0.011128425598144531,24.92505288968666
49.958,0.01112985610961914,24.92505288968666
49.958,0.011129021644592285,24.92505288968666
49.958,0.011128783226013184,24.92505288968666
49.958,0.011130452156066895,24.92505288968666
49.952,0.01113271713256836,24.53429475702205
49.952,0.011132001876831055,24.53429475702205
49.952,0.01113271713256836,24.53429475702205
49.952,0.011129260063171387,24.53429475702205
49.952,0.0111311674118042,24.53429475702205
49.952,0.011132597923278809,24.53429475702205
49.949,0.011135458946228027,24.332626296267044
49.949,0.011134624481201172,24.332626296267044
49.949,0.01113438606262207,24.332626296267044
49.949,0.011134028434753418,24.332626296267044
49.949,0.011133790016174316,24.332626296267044
49.949,0.01113283634185791,24.332626296267044
49.944,0.011136889457702637,24.15777895955714
49.944,0.011136770248413086,24.15777895955714
49.944,0.011136412620544434,24.15777895955714
49.944,0.011137008666992188,24.15777895955714
49.944,0.011134862899780273,24.15777895955714
49.944,0.01113438606262207,24.15777895955714
49.944,0.011136531829833984,24.15777895955714
49.937,0.011137247085571289,24.0778614921492
49.937,0.011138439178466797,24.0778614921492
49.937,0.011139154434204102,24.0778614921492
49.937,0.011138200759887695,24.0778614921492
49.937,0.011139154434204102,24.0778614921492
49.937,0.011139988899230957,24.0778614921492
49.932,0.011141777038574219,23.81449791250143
49.932,0.011141180992126465,23.81449791250143
49.932,0.011140823364257812,23.81449791250143
49.932,0.011139631271362305,23.81449791250143
49.932,0.011139512062072754,23.81449791250143
49.932,0.01114034652709961,23.81449791250143
49.93,0.011139988899230957,23.4283381660946
49.93,0.011142611503601074,23.4283381660946
49.93,0.011143088340759277,23.4283381660946
49.93,0.011142969131469727,23.4283381660946
49.93,0.011143207550048828,23.4283381660946
49.93,0.011143326759338379,23.4283381660946
49.926,0.011144876480102539,23.329881806688682
49.926,0.011145234107971191,23.329881806688682
49.926,0.011145472526550293,23.329881806688682
49.926,0.011144876480102539,23.329881806688682
49.926,0.011143326759338379,23.329881806688682
49.926,0.011144161224365234,23.329881806688682
49.923,0.011146903038024902,23.208425675410098
49.923,0.011148452758789062,23.208425675410098
49.923,0.011147618293762207,23.208425675410098
49.923,0.0111464262008667,23.208425675410098
49.923,0.011147022247314453,23.208425675410098
49.923,0.011145949363708496,23.208425675410098
49.923,0.011147499084472656,22.82833759921872
49.923,0.011149168014526367,22.82833759921872
49.923,0.011149048805236816,22.82833759921872
49.923,0.011149287223815918,22.82833759921872
49.923,0.011148929595947266,22.82833759921872
49.923,0.011150240898132324,22.82833759921872
49.919,0.011151432991027832,22.725332157700837
49.919,0.01115107536315918,22.725332157700837
49.919,0.011151671409606934,22.725332157700837
49.919,0.01115107536315918,22.725332157700837
49.919,0.01115107536315918,22.725332157700837
49.919,0.01115274429321289,22.725332157700837
49.917,0.011154651641845703,22.607497704251344
49.917,0.011152505874633789,22.607497704251344
49.917,0.011153459548950195,22.607497704251344
49.917,0.01115274429321289,22.607497704251344
49.917,0.011150598526000977,22.607497704251344
49.917,0.01115405559539795,22.607497704251344
49.914,0.01115715503692627,22.36368081851799
49.914,0.011155486106872559,22.36368081851799
49.914,0.011154413223266602,22.36368081851799
49.914,0.011154890060424805,22.36368081851799
49.914,0.011155366897583008,22.36368081851799
49.914,0.011155962944030762,22.36368081851799
49.907,0.011156797409057617,22.142801419596488
49.907,0.011155962944030762,22.142801419596488
49.907,0.011156916618347168,22.142801419596488
49.907,0.011156916618347168,22.142801419596488
49.907,0.01115870475769043,22.142801419596488
49.907,0.011158585548400879,22.142801419596488
49.909,0.011159658432006836,21.972489733900545
49.909,0.01116037368774414,21.972489733900545
49.909,0.011159658432006836,21.972489733900545
49.909,0.011159181594848633,21.972489733900545
49.909,0.01115870475769043,21.972489733900545
49.909,0.011158108711242676,21.972489733900545
49.902,0.011159777641296387,21.667261330868172
49.902,0.011160492897033691,21.667261330868172
49.902,0.011161088943481445,21.667261330868172
49.902,0.0111616849899292,21.667261330868172
49.902,0.011160850524902344,21.667261330868172
49.902,0.0111616849899292,21.667261330868172
49.901,0.011163473129272461,21.650628271853193
49.901,0.011164665222167969,21.650628271853193
49.901,0.011162281036376953,21.650628271853193
49.901,0.011162638664245605,21.650628271853193
49.901,0.011164069175720215,21.650628271853193
49.901,0.011164069175720215,21.650628271853193
49.9,0.011165380477905273,21.43430528646973
49.9,0.011166572570800781,21.43430528646973
49.9,0.01116633415222168,21.43430528646973
49.9,0.011164307594299316,21.43430528646973
49.9,0.011165499687194824,21.43430528646973
49.9,0.011165618896484375,21.43430528646973
49.893,0.01116645336151123,21.04501915896617
49.893,0.01116788387298584,21.04501915896617
49.893,0.011166810989379883,21.04501915896617
49.893,0.01116788387298584,21.04501915896617
49.893,0.011168479919433594,21.04501915896617
49.893,0.011168360710144043,21.04501915896617
49.889,0.011170148849487305,21.009076961111425
49.889,0.011168241500854492,21.009076961111425
49.889,0.01116955280303955,21.009076961111425
49.889,0.011169195175170898,21.009076961111425
49.889,0.011170506477355957,21.009076961111425
49.889,0.011170268058776855,21.009076961111425
49.884,0.011173129081726074,20.86334450080517
49.884,0.01117253303527832,20.86334450080517
49.884,0.011172652244567871,20.86334450080517
49.884,0.011171340942382812,20.86334450080517
49.884,0.011170268058776855,20.86334450080517
49.884,0.011171579360961914,20.86334450080517
49.883,0.01117396354675293,20.519429091011258
49.883,0.011173367500305176,20.519429091011258
49.883,0.011174440383911133,20.519429091011258
49.883,0.011173129081726074,20.519429091011258
49.883,0.011171579360961914,20.519429091011258
49.883,0.011173486709594727,20.519429091011258
49.878,0.011175274848937988,20.349809733754533
49.878,0.011174201965332031,20.349809733754533
49.878,0.011176109313964844,20.349809733754533
49.878,0.011177301406860352,20.349809733754533
49.878,0.011174917221069336,20.349809733754533
49.878,0.0111769437789917,20.349809733754533
49.873,0.011178374290466309,20.133804595336482
49.873,0.0111769437789917,20.133804595336482
49.873,0.011177539825439453,20.133804595336482
49.873,0.011177301406860352,20.133804595336482
49.873,0.0111771821975708,20.133804595336482
49.873,0.0111771821975708,20.133804595336482
49.873,0.011177539825439453,20.10170074048054
49.873,0.011178374290466309,20.10170074048054
49.873,0.011179447174072266,20.10170074048054
49.873,0.011179804801940918,20.10170074048054
49.873,0.011178970336914062,20.10170074048054
49.873,0.011179327964782715,20.10170074048054
49.867,0.01118159294128418,20.012696967608818
49.867,0.011182188987731934,20.012696967608818
49.867,0.011182308197021484,20.012696967608818
49.867,0.011180520057678223,20.012696967608818
49.867,0.01118159294128418,20.012696967608818
49.867,0.011181831359863281,20.012696967608818
49.867,0.011185050010681152,19.812650834596454
49.867,0.011183977127075195,19.812650834596454
49.867,0.011183023452758789,19.812650834596454
49.867,0.011183500289916992,19.812650834596454
49.867,0.011182308197021484,19.812650834596454
49.867,0.011183381080627441,19.812650834596454
49.867,0.011181831359863281,19.812650834596454
49.862,0.011186957359313965,19.452725997812895
49.862,0.011186480522155762,19.452725997812895
49.862,0.011188745498657227,19.452725997812895
49.862,0.011184930801391602,19.452725997812895
49.862,0.011183977127075195,19.452725997812895
49.862,0.011185407638549805,19.452725997812895
49.854,0.011186003684997559,19.343365864218057
49.854,0.011186361312866211,19.343365864218057
49.854,0.01118624210357666,19.343365864218057
49.854,0.01118624210357666,19.343365864218057
49.854,0.011187911033630371,19.343365864218057
49.854,0.011188149452209473,19.343365864218057
49.85,0.011190414428710938,19.32696735165354
49.85,0.01119077205657959,19.32696735165354
49.85,0.011188268661499023,19.32696735165354
49.85,0.011188387870788574,19.32696735165354
49.85,0.011188864707946777,19.32696735165354
49.85,0.011189579963684082,19.32696735165354
49.849,0.011192083358764648,19.090488355399756
49.849,0.011191487312316895,19.090488355399756
49.849,0.011191368103027344,19.090488355399756
49.849,0.01119232177734375,19.090488355399756
49.849,0.011193156242370605,19.090488355399756
49.849,0.011191964149475098,19.090488355399756
49.846,0.011194825172424316,18.9355085474061
49.846,0.011191368103027344,18.9355085474061
49.846,0.0111922025680542,18.9355085474061
49.846,0.011192679405212402,18.9355085474061
49.846,0.011193633079528809,18.9355085474061
49.846,0.011192560195922852,18.9355085474061
49.848,0.011195182800292969,18.601218347249176
49.848,0.011194586753845215,18.601218347249176
49.848,0.011195540428161621,18.601218347249176
49.848,0.011194109916687012,18.601218347249176
49.848,0.01119375228881836,18.601218347249176
49.848,0.011194825172424316,18.601218347249176
49.844,0.011196494102478027,18.48256437822091
49.844,0.011197686195373535,18.48256437822091
49.844,0.011197209358215332,18.48256437822091
49.844,0.011198759078979492,18.48256437822091
49.841,0.01119852066040039,18.31024008366839
49.841,0.011198759078979492,18.31024008366839
49.841,0.011197686195373535,18.31024008366839
49.841,0.01119852066040039,18.31024008366839
49.841,0.011199116706848145,18.31024008366839
49.841,0.011198163032531738,18.31024008366839
49.837,0.01120007038116455,18.43729339299867
49.837,0.01120138168334961,18.43729339299867
49.837,0.011201858520507812,18.43729339299867
49.837,0.01119983196258545,18.43729339299867
49.837,0.011199474334716797,18.43729339299867
49.837,0.011199474334716797,18.43729339299867
49.834,0.011200904846191406,17.979318749520992
49.834,0.011202096939086914,17.979318749520992
49.834,0.011202573776245117,17.979318749520992
49.834,0.011202812194824219,17.979318749520992
49.834,0.011201858520507812,17.979318749520992
49.834,0.011204004287719727,17.979318749520992
49.831,0.01120305061340332,17.890246263980956
49.831,0.011204719543457031,17.890246263980956
49.831,0.011204242706298828,17.890246263980956
49.831,0.011204004287719727,17.890246263980956
49.831,0.011205315589904785,17.890246263980956
49.831,0.011205554008483887,17.890246263980956
49.831,0.01120448112487793,17.817051859201655
49.831,0.0112074613571167,17.817051859201655
49.831,0.011206388473510742,17.817051859201655
49.831,0.011206269264221191,17.817051859201655
49.831,0.011204719543457031,17.817051859201655
49.831,0.011204719543457031,17.817051859201655
49.827,0.011209726333618164,17.60265975131918
49.827,0.011208176612854004,17.60265975131918
49.827,0.011208534240722656,17.60265975131918
49.827,0.011206388473510742,17.60265975131918
49.827,0.0112074613571167,17.60265975131918
49.827,0.011207342147827148,17.60265975131918
49.821,0.011208772659301758,17.435737843916936
49.821,0.011209487915039062,17.435737843916936
49.821,0.011208653450012207,17.435737843916936
49.821,0.011210083961486816,17.435737843916936
49.821,0.011209607124328613,17.435737843916936
49.821,0.011209726333618164,17.435737843916936
49.817,0.011210799217224121,17.270925701616008
49.817,0.011209368705749512,17.270925701616008
49.817,0.011210918426513672,17.270925701616008
49.817,0.011210441589355469,17.270925701616008
49.817,0.011211991310119629,17.270925701616008
49.817,0.011211872100830078,17.270925701616008
49.813,0.011214971542358398,17.07236632420676
49.813,0.01121222972869873,17.07236632420676
49.813,0.01121377944946289,17.07236632420676
49.813,0.011212587356567383,17.07236632420676
49.813,0.01121377944946289,17.07236632420676
49.813,0.011212468147277832,17.07236632420676
49.815,0.011215448379516602,17.09071569643226
49.815,0.011214971542358398,17.09071569643226
49.815,0.011214852333068848,17.09071569643226
49.815,0.011213302612304688,17.09071569643226
49.815,0.011212825775146484,17.09071569643226
49.815,0.011215448379516602,17.09071569643226
49.814,0.011216521263122559,16.899884846602223
49.814,0.011214852333068848,16.899884846602223
49.814,0.011216044425964355,16.899884846602223
49.814,0.01121675968170166,16.899884846602223
49.814,0.01121830940246582,16.899884846602223
49.814,0.01121664047241211,16.899884846602223
49.813,0.011219143867492676,16.76916776731824
49.813,0.011217355728149414,16.76916776731824
49.813,0.011218547821044922,16.76916776731824
49.813,0.011217951774597168,16.76916776731824
49.813,0.011217713356018066,16.76916776731824
49.813,0.011218428611755371,16.76916776731824
49.807,0.011219143867492676,16.52827074455603
49.807,0.011218786239624023,16.52827074455603
49.807,0.011221051216125488,16.52827074455603
49.807,0.011219501495361328,16.52827074455603
49.807,0.011218667030334473,16.52827074455603
49.807,0.011220335960388184,16.52827074455603
49.8,0.011220812797546387,16.35448058842101
49.8,0.011220693588256836,16.35448058842101
49.8,0.011221766471862793,16.35448058842101
49.8,0.011221528053283691,16.35448058842101
49.8,0.011222362518310547,16.35448058842101
49.8,0.011220932006835938,16.35448058842101
49.797,0.011223196983337402,16.374272292895736
49.797,0.011223435401916504,16.374272292895736
49.797,0.011223673820495605,16.374272292895736
49.797,0.0112229585647583,16.374272292895736
49.797,0.011222362518310547,16.374272292895736
49.797,0.0112229585647583,16.374272292895736
49.789,0.01122426986694336,16.27626168907379
49.789,0.011224508285522461,16.27626168907379
49.789,0.011225104331970215,16.27626168907379
49.789,0.011224865913391113,16.27626168907379
49.789,0.011225104331970215,16.27626168907379
49.789,0.011226415634155273,16.27626168907379
49.787,0.011227250099182129,16.046672041407028
49.787,0.011226415634155273,16.046672041407028
49.787,0.011226892471313477,16.046672041407028
49.787,0.011226415634155273,16.046672041407028
49.787,0.011227011680603027,16.046672041407028
49.787,0.01122581958770752,16.046672041407028
49.787,0.011227130889892578,16.046672041407028
49.785,0.011230826377868652,15.806839014565497
49.785,0.011228322982788086,15.806839014565497
49.785,0.011228442192077637,15.806839014565497
49.785,0.011227130889892578,15.806839014565497
49.78,0.011228442192077637,15.644356227196116
49.78,0.011229634284973145,15.644356227196116
49.78,0.011228799819946289,15.644356227196116
49.78,0.01122903823852539,15.644356227196116
49.78,0.011229753494262695,15.644356227196116
49.78,0.011229753494262695,15.644356227196116
49.778,0.011230707168579102,15.539141524417328
49.778,0.011232137680053711,15.539141524417328
49.778,0.01123046875,15.539141524417328
49.778,0.011230945587158203,15.539141524417328
49.778,0.011231184005737305,15.539141524417328
49.778,0.011231541633605957,15.539141524417328
49.776,0.01123356819152832,15.46188913674617
49.776,0.011232614517211914,15.46188913674617
49.776,0.011232733726501465,15.46188913674617
49.776,0.01123356819152832,15.46188913674617
49.776,0.011233329772949219,15.46188913674617
49.776,0.011232733726501465,15.46188913674617
49.776,0.011233210563659668,15.13027650825363
49.776,0.011234164237976074,15.13027650825363
49.776,0.011234521865844727,15.13027650825363
49.776,0.011234045028686523,15.13027650825363
49.776,0.011235475540161133,15.13027650825363
49.776,0.011235833168029785,15.13027650825363
49.775,0.011236190795898438,15.365604507088582
49.775,0.011235475540161133,15.365604507088582
49.775,0.01123666763305664,15.365604507088582
49.775,0.011234521865844727,15.365604507088582
49.774,0.011235833168029785,15.039658243084393
49.774,0.011236906051635742,15.039658243084393
49.774,0.011238336563110352,15.039658243084393
49.774,0.011237740516662598,15.039658243084393
49.774,0.011236906051635742,15.039658243084393
49.774,0.011238813400268555,15.039658243084393
49.773,0.01123952865600586,14.956368858343746
49.773,0.011239886283874512,14.956368858343746
49.773,0.011239171028137207,14.956368858343746
49.773,0.01123809814453125,14.956368858343746
49.773,0.011238813400268555,14.956368858343746
49.773,0.011239409446716309,14.956368858343746
49.77,0.011241316795349121,14.81587197870707
49.77,0.011240482330322266,14.81587197870707
49.77,0.011240482330322266,14.81587197870707
49.77,0.011240363121032715,14.81587197870707
49.77,0.011241316795349121,14.81587197870707
49.77,0.011240839958190918,14.81587197870707
49.767,0.01124262809753418,14.69180208686858
49.767,0.011242985725402832,14.69180208686858
49.767,0.011242270469665527,14.69180208686858
49.767,0.011240243911743164,14.69180208686858
49.767,0.011241674423217773,14.69180208686858
49.767,0.011242032051086426,14.69180208686858
49.761,0.011245131492614746,14.477537553876797
49.761,0.01124417781829834,14.477537553876797
49.761,0.011245131492614746,14.477537553876797
49.761,0.011243581771850586,14.477537553876797
49.761,0.011243820190429688,14.477537553876797
49.761,0.01124274730682373,14.477537553876797
49.759,0.011244773864746094,14.423839798199944
49.759,0.011243700981140137,14.423839798199944
49.759,0.011245489120483398,14.423839798199944
49.759,0.011244535446166992,14.423839798199944
49.759,0.011246800422668457,14.423839798199944
49.759,0.0112457275390625,14.423839798199944
49.752,0.011247754096984863,14.187983243467476
49.752,0.011245489120483398,14.187983243467476
49.752,0.011246562004089355,14.187983243467476
49.752,0.011246800422668457,14.187983243467476
49.752,0.011247515678405762,14.187983243467476
49.752,0.011247038841247559,14.187983243467476
49.75,0.011248588562011719,14.297857611845805
49.75,0.011249065399169922,14.297857611845805
49.75,0.011247038841247559,14.297857611845805
49.75,0.011246919631958008,14.297857611845805
49.75,0.011247634887695312,14.297857611845805
49.75,0.011248111724853516,14.297857611845805
49.747,0.011249065399169922,13.999892989682753
49.747,0.011249899864196777,13.999892989682753
49.747,0.01124882698059082,13.999892989682753
49.747,0.011249303817749023,13.999892989682753
49.747,0.011249661445617676,13.999892989682753
49.747,0.011250734329223633,13.999892989682753
49.748,0.01125025749206543,13.983282003585213
49.748,0.011250853538513184,13.983282003585213
49.748,0.011249303817749023,13.983282003585213
49.748,0.011249780654907227,13.983282003585213
49.748,0.011250972747802734,13.983282003585213
49.748,0.011252760887145996,13.983282003585213
49.746,0.011253833770751953,13.865985504509103
49.746,0.011252641677856445,13.865985504509103
49.746,0.0112534761428833,13.865985504509103
49.746,0.011251688003540039,13.865985504509103
49.746,0.011252403259277344,13.865985504509103
49.746,0.011251211166381836,13.865985504509103
49.742,0.011254072189331055,13.65185668708273
49.742,0.011253952980041504,13.65185668708273
49.742,0.011253952980041504,13.65185668708273
49.742,0.011254072189331055,13.65185668708273
49.742,0.01125335693359375,13.65185668708273
49.742,0.011252760887145996,13.65185668708273
49.739,0.011255145072937012,13.462939511347365
49.739,0.011254191398620605,13.462939511347365
49.739,0.011254310607910156,13.462939511347365
49.739,0.011256217956542969,13.462939511347365
49.739,0.011254429817199707,13.462939511347365
49.739,0.011256575584411621,13.462939511347365
49.735,0.011255502700805664,13.57439219844241
49.735,0.011255741119384766,13.57439219844241
49.735,0.011256217956542969,13.57439219844241
49.735,0.01125633716583252,13.57439219844241
49.735,0.011255979537963867,13.57439219844241
49.735,0.011255860328674316,13.57439219844241
49.736,0.011258244514465332,13.178530361308981
49.736,0.011256575584411621,13.178530361308981
49.736,0.011258125305175781,13.178530361308981
49.736,0.011258244514465332,13.178530361308981
49.736,0.011258721351623535,13.178530361308981
49.736,0.011258125305175781,13.178530361308981
49.73,0.011258363723754883,13.24861908301971
49.73,0.011258482933044434,13.24861908301971
49.73,0.011259198188781738,13.24861908301971
49.73,0.011259913444519043,13.24861908301971
49.73,0.011259794235229492,13.24861908301971
49.73,0.011259078979492188,13.24861908301971
49.729,0.011260986328125,12.963465250641779
49.729,0.011261463165283203,12.963465250641779
49.729,0.011261463165283203,12.963465250641779
49.729,0.011260390281677246,12.963465250641779
49.729,0.011260747909545898,12.963465250641779
49.729,0.011260986328125,12.963465250641779
49.729,0.011260151863098145,12.963465250641779
49.727,0.011261224746704102,12.932768483360071
49.727,0.011262774467468262,12.932768483360071
49.727,0.011263012886047363,12.932768483360071
49.727,0.01126253604888916,12.932768483360071
49.727,0.011262178421020508,12.932768483360071
49.727,0.011263132095336914,12.932768483360071
49.72,0.011263847351074219,12.756375495225692
49.72,0.01126408576965332,12.756375495225692
49.72,0.011263132095336914,12.756375495225692
49.72,0.011263847351074219,12.756375495225692
49.72,0.011263728141784668,12.756375495225692
49.72,0.011263489723205566,12.756375495225692
49.719,0.011265277862548828,12.65172080377253
49.719,0.011266708374023438,12.65172080377253
49.719,0.011263251304626465,12.65172080377253
49.719,0.011264324188232422,12.65172080377253
49.719,0.011265397071838379,12.65172080377253
49.719,0.011264562606811523,12.65172080377253
49.717,0.01126563549041748,12.50072747312538
49.717,0.011265158653259277,12.50072747312538
49.717,0.011265158653259277,12.50072747312538
49.717,0.011266112327575684,12.50072747312538
49.717,0.011267423629760742,12.50072747312538
49.717,0.011266112327575684,12.50072747312538
49.714,0.011267662048339844,12.388744820174077
49.714,0.011268019676208496,12.388744820174077
49.714,0.011266946792602539,12.388744820174077
49.714,0.011267304420471191,12.388744820174077
49.714,0.011267662048339844,12.388744820174077
49.714,0.011268377304077148,12.388744820174077
49.713,0.0112684965133667,12.402184487073182
49.713,0.011269807815551758,12.402184487073182
49.713,0.011268258094787598,12.402184487073182
49.713,0.011267781257629395,12.402184487073182
49.713,0.011267304420471191,12.402184487073182
49.713,0.011269807815551758,12.402184487073182
49.709,0.01127016544342041,12.024097755401991
49.709,0.011269807815551758,12.024097755401991
49.709,0.011267781257629395,12.024097755401991
49.709,0.011268854141235352,12.024097755401991
49.709,0.01127016544342041,12.024097755401991
49.709,0.011270761489868164,12.024097755401991
49.71,0.01127159595489502,12.210157973014601
49.71,0.011270642280578613,12.210157973014601
49.71,0.011271953582763672,12.210157973014601
49.71,0.011272072792053223,12.210157973014601
49.71,0.011272192001342773,12.210157973014601
49.71,0.011272072792053223,12.210157973014601
49.708,0.01127481460571289,12.046519345957275
49.708,0.011273384094238281,12.046519345957275
49.708,0.011272549629211426,12.046519345957275
49.708,0.011272192001342773,12.046519345957275
49.708,0.011270880699157715,12.046519345957275
49.708,0.011272549629211426,12.046519345957275
49.705,0.011270880699157715,11.76468807074093
49.705,0.011272072792053223,11.76468807074093
49.705,0.011274456977844238,11.76468807074093
49.705,0.011274099349975586,11.76468807074093
49.705,0.011274218559265137,11.76468807074093
49.705,0.01127314567565918,11.76468807074093
49.702,0.011275768280029297,11.480089537047618
49.702,0.011274456977844238,11.480089537047618
49.702,0.011275410652160645,11.480089537047618
49.702,0.01127636432647705,11.480089537047618
49.702,0.011274576187133789,11.480089537047618
49.702,0.011276841163635254,11.480089537047618
49.699,0.011276841163635254,11.784168210539299
49.699,0.011276721954345703,11.784168210539299
49.699,0.011275410652160645,11.784168210539299
49.699,0.011275649070739746,11.784168210539299
49.699,0.011275410652160645,11.784168210539299
49.699,0.011275291442871094,11.784168210539299
49.696,0.011278152465820312,11.524998559163631
49.696,0.011277556419372559,11.524998559163631
49.696,0.011276602745056152,11.524998559163631
49.696,0.011278152465820312,11.524998559163631
49.696,0.011275529861450195,11.524998559163631
49.696,0.011278271675109863,11.524998559163631
49.695,0.011278986930847168,11.358952773838952
49.695,0.011278271675109863,11.358952773838952
49.695,0.011277914047241211,11.358952773838952
49.695,0.01127767562866211,11.358952773838952
49.695,0.01127767562866211,11.358952773838952
49.695,0.01127767562866211,11.358952773838952
49.693,0.011278629302978516,11.180999768669484
49.693,0.011280298233032227,11.180999768669484
49.693,0.011279940605163574,11.180999768669484
49.693,0.011279463768005371,11.180999768669484
49.693,0.01127934455871582,11.180999768669484
49.693,0.011280655860900879,11.180999768669484
49.687,0.011280417442321777,11.052044372435894
49.687,0.011280059814453125,11.052044372435894
49.687,0.011281013488769531,11.052044372435894
49.687,0.01127922534942627,11.052044372435894
49.687,0.011281132698059082,11.052044372435894
49.687,0.01128089427947998,11.052044372435894
49.686,0.011281609535217285,10.853453585374755
49.686,0.01128077507019043,10.853453585374755
49.686,0.011281728744506836,10.853453585374755
49.686,0.011281490325927734,10.853453585374755
49.686,0.011282205581665039,10.853453585374755
49.686,0.01128089427947998,10.853453585374755
49.684,0.01128232479095459,11.133485424530601
49.684,0.011282563209533691,11.133485424530601
49.684,0.0112839937210083,11.133485424530601
49.684,0.01128244400024414,11.133485424530601
49.684,0.0112837553024292,11.133485424530601
49.684,0.011282682418823242,11.133485424530601
49.682,0.01128387451171875,10.833019919204922
49.682,0.011283636093139648,10.833019919204922
49.682,0.011284708976745605,10.833019919204922
49.682,0.011282801628112793,10.833019919204922
49.682,0.011282682418823242,10.833019919204922
49.682,0.0112839937210083,10.833019919204922
49.68,0.011284947395324707,10.7715590086798
49.68,0.011285662651062012,10.7715590086798
49.68,0.011284708976745605,10.7715590086798
49.68,0.011286258697509766,10.7715590086798
49.68,0.01128697395324707,10.7715590086798
49.68,0.011286616325378418,10.7715590086798
49.675,0.01128685474395752,10.558949674455716
49.675,0.011287212371826172,10.558949674455716
49.675,0.011286497116088867,10.558949674455716
49.675,0.011285781860351562,10.558949674455716
49.675,0.011284828186035156,10.558949674455716
49.675,0.011285901069641113,10.558949674455716
49.675,0.011287331581115723,10.5294519449806
49.675,0.011287331581115723,10.5294519449806
49.675,0.011287450790405273,10.5294519449806
49.675,0.011288762092590332,10.5294519449806
49.675,0.01128697395324707,10.5294519449806
49.675,0.011287927627563477,10.5294519449806
49.672,0.011288881301879883,10.525697102809694
49.672,0.011288285255432129,10.525697102809694
49.672,0.01128995418548584,10.525697102809694
49.672,0.011287569999694824,10.525697102809694
49.672,0.011289238929748535,10.525697102809694
49.672,0.011288046836853027,10.525697102809694
49.668,0.01128995418548584,10.287422009956494
49.668,0.011289358139038086,10.287422009956494
49.668,0.01128995418548584,10.287422009956494
49.668,0.011290550231933594,10.287422009956494
49.668,0.011289477348327637,10.287422009956494
49.668,0.011288762092590332,10.287422009956494
49.668,0.01128995418548584,10.287422009956494
49.666,0.011291146278381348,10.218462318383729
49.666,0.01128995418548584,10.218462318383729
49.666,0.011289834976196289,10.218462318383729
49.666,0.011291980743408203,10.218462318383729
49.666,0.01129162311553955,10.218462318383729
49.666,0.011290907859802246,10.218462318383729
49.666,0.01129305362701416,9.989923178523185
49.666,0.01129138469696045,9.989923178523185
49.666,0.011292219161987305,9.989923178523185
49.666,0.011291265487670898,9.989923178523185
49.666,0.011292338371276855,9.989923178523185
49.666,0.01129150390625,9.989923178523185
49.666,0.011293888092041016,10.056230254318917
49.666,0.011293888092041016,10.056230254318917
49.666,0.011293411254882812,10.056230254318917
49.666,0.011294007301330566,10.056230254318917
49.666,0.011292576789855957,10.056230254318917
49.666,0.011293172836303711,10.056230254318917
49.667,0.011293411254882812,9.861546745370141
49.667,0.011295795440673828,9.861546745370141
49.667,0.011295676231384277,9.861546745370141
49.667,0.011293530464172363,9.861546745370141
49.667,0.01129305362701416,9.861546745370141
49.667,0.011293172836303711,9.861546745370141
49.664,0.01129603385925293,9.75887559342912
49.664,0.011294245719909668,9.75887559342912
49.664,0.011296629905700684,9.75887559342912
49.664,0.011294364929199219,9.75887559342912
49.664,0.01129603385925293,9.75887559342912
49.664,0.011296272277832031,9.75887559342912
49.663,0.011295795440673828,9.756246997494525
49.663,0.011297106742858887,9.756246997494525
49.663,0.011296987533569336,9.756246997494525
49.663,0.011297225952148438,9.756246997494525
49.663,0.011293888092041016,9.756246997494525
49.663,0.011295676231384277,9.756246997494525
49.659,0.011296629905700684,9.68395221531865
49.659,0.011296629905700684,9.68395221531865
49.659,0.011297464370727539,9.68395221531865
49.659,0.011296629905700684,9.68395221531865
49.659,0.011297464370727539,9.68395221531865
49.659,0.011296749114990234,9.68395221531865
49.655,0.011299610137939453,9.580993966348146
49.655,0.011298298835754395,9.580993966348146
49.655,0.011297941207885742,9.580993966348146
49.655,0.01129758358001709,9.580993966348146
49.655,0.01129770278930664,9.580993966348146
49.655,0.011298298835754395,9.580993966348146
49.652,0.011300325393676758,9.216978978631508
49.652,0.011301040649414062,9.216978978631508
49.652,0.0112990140914917,9.216978978631508
49.652,0.011298775672912598,9.216978978631508
49.65,0.01129913330078125,9.551468055974036
49.65,0.011300802230834961,9.551468055974036
49.65,0.011299490928649902,9.551468055974036
49.65,0.011301159858703613,9.551468055974036
49.65,0.011299729347229004,9.551468055974036
49.65,0.011299967765808105,9.551468055974036
49.647,0.011301279067993164,9.23648560090854
49.647,0.011300921440124512,9.23648560090854
49.647,0.011301636695861816,9.23648560090854
49.647,0.011300921440124512,9.23648560090854
49.647,0.01130211353302002,9.23648560090854
49.643,0.01130056381225586,9.243331044816621
49.643,0.011301636695861816,9.243331044816621
49.643,0.011302590370178223,9.243331044816621
49.643,0.011301398277282715,9.243331044816621
49.643,0.011302709579467773,9.243331044816621
49.643,0.011301636695861816,9.243331044816621
49.639,0.011303186416625977,8.940713554827678
49.639,0.011304020881652832,8.940713554827678
49.639,0.01130366325378418,8.940713554827678
49.639,0.011302947998046875,8.940713554827678
49.639,0.01130223274230957,8.940713554827678
49.639,0.01130378246307373,8.940713554827678
49.638,0.011302828788757324,9.186731722020248
49.638,0.011303305625915527,9.186731722020248
49.638,0.011304020881652832,9.186731722020248
49.638,0.011304616928100586,9.186731722020248
49.638,0.01130366325378418,9.186731722020248
49.632,0.011304736137390137,8.682086799982995
49.632,0.01130533218383789,8.682086799982995
49.632,0.011305570602416992,8.682086799982995
49.632,0.011305928230285645,8.682086799982995
49.632,0.01130366325378418,8.682086799982995
49.632,0.011305093765258789,8.682086799982995
49.632,0.011305928230285645,8.649270420315105
49.632,0.011307120323181152,8.649270420315105
49.632,0.0113067626953125,8.649270420315105
49.632,0.011304974555969238,8.649270420315105
49.632,0.011305570602416992,8.649270420315105
49.632,0.011305093765258789,8.649270420315105
49.63,0.011305093765258789,8.544732837566668
49.63,0.011307358741760254,8.544732837566668
49.63,0.011307358741760254,8.544732837566668
49.63,0.011306166648864746,8.544732837566668
49.63,0.011307001113891602,8.544732837566668
49.631,0.011307239532470703,8.61327144669064
49.631,0.011307001113891602,8.61327144669064
49.631,0.011307954788208008,8.61327144669064
49.631,0.011309146881103516,8.61327144669064
49.631,0.011307597160339355,8.61327144669064
49.631,0.011308073997497559,8.61327144669064
49.63,0.011309266090393066,8.527471094928137
49.63,0.01130974292755127,8.527471094928137
49.63,0.01130974292755127,8.527471094928137
49.63,0.011309027671813965,8.527471094928137
49.63,0.011307597160339355,8.527471094928137
49.63,0.01130974292755127,8.527471094928137
49.628,0.011308670043945312,8.322595038496132
49.628,0.011309266090393066,8.322595038496132
49.628,0.011309385299682617,8.322595038496132
49.628,0.011309504508972168,8.322595038496132
49.625,0.01131129264831543,8.362364166225216
49.625,0.011309981346130371,8.362364166225216
49.625,0.011310935020446777,8.362364166225216
49.625,0.011310219764709473,8.362364166225216
49.625,0.011311888694763184,8.165211065864227
49.625,0.011312127113342285,8.165211065864227
49.625,0.01131141185760498,8.165211065864227
49.625,0.011311173439025879,8.165211065864227
49.625,0.011310577392578125,8.165211065864227
49.625,0.011310696601867676,8.165211065864227
49.624,0.011311769485473633,8.00087018944192
49.624,0.011313319206237793,8.00087018944192
49.624,0.011312007904052734,8.00087018944192
49.624,0.011313438415527344,8.00087018944192
49.624,0.011312365531921387,8.00087018944192
49.624,0.011312007904052734,8.00087018944192
49.624,0.011312127113342285,8.00087018944192
49.621,0.011312603950500488,8.049655498463949
49.621,0.011313557624816895,8.049655498463949
49.621,0.011313438415527344,8.049655498463949
49.621,0.01131284236907959,8.049655498463949
49.621,0.011313676834106445,8.049655498463949
49.621,0.011314630508422852,8.049655498463949
49.618,0.011315226554870605,7.981357120897805
49.618,0.01131296157836914,7.981357120897805
49.618,0.011314153671264648,7.981357120897805
49.618,0.011314749717712402,7.981357120897805
49.618,0.011314868927001953,7.981357120897805
49.614,0.011313915252685547,7.87749062121454
49.614,0.011316061019897461,7.87749062121454
49.614,0.011315226554870605,7.87749062121454
49.614,0.011315703392028809,7.87749062121454
49.614,0.011315703392028809,7.87749062121454
49.609,0.011316180229187012,7.708195800852492
49.609,0.011315703392028809,7.708195800852492
49.609,0.011316657066345215,7.708195800852492
49.609,0.011317253112792969,7.708195800852492
49.609,0.011315226554870605,7.708195800852492
49.606,0.011318564414978027,7.792127672868398
49.606,0.011316180229187012,7.792127672868398
49.606,0.011316537857055664,7.792127672868398
49.606,0.01131737232208252,7.792127672868398
49.604,0.011318683624267578,7.513665387555961
49.604,0.011317133903503418,7.513665387555961
49.604,0.011316061019897461,7.513665387555961
49.604,0.01131737232208252,7.513665387555961
49.6,0.011318206787109375,7.473375054116868
49.6,0.011318683624267578,7.473375054116868
49.6,0.011318445205688477,7.473375054116868
49.6,0.011318683624267578,7.473375054116868
49.6,0.011317968368530273,7.473375054116868
49.596,0.011319518089294434,7.479485882733555
49.596,0.01131892204284668,7.479485882733555
49.596,0.011318087577819824,7.479485882733555
49.596,0.01132047176361084,7.479485882733555
49.595,0.011319875717163086,7.318442063489864
49.595,0.011320114135742188,7.318442063489864
49.595,0.011319994926452637,7.318442063489864
49.595,0.011319160461425781,7.318442063489864
49.595,0.011320829391479492,7.318442063489864
49.594,0.011321425437927246,7.457695915293768
49.594,0.01132059097290039,7.457695915293768
49.594,0.011321544647216797,7.457695915293768
49.594,0.011320948600769043,7.457695915293768
49.594,0.011321425437927246,7.457695915293768
49.594,0.011321306228637695,7.070365150438255
49.594,0.01132214069366455,7.070365150438255
49.594,0.01132214069366455,7.070365150438255
49.594,0.011321306228637695,7.070365150438255
49.594,0.011321187019348145,7.070365150438255
49.59,0.011322021484375,6.9934272408432445
49.59,0.011322379112243652,6.9934272408432445
49.59,0.011323332786560059,6.9934272408432445
49.59,0.01132345199584961,6.9934272408432445
49.59,0.011322855949401855,6.9934272408432445
49.59,0.011323332786560059,6.969393939175115
49.59,0.011322855949401855,6.969393939175115
49.59,0.011323213577270508,6.969393939175115
49.585,0.011323809623718262,7.092329783063615
49.585,0.011325359344482422,7.092329783063615
49.585,0.01132500171661377,7.092329783063615
49.585,0.011324882507324219,7.092329783063615
49.585,0.011324048042297363,7.092329783063615
49.585,0.01132214069366455,7.092329783063615
49.586,0.011325836181640625,6.994215771356734
49.586,0.011325478553771973,6.994215771356734
49.586,0.011326074600219727,6.994215771356734
49.586,0.01132357120513916,6.994215771356734
49.586,0.011325478553771973,6.697513159905901
49.586,0.011325716972351074,6.697513159905901
49.586,0.011326193809509277,6.697513159905901
49.586,0.011325359344482422,6.697513159905901
49.583,0.01132667064666748,6.669895885689724
49.583,0.011326909065246582,6.669895885689724
49.583,0.011324882507324219,6.669895885689724
49.583,0.01132667064666748,6.669895885689724
49.582,0.011326432228088379,6.697706845179468
49.582,0.011327624320983887,6.697706845179468
49.582,0.011326909065246582,6.697706845179468
49.582,0.011326432228088379,6.697706845179468
49.582,0.011327743530273438,6.697706845179468
49.582,0.011327385902404785,6.697706845179468
49.581,0.011326789855957031,6.69565910358938
49.581,0.011328697204589844,6.69565910358938
49.581,0.01132822036743164,6.414502558798014
49.578,0.0113295316696167,6.490262850650433
49.578,0.011330485343933105,6.490262850650433
49.578,0.011328935623168945,6.490262850650433
49.574,0.0113297700881958,6.272586655080341
49.574,0.011330366134643555,6.272586655080341
49.574,0.011329412460327148,6.272586655080341
49.574,0.011331796646118164,6.272586655080341
49.574,0.011330127716064453,6.272586655080341
49.574,0.011330962181091309,6.272586655080341
49.57,0.011330246925354004,6.301898496707048
49.568,0.011331677436828613,6.089014237791332
49.568,0.011330604553222656,6.089014237791332
49.568,0.01133120059967041,6.089014237791332
49.568,0.01133108139038086,6.089014237791332
49.568,0.011332988739013672,6.089014237791332
49.566,0.01133275032043457,6.033080458637569
49.558,0.011333703994750977,5.945957926778816
49.558,0.011333465576171875,5.945957926778816
49.555,0.01133716106414795,5.738745486075321
49.555,0.011336565017700195,5.738745486075321
49.555,0.011334776878356934,5.738745486075321
49.552,0.011336088180541992,5.660827454468788
49.539,0.011341214179992676,5.228257231090102
49.538,0.01134192943572998,4.987460064921766
49.537,0.011340498924255371,5.079048489609433
49.538,0.01134181022644043,4.829979947012106
49.531,0.011343598365783691,4.535862236943677
49.529,0.011347293853759766,4.660981958063529
49.527,0.011347532272338867,4.547343179882552
49.527,0.011345505714416504,4.43586939919033
49.527,0.011346936225891113,4.43586939919033
49.525,0.011347413063049316,4.3357619360142285
49.517,0.011346936225891113,4.369664767473871
49.517,0.011348247528076172,4.369664767473871
49.517,0.011347651481628418,4.369664767473871
49.515,0.011348247528076172,4.096430226174785
49.515,0.011348962783813477,4.096430226174785
49.515,0.011348485946655273,4.096430226174785
49.515,0.011350393295288086,4.096430226174785
49.513,0.011350274085998535,4.0342137970808825
49.511,0.011349678039550781,3.930408316656422
49.511,0.011350035667419434,3.930408316656422
49.509,0.01134943962097168,3.857714969125879
49.508,0.011350750923156738,4.0128107651877265
49.508,0.011351585388183594,4.0128107651877265
49.505,0.011350870132446289,3.7950762035948906
49.505,0.011352896690368652,3.7950762035948906
49.505,0.01135241985321045,3.7950762035948906
49.505,0.011352181434631348,3.7950762035948906
49.507,0.011351227760314941,3.7226994930981823
49.507,0.011350870132446289,3.7226994930981823
49.507,0.01135265827178955,3.7226994930981823
49.506,0.011353015899658203,3.7039074229832254
49.504,0.011354207992553711,3.4468151685210513
49.504,0.011353731155395508,3.4468151685210513
49.504,0.011352777481079102,3.4468151685210513
49.504,0.01135408878326416,3.4468151685210513
49.5,0.01135396957397461,3.604707464229308
49.5,0.011353611946105957,3.604707464229308
49.5,0.01135396957397461,3.604707464229308
49.497,0.011355042457580566,3.3571963927514874
49.497,0.011353135108947754,3.3571963927514874
49.497,0.011354327201843262,3.3571963927514874
49.497,0.011355280876159668,3.3571963927514874
49.496,0.011354565620422363,3.3868942090539793
49.496,0.011355876922607422,3.3868942090539793
49.496,0.011355280876159668,3.3868942090539793
49.496,0.011354207992553711,3.3868942090539793
49.496,0.011356115341186523,3.3353278992241524
49.496,0.011356353759765625,3.3353278992241524
49.496,0.011355042457580566,3.3353278992241524
49.497,0.011355161666870117,3.3518073217735136
49.497,0.011356234550476074,3.3518073217735136
49.497,0.01135563850402832,3.3518073217735136
49.497,0.011356592178344727,3.3518073217735136
49.495,0.01135718822479248,3.2827428785344033
49.495,0.01135718822479248,3.2827428785344033
49.495,0.011356711387634277,3.2827428785344033
49.495,0.011356949806213379,3.2827428785344033
49.495,0.011356472969055176,3.2827428785344033
49.495,0.011356115341186523,3.2827428785344033
49.489,0.011358499526977539,3.237629161463154
49.489,0.011356830596923828,3.237629161463154
49.489,0.011356949806213379,3.237629161463154
49.489,0.011357903480529785,3.237629161463154
49.489,0.011356949806213379,3.237629161463154
49.489,0.011358022689819336,3.237629161463154
49.489,0.011358380317687988,3.0392429786110693
49.489,0.011357665061950684,3.0392429786110693
49.489,0.011356711387634277,3.0392429786110693
49.489,0.011356711387634277,3.0392429786110693
49.489,0.011358141899108887,3.0392429786110693
49.49,0.01135873794555664,3.0758494973554944
49.49,0.011358022689819336,3.0758494973554944
49.49,0.011357665061950684,3.0758494973554944
49.49,0.011358141899108887,3.0758494973554944
49.49,0.011358141899108887,3.0758494973554944
49.49,0.011357903480529785,3.0758494973554944
49.487,0.01135873794555664,2.8568938067343037
49.487,0.011358022689819336,2.8568938067343037
49.487,0.011358380317687988,2.8568938067343037
49.487,0.01135873794555664,2.8568938067343037
49.487,0.0113600492477417,2.9341198142614164
49.487,0.011359453201293945,2.9341198142614164
49.487,0.011359572410583496,2.9341198142614164
49.487,0.011358499526977539,2.9341198142614164
49.487,0.011359930038452148,2.9341198142614164
49.484,0.01135873794555664,2.710776732694467
49.484,0.011359930038452148,2.710776732694467
49.484,0.0113602876663208,2.710776732694467
49.484,0.011359930038452148,2.710776732694467
49.484,0.011359214782714844,2.710776732694467
49.478,0.011360406875610352,2.8073730365467444
49.478,0.01136016845703125,2.8073730365467444
49.478,0.011360526084899902,2.8073730365467444
49.478,0.0113600492477417,2.8073730365467444
49.478,0.011360764503479004,2.8073730365467444
49.479,0.011359691619873047,2.7761353485217817
49.479,0.011361002922058105,2.7761353485217817
49.479,0.011359691619873047,2.7761353485217817
49.479,0.011361122131347656,2.7761353485217817
49.479,0.011360526084899902,2.7761353485217817
49.478,0.011361479759216309,2.812064314951187
49.478,0.011360645294189453,2.812064314951187
49.478,0.011359214782714844,2.812064314951187
49.478,0.01136016845703125,2.812064314951187
49.478,0.011359453201293945,2.812064314951187
49.478,0.011359453201293945,2.812064314951187
49.48,0.011360526084899902,2.4992598242661845
49.48,0.01136159896850586,2.4992598242661845
49.48,0.011359810829162598,2.4992598242661845
49.48,0.011360526084899902,2.4783098614635097
49.48,0.011361360549926758,2.4783098614635097
49.48,0.011361479759216309,2.4783098614635097
49.48,0.011363029479980469,2.4783098614635097
49.48,0.011361360549926758,2.4783098614635097
49.48,0.01136314868927002,2.4783098614635097
49.477,0.011362671852111816,2.3899449594474316
49.477,0.01136326789855957,2.3899449594474316
49.476,0.011363029479980469,2.532348320988445
49.476,0.011362671852111816,2.532348320988445
49.476,0.01136314868927002,2.532348320988445
49.474,0.011363625526428223,2.3129300248264077
49.474,0.011363387107849121,2.3129300248264077
49.474,0.011363625526428223,2.3129300248264077
49.474,0.011363983154296875,2.3129300248264077
49.473,0.011364579200744629,2.1935557393847303
49.473,0.01136326789855957,2.1935557393847303
49.473,0.011363983154296875,2.1935557393847303
49.473,0.011363029479980469,2.1935557393847303
49.473,0.011363744735717773,2.1935557393847303
49.473,0.011364579200744629,2.1935557393847303
49.471,0.011363863945007324,2.30358548309003
49.471,0.011363744735717773,2.30358548309003
49.471,0.011364459991455078,2.30358548309003
49.471,0.011365294456481934,2.30358548309003
49.471,0.011364936828613281,2.30358548309003
49.465,0.011365175247192383,2.2167829815645455
49.465,0.01136314868927002,2.2167829815645455
49.465,0.011364936828613281,2.2167829815645455
49.465,0.011365771293640137,2.2167829815645455
49.465,0.011363744735717773,2.2167829815645455
49.465,0.011364936828613281,2.2167829815645455
49.465,0.011363983154296875,2.2269815041612793
49.465,0.01136481761932373,2.2269815041612793
49.465,0.011364102363586426,2.2269815041612793
49.465,0.011362671852111816,2.2269815041612793
49.465,0.011364102363586426,2.2269815041612793
49.465,0.01136469841003418,2.2269815041612793
49.464,0.011365652084350586,1.9479487683118435
49.464,0.011366009712219238,1.9479487683118435
49.464,0.011365771293640137,1.9479487683118435
49.464,0.01136636734008789,1.9479487683118435
49.464,0.01136624813079834,1.9479487683118435
49.466,0.011365652084350586,2.0059970185261102
49.466,0.011365294456481934,2.0059970185261102
49.466,0.011366009712219238,2.0059970185261102
49.466,0.011365532875061035,2.0059970185261102
49.466,0.011365413665771484,2.0059970185261102
49.466,0.011365175247192383,1.8220501346954199
49.466,0.011366963386535645,1.8220501346954199
49.466,0.011366605758666992,1.8220501346954199
49.466,0.011367321014404297,1.8220501346954199
49.466,0.01136624813079834,1.8220501346954199
49.463,0.011367321014404297,1.8659323402681445
49.463,0.01136624813079834,1.8659323402681445
49.463,0.011365413665771484,1.8659323402681445
49.463,0.011366128921508789,1.8659323402681445
49.463,0.011365652084350586,1.8659323402681445
49.463,0.011365056037902832,1.8659323402681445
49.463,0.011365413665771484,1.8076673036501063
49.463,0.011367201805114746,1.8076673036501063
49.463,0.011365771293640137,1.8076673036501063
49.463,0.011366844177246094,1.8076673036501063
49.463,0.011367082595825195,1.8076673036501063
49.463,0.01136636734008789,1.8076673036501063
49.457,0.011368036270141602,1.8792933845609314
49.457,0.011365652084350586,1.8792933845609314
49.457,0.01136767864227295,1.8792933845609314
49.457,0.011367201805114746,1.8792933845609314
49.457,0.011366844177246094,1.8792933845609314
49.457,0.011365532875061035,1.8792933845609314
49.455,0.011366844177246094,1.9122622313686939
49.455,0.01136767864227295,1.9122622313686939
49.455,0.011368751525878906,1.9122622313686939
49.455,0.01136636734008789,1.9122622313686939
49.455,0.011367559432983398,1.9122622313686939
49.455,0.01136624813079834,1.9122622313686939
49.454,0.011367082595825195,1.616349641160538
49.454,0.011368632316589355,1.616349641160538
49.454,0.011367082595825195,1.616349641160538
49.454,0.011368155479431152,1.616349641160538
49.454,0.011367082595825195,1.616349641160538
49.454,0.011367559432983398,1.616349641160538
49.455,0.011368036270141602,1.7811340417919668
49.455,0.011369109153747559,1.7811340417919668
49.455,0.011368513107299805,1.7811340417919668
49.455,0.011367201805114746,1.7811340417919668
49.455,0.011367559432983398,1.7811340417919668
49.455,0.01136934757232666,1.7811340417919668
49.454,0.011368274688720703,1.5571890703979583
49.454,0.011368274688720703,1.5571890703979583
49.454,0.011369109153747559,1.5571890703979583
49.454,0.011367321014404297,1.5571890703979583
49.454,0.011368989944458008,1.5571890703979583
49.454,0.011369109153747559,1.5571890703979583
49.45,0.011368393898010254,1.5553750793855774
49.45,0.011368632316589355,1.5553750793855774
49.45,0.011369585990905762,1.5553750793855774
49.45,0.011369109153747559,1.5553750793855774
49.45,0.011368393898010254,1.5553750793855774
49.45,0.011368155479431152,1.5553750793855774
49.446,0.011367440223693848,1.3761251830247332
49.446,0.01136922836303711,1.3761251830247332
49.446,0.011369705200195312,1.3761251830247332
49.446,0.011368751525878906,1.3761251830247332
49.446,0.01136934757232666,1.3761251830247332
49.446,0.011368989944458008,1.3761251830247332
49.446,0.011369585990905762,1.3885804943893987
49.446,0.011369109153747559,1.3885804943893987
49.446,0.011369705200195312,1.3885804943893987
49.446,0.01136922836303711,1.3885804943893987
49.446,0.011368632316589355,1.3885804943893987
49.446,0.01136922836303711,1.3885804943893987
49.445,0.011369943618774414,1.313652806557574
49.445,0.011369824409484863,1.313652806557574
49.445,0.011369943618774414,1.313652806557574
49.445,0.011369943618774414,1.313652806557574
49.445,0.01136922836303711,1.313652806557574
49.445,0.01136934757232666,1.313652806557574
49.445,0.011369943618774414,1.2085709169878753
49.445,0.011370420455932617,1.2085709169878753
49.445,0.01136922836303711,1.2085709169878753
49.445,0.01137089729309082,1.2085709169878753
49.445,0.011370182037353516,1.2085709169878753
49.445,0.011371016502380371,1.2085709169878753
49.442,0.011370539665222168,1.2346404379417169
49.442,0.01137089729309082,1.2346404379417169
49.442,0.011369705200195312,1.2346404379417169
49.442,0.011370301246643066,1.2346404379417169
49.442,0.01136922836303711,1.2346404379417169
49.443,0.011369824409484863,1.2458843547494938
49.443,0.01137089729309082,1.2458843547494938
49.443,0.011370182037353516,1.2458843547494938
49.443,0.011371612548828125,1.2458843547494938
49.443,0.011370062828063965,1.2458843547494938
49.443,0.011371254920959473,1.2458843547494938
49.442,0.011369585990905762,1.2863537650794508
49.442,0.011371016502380371,1.2863537650794508
49.442,0.011371254920959473,1.2863537650794508
49.442,0.011371612548828125,1.2863537650794508
49.442,0.01137089729309082,1.2863537650794508
49.438,0.011371731758117676,1.2266192706950254
49.438,0.011371254920959473,1.2266192706950254
49.438,0.011371254920959473,1.2266192706950254
49.438,0.01137077808380127,1.2266192706950254
49.438,0.011370301246643066,1.2266192706950254
49.438,0.011370658874511719,1.2266192706950254
49.438,0.01137089729309082,1.2266192706950254
49.436,0.011370539665222168,0.8833158787197228
49.436,0.011372566223144531,0.8833158787197228
49.436,0.011371612548828125,0.8833158787197228
49.436,0.011371254920959473,0.8833158787197228
49.436,0.011371493339538574,0.8833158787197228
49.436,0.01137232780456543,0.8833158787197228
49.432,0.011370420455932617,1.1388080409126782
49.432,0.011371374130249023,1.1388080409126782
49.432,0.011371970176696777,1.1388080409126782
49.432,0.011370182037353516,1.1388080409126782
49.432,0.011371016502380371,1.1388080409126782
49.432,0.011370182037353516,1.1388080409126782
49.432,0.011371016502380371,0.9095698319793906
49.432,0.011370658874511719,0.9095698319793906
49.432,0.011371612548828125,0.9095698319793906
49.432,0.011371254920959473,0.9095698319793906
49.432,0.011370182037353516,0.9095698319793906
49.432,0.011372685432434082,0.792442938530141
49.432,0.011372566223144531,0.792442938530141
49.432,0.011372923851013184,0.792442938530141
49.432,0.011371731758117676,0.792442938530141
49.432,0.011372089385986328,0.792442938530141
49.432,0.011371850967407227,0.792442938530141
49.43,0.011371016502380371,0.8272631191182436
49.43,0.011371850967407227,0.8272631191182436
49.43,0.01137232780456543,0.8272631191182436
49.43,0.01137244701385498,0.8272631191182436
49.43,0.011373162269592285,0.8272631191182436
49.43,0.011371254920959473,0.8272631191182436
49.433,0.011372804641723633,0.7987449909187023
49.433,0.011371731758117676,0.7987449909187023
49.433,0.011372566223144531,0.7987449909187023
49.433,0.011372566223144531,0.7987449909187023
49.433,0.011372566223144531,0.7987449909187023
49.433,0.011370062828063965,0.7987449909187023
49.428,0.011372685432434082,0.9483859916620454
49.428,0.011371731758117676,0.9483859916620454
49.428,0.011372923851013184,0.9483859916620454
49.428,0.011373162269592285,0.9483859916620454
49.428,0.011372566223144531,0.9483859916620454
49.428,0.011373162269592285,0.5071918848116539
49.428,0.011373281478881836,0.5071918848116539
49.428,0.011373639106750488,0.5071918848116539
49.428,0.011371254920959473,0.5071918848116539
49.428,0.011373043060302734,0.5071918848116539
49.425,0.011372685432434082,0.7327856606222238
49.425,0.01137387752532959,0.7327856606222238
49.425,0.011372566223144531,0.7327856606222238
49.425,0.011372208595275879,0.7327856606222238
49.425,0.011372566223144531,0.7327856606222238
49.425,0.011372566223144531,0.7327856606222238
49.427,0.011372089385986328,0.8079849971975861
49.427,0.011373043060302734,0.8079849971975861
49.427,0.011373281478881836,0.8079849971975861
49.427,0.011373043060302734,0.8079849971975861
49.427,0.01137077808380127,0.8079849971975861
49.427,0.011372208595275879,0.8079849971975861
49.423,0.011373758316040039,0.6558033467274349
49.423,0.011373400688171387,0.6558033467274349
49.423,0.011374711990356445,0.6558033467274349
49.423,0.011371254920959473,0.6558033467274349
49.421,0.011372804641723633,0.5789916160005437
49.421,0.01137244701385498,0.5789916160005437
49.421,0.011373281478881836,0.5789916160005437
49.421,0.011371970176696777,0.5789916160005437
49.421,0.011372804641723633,0.5789916160005437
49.421,0.01137244701385498,0.5789916160005437
49.415,0.011373281478881836,0.6028992783654967
49.415,0.011372923851013184,0.6028992783654967
49.415,0.011372804641723633,0.6028992783654967
49.415,0.011371731758117676,0.6028992783654967
49.415,0.011373758316040039,0.6028992783654967
49.415,0.01137232780456543,0.6028992783654967
49.415,0.011371612548828125,0.5219270827529736
49.415,0.011373162269592285,0.5219270827529736
49.415,0.011374115943908691,0.5219270827529736
49.415,0.011372923851013184,0.5219270827529736
49.415,0.011373639106750488,0.5219270827529736
49.415,0.011373281478881836,0.5219270827529736
49.413,0.011373162269592285,0.4529557916638418
49.413,0.011372208595275879,0.4529557916638418
49.413,0.011373400688171387,0.4529557916638418
49.413,0.011373639106750488,0.4529557916638418
49.413,0.01137232780456543,0.4529557916638418
49.413,0.011372566223144531,0.4529557916638418
49.415,0.011373043060302734,0.4117036317970504
49.415,0.011374354362487793,0.4117036317970504
49.415,0.011372685432434082,0.4117036317970504
49.415,0.011373758316040039,0.4117036317970504
49.415,0.01137232780456543,0.4117036317970504
49.415,0.011373519897460938,0.4117036317970504
49.412,0.011374235153198242,0.28542128626857455
49.412,0.011373519897460938,0.28542128626857455
49.412,0.01137387752532959,0.28542128626857455
49.412,0.011373519897460938,0.28542128626857455
49.412,0.011373281478881836,0.28542128626857455
49.412,0.011374115943908691,0.28542128626857455
49.411,0.011374354362487793,0.22922014670322355
49.411,0.011373043060302734,0.22922014670322355
49.411,0.011372804641723633,0.22922014670322355
49.411,0.011373400688171387,0.22922014670322355
49.411,0.011373639106750488,0.22922014670322355
49.411,0.011375069618225098,0.22922014670322355
49.408,0.011373043060302734,0.12923067124001664
49.408,0.011373400688171387,0.12923067124001664
49.408,0.011373162269592285,0.12923067124001664
49.408,0.011373400688171387,0.12923067124001664
49.408,0.011372685432434082,0.12923067124001664
49.408,0.01137387752532959,0.12923067124001664
49.406,0.011150598526000977,0.1424852086295072
49.406,0.011202812194824219,0.1424852086295072
49.406,0.011374711990356445,0.1424852086295072
49.406,0.011373281478881836,0.1424852086295072
49.406,0.01137399673461914,0.1424852086295072
49.406,0.011372923851013184,0.1424852086295072
48.49,0.011174321174621582,0.23520617116018272
48.49,0.011171698570251465,0.23520617116018272
48.49,0.01117396354675293,0.23520617116018272
48.49,0.01116478443145752,0.23520617116018272
48.49,0.011159181594848633,0.23520617116018272
48.49,0.011168956756591797,0.23520617116018272
48.553,0.011177897453308105,0.2719207780937736
48.553,0.011178731918334961,0.2719207780937736
48.553,0.011180996894836426,0.2719207780937736
48.553,0.01118171215057373,0.2719207780937736
48.553,0.011182188987731934,0.2719207780937736
48.553,0.011183738708496094,0.2719207780937736
48.584,0.010970592498779297,0.05586768848002466
48.584,0.011186599731445312,0.05586768848002466
48.584,0.011186599731445312,0.05586768848002466
48.584,0.011183619499206543,0.05586768848002466
48.584,0.011183857917785645,0.05586768848002466
48.584,0.011185169219970703,0.05586768848002466
47.757,0.010973572731018066,0.08712896865831388
47.757,0.010979175567626953,0.08712896865831388
47.757,0.010982990264892578,0.08712896865831388
47.757,0.010988712310791016,0.08712896865831388
47.757,0.010989785194396973,0.08712896865831388
47.757,0.010992646217346191,0.08712896865831388
47.777,0.010994553565979004,0.11629207200949487
47.777,0.010995864868164062,0.11629207200949487
47.777,0.01099860668182373,0.11629207200949487
47.777,0.010999917984008789,0.11629207200949487
47.777,0.011001944541931152,0.11629207200949487
47.777,0.0110015869140625,0.11629207200949487
47.777,0.011002182960510254,0.11629207200949487
47.815,0.010789871215820312,0.13384330875908468
47.815,0.010793328285217285,0.13384330875908468
47.815,0.011005520820617676,0.13384330875908468
47.815,0.011004447937011719,0.13384330875908468
47.815,0.011005520820617676,0.13384330875908468
47.815,0.011002898216247559,0.13384330875908468
47.012,0.01079857349395752,0.4063716277953171
47.012,0.010802626609802246,0.4063716277953171
47.012,0.010807037353515625,0.4063716277953171
47.012,0.010809898376464844,0.4063716277953171
47.012,0.010812520980834961,0.4063716277953171
47.012,0.01081538200378418,0.4063716277953171
47.033,0.010822653770446777,0.37402491134914895
47.033,0.01082158088684082,0.37402491134914895
47.033,0.010820984840393066,0.37402491134914895
47.033,0.010817766189575195,0.37402491134914895
47.033,0.010819077491760254,0.37402491134914895
47.033,0.010820627212524414,0.37402491134914895
47.058,0.010588765144348145,0.5793877388500082
47.058,0.010610580444335938,0.5793877388500082
47.058,0.010825514793395996,0.5793877388500082
47.058,0.010825276374816895,0.5793877388500082
47.058,0.010821700096130371,0.5793877388500082
47.058,0.010825753211975098,0.5793877388500082
46.192,0.01061713695526123,0.8454111436054521
46.192,0.010621190071105957,0.8454111436054521
46.192,0.010625958442687988,0.8454111436054521
46.192,0.01062917709350586,0.8454111436054521
46.192,0.01063084602355957,0.8454111436054521
46.192,0.010633587837219238,0.8454111436054521
46.274,0.010641336441040039,0.993728587101278
46.274,0.010636329650878906,0.993728587101278
46.274,0.010637521743774414,0.993728587101278
46.274,0.010639667510986328,0.993728587101278
46.274,0.010641336441040039,0.993728587101278
46.298,0.010371923446655273,1.0758610249136267
46.298,0.01064455509185791,1.0758610249136267
46.298,0.010645627975463867,1.0758610249136267
46.298,0.010644793510437012,1.0758610249136267
46.298,0.010643839836120605,1.0758610249136267
45.542,0.010448098182678223,1.6154039931709305
45.542,0.010451078414916992,1.6154039931709305
45.542,0.010458827018737793,1.6154039931709305
45.542,0.010464191436767578,1.6154039931709305
45.562,0.010471343994140625,1.3618547416591664
45.562,0.01046907901763916,1.3618547416591664
45.562,0.010467529296875,1.3618547416591664
45.562,0.010466337203979492,1.3618547416591664
45.562,0.010465264320373535,1.3618547416591664
45.593,0.01047205924987793,1.8062210590773469
45.593,0.010474801063537598,1.8062210590773469
45.629,0.010477900505065918,2.2292822766977536
45.655,0.010476469993591309,2.5946798721982103
45.655,0.010477066040039062,2.5946798721982103
45.656,0.010476350784301758,2.5395313958251053
45.659,0.010476112365722656,2.6833609580361335
45.659,0.010474324226379395,2.6833609580361335
45.66,0.010475397109985352,2.6042572429718636
45.662,0.010474562644958496,2.613073081346116
45.664,0.010472774505615234,2.458302757355403
45.656,0.010468840599060059,2.18850418919432
45.65,0.010469436645507812,2.115643633449837
45.648,0.010468363761901855,1.840401908777985
45.648,0.010467767715454102,1.840401908777985
45.648,0.010468840599060059,1.840401908777985
45.645,0.010467767715454102,1.9797776710676178
45.643,0.010467886924743652,1.671959158348938
45.643,0.01046764850616455,1.671959158348938
45.643,0.010467767715454102,1.671959158348938
45.64,0.01046741008758545,1.6163465169657654
45.64,0.01046741008758545,1.6163465169657654
45.64,0.010466456413269043,1.72219885715907
45.64,0.010465741157531738,1.72219885715907
45.64,0.010467290878295898,1.72219885715907
45.64,0.010467052459716797,1.72219885715907
45.64,0.010466217994689941,1.72219885715907
45.64,0.010467052459716797,1.72219885715907
45.642,0.01046609878540039,1.2393717304265228
45.642,0.010465621948242188,1.2393717304265228
45.642,0.010464787483215332,1.2393717304265228
45.642,0.010463714599609375,1.284102253991345
45.642,0.010463476181030273,1.284102253991345
45.642,0.01046299934387207,1.284102253991345
45.642,0.01046299934387207,1.284102253991345
45.641,0.010463118553161621,1.2364666953113768
45.641,0.010464668273925781,1.2364666953113768
45.641,0.010463595390319824,1.2364666953113768
45.641,0.010462164878845215,1.2364666953113768
45.641,0.010462403297424316,1.2364666953113768
45.639,0.010463237762451172,1.1948845275825517
45.639,0.010463953018188477,1.1948845275825517
45.639,0.010463118553161621,1.1948845275825517
45.639,0.010462284088134766,1.1948845275825517
45.635,0.010463953018188477,1.2074580393748235
45.635,0.010463476181030273,1.2074580393748235
45.635,0.010463237762451172,1.2074580393748235
45.635,0.010463237762451172,1.2074580393748235
45.635,0.010463237762451172,1.2074580393748235
45.631,0.010463356971740723,1.0278226541792568
45.631,0.010461926460266113,1.0278226541792568
45.631,0.010462522506713867,1.0278226541792568
45.631,0.010462760925292969,1.0278226541792568
45.63,0.010463356971740723,0.9684274702963669
45.63,0.01046299934387207,0.9684274702963669
45.63,0.01046144962310791,0.9684274702963669
45.63,0.010462403297424316,0.9684274702963669
45.63,0.010463237762451172,0.9684274702963669
45.63,0.010460972785949707,0.9684274702963669
45.629,0.010463714599609375,0.708119656514995
45.629,0.010461807250976562,0.708119656514995
45.629,0.010463118553161621,0.708119656514995
45.629,0.010462164878845215,0.708119656514995
45.629,0.010463714599609375,0.708119656514995
45.628,0.010463118553161621,0.7823005797820748
45.628,0.01046288013458252,0.7823005797820748
45.628,0.010462045669555664,0.7823005797820748
45.628,0.01046299934387207,0.7823005797820748
45.628,0.010461926460266113,0.7823005797820748
45.628,0.010463476181030273,0.7823005797820748
45.628,0.010462045669555664,0.40741727144476125
45.628,0.010462403297424316,0.40741727144476125
45.628,0.010463476181030273,0.40741727144476125
45.628,0.010462403297424316,0.40741727144476125
45.628,0.010461807250976562,0.40741727144476125
45.628,0.010461926460266113,0.40741727144476125
45.627,0.010463237762451172,0.5608306027829371
45.627,0.010462522506713867,0.5608306027829371
45.627,0.010460972785949707,0.5608306027829371
45.627,0.010464072227478027,0.5608306027829371
45.627,0.01046288013458252,0.5608306027829371
45.627,0.010460853576660156,0.5608306027829371
45.627,0.010463356971740723,0.41509283476360115
45.627,0.010461688041687012,0.41509283476360115
45.627,0.010462760925292969,0.41509283476360115
45.627,0.010462522506713867,0.41509283476360115
45.627,0.010462522506713867,0.41509283476360115
45.625,0.010462522506713867,0.1924416261804609
45.625,0.010462045669555664,0.1924416261804609
45.625,0.010462403297424316,0.1924416261804609
45.625,0.010461091995239258,0.1924416261804609
45.625,0.010461568832397461,0.1924416261804609
45.625,0.010461926460266113,0.1924416261804609
45.623,0.01046144962310791,0.315118074928153
45.623,0.01046299934387207,0.315118074928153
45.623,0.010462522506713867,0.315118074928153
45.623,0.010462522506713867,0.315118074928153
45.623,0.010463595390319824,0.315118074928153
45.623,0.010461568832397461,0.315118074928153
45.623,0.010461091995239258,0.27005779996128476
45.623,0.010463118553161621,0.27005779996128476
45.623,0.010462403297424316,0.27005779996128476
45.623,0.010463833808898926,0.27005779996128476
45.623,0.010461807250976562,0.27005779996128476
45.623,0.010462641716003418,0.27005779996128476
45.62,0.010462284088134766,0.14402427884139568
45.62,0.010462164878845215,0.14402427884139568
45.62,0.010462760925292969,0.14402427884139568
45.62,0.010463595390319824,0.14402427884139568
45.62,0.010462760925292969,0.14402427884139568
45.62,0.010461688041687012,0.14402427884139568
45.619,0.010463118553161621,0.3234438669081374
45.619,0.010462164878845215,0.3234438669081374
45.619,0.010462164878845215,0.3234438669081374
45.619,0.010462522506713867,0.3234438669081374
45.619,0.010462045669555664,0.3234438669081374
45.619,0.010462164878845215,0.3234438669081374
45.618,0.010462760925292969,0.11682287773511346
45.618,0.010461688041687012,0.11682287773511346
45.618,0.010463118553161621,0.11682287773511346
45.618,0.01046299934387207,0.11682287773511346
45.618,0.010462760925292969,0.11682287773511346
45.618,0.010463714599609375,0.11682287773511346
45.618,0.01046288013458252,-0.04344659304755405
45.618,0.010463953018188477,-0.04344659304755405
45.618,0.010465502738952637,-0.04344659304755405
45.619,0.010463714599609375,0.009560714069859255
45.619,0.010463953018188477,0.009560714069859255
45.619,0.010463714599609375,0.009560714069859255
45.618,0.010464191436767578,-0.07918981219197319
45.618,0.010463714599609375,-0.07918981219197319
45.618,0.010464191436767578,-0.07918981219197319
45.618,0.010465025901794434,-0.07918981219197319
45.618,0.010465025901794434,-0.07918981219197319
45.618,0.010465383529663086,-0.07918981219197319
45.618,0.010463595390319824,-0.006899831695841296
45.618,0.010465502738952637,-0.006899831695841296
45.618,0.01046597957611084,-0.006899831695841296
45.618,0.010464310646057129,-0.006899831695841296
45.618,0.010464310646057129,-0.006899831695841296
45.618,0.010466575622558594,0.5367116338145432
45.618,0.01046597957611084,0.5367116338145432
45.627,0.010471582412719727,2.5788148475321844
45.635,0.010472536087036133,3.522740615985262
45.635,0.010473370552062988,3.522740615985262
45.643,0.010474085807800293,4.6376549155176585
45.643,0.010474324226379395,4.6376549155176585
45.643,0.010475635528564453,4.6376549155176585
45.643,0.010476231575012207,4.6376549155176585
45.643,0.010475993156433105,4.6376549155176585
45.652,0.010477900505065918,5.140563284377409
45.652,0.01047670841217041,5.140563284377409
45.652,0.010477542877197266,5.140563284377409
45.652,0.01047658920288086,5.140563284377409
45.652,0.010477423667907715,5.140563284377409
45.668,0.010477781295776367,6.145176859845663
45.668,0.010479569435119629,6.145176859845663
45.668,0.010479092597961426,6.145176859845663
45.668,0.010479211807250977,6.145176859845663
45.668,0.010480642318725586,6.145176859845663
45.674,0.010483384132385254,7.000606947644743
45.674,0.010482549667358398,7.000606947644743
45.674,0.010483622550964355,7.000606947644743
45.674,0.01048123836517334,7.000606947644743
45.674,0.010481715202331543,7.000606947644743
45.686,0.0104827880859375,7.647750854478492
45.686,0.010483384132385254,7.647750854478492
45.686,0.010483860969543457,7.647750854478492
45.686,0.01048576831817627,7.647750854478492
45.7,0.01048731803894043,8.249885110127739
45.7,0.010486006736755371,8.249885110127739
45.7,0.010487198829650879,8.249885110127739
45.7,0.010486841201782227,8.249885110127739
45.7,0.010485410690307617,8.249885110127739
45.7,0.010485410690307617,8.249885110127739
45.726,0.010486960411071777,9.01859578166127
45.726,0.010487675666809082,9.01859578166127
45.726,0.01048731803894043,9.01859578166127
45.726,0.010487079620361328,9.01859578166127
45.726,0.010486841201782227,9.01859578166127
45.726,0.010487794876098633,9.01859578166127
45.737,0.010488748550415039,10.123321646700466
45.737,0.010488510131835938,10.123321646700466
45.737,0.010488390922546387,10.123321646700466
45.737,0.010488748550415039,10.123321646700466
45.737,0.010489583015441895,10.123321646700466
45.737,0.01048886775970459,10.123321646700466
45.747,0.010489106178283691,10.623308497252482
45.747,0.010488390922546387,10.623308497252482
45.747,0.010487556457519531,10.623308497252482
45.747,0.010488629341125488,10.623308497252482
45.747,0.010488748550415039,10.623308497252482
45.747,0.010487794876098633,10.623308497252482
45.752,0.010488152503967285,11.941041320699341
45.752,0.010489344596862793,11.941041320699341
45.752,0.01048898696899414,11.941041320699341
45.752,0.010488510131835938,11.941041320699341
45.752,0.010488748550415039,11.941041320699341
45.752,0.010487914085388184,11.941041320699341
45.767,0.010488629341125488,11.855794314463518
45.767,0.01048743724822998,11.855794314463518
45.767,0.010487079620361328,11.855794314463518
45.767,0.010488033294677734,11.855794314463518
45.776,0.010489463806152344,13.426121140769546
45.776,0.010488748550415039,13.426121140769546
45.776,0.010487794876098633,13.426121140769546
45.776,0.010486960411071777,13.426121140769546
45.776,0.010489344596862793,13.426121140769546
45.776,0.010487794876098633,13.426121140769546
45.78,0.010487914085388184,13.363579889311236
45.78,0.010488748550415039,13.363579889311236
45.78,0.010488271713256836,13.363579889311236
45.78,0.010486841201782227,13.363579889311236
45.78,0.010487675666809082,13.363579889311236
45.78,0.01048731803894043,13.363579889311236
45.791,0.010484695434570312,14.266973652772526
45.791,0.010486364364624023,14.266973652772526
45.791,0.010486364364624023,14.266973652772526
45.791,0.010486483573913574,14.266973652772526
45.791,0.010488748550415039,14.266973652772526
45.791,0.010486721992492676,14.266973652772526
45.803,0.010486364364624023,15.382724074538825
45.803,0.010485529899597168,15.382724074538825
45.803,0.010486125946044922,15.382724074538825
45.803,0.010485053062438965,15.382724074538825
45.803,0.010485053062438965,15.382724074538825
45.803,0.010484457015991211,15.382724074538825
45.818,0.010484099388122559,15.740768061438498
45.818,0.010484457015991211,15.740768061438498
45.818,0.010484099388122559,15.740768061438498
45.818,0.010484695434570312,15.740768061438498
45.818,0.01048576831817627,15.740768061438498
45.818,0.010483503341674805,15.740768061438498
45.823,0.010483622550964355,16.54748529477974
45.823,0.01048433780670166,16.54748529477974
45.823,0.010483622550964355,16.54748529477974
45.823,0.010483264923095703,16.54748529477974
45.823,0.010483264923095703,16.54748529477974
45.823,0.01048290729522705,16.54748529477974
45.828,0.010480999946594238,17.416788117671874
45.828,0.010480523109436035,17.416788117671874
45.828,0.010481834411621094,17.416788117671874
45.828,0.010480284690856934,17.416788117671874
45.828,0.010480403900146484,17.416788117671874
45.828,0.010480284690856934,17.416788117671874
45.828,0.010480523109436035,17.416788117671874
45.843,0.010478615760803223,17.813220719275662
45.843,0.010476827621459961,17.813220719275662
45.843,0.010478734970092773,17.813220719275662
45.843,0.010480523109436035,17.813220719275662
45.843,0.010480523109436035,17.813220719275662
45.843,0.010480165481567383,17.813220719275662
45.855,0.010476350784301758,18.56853294315841
45.855,0.010478019714355469,18.56853294315841
45.855,0.010478973388671875,18.56853294315841
45.855,0.010475516319274902,18.56853294315841
45.855,0.010476112365722656,18.56853294315841
45.855,0.010476469993591309,18.56853294315841
45.867,0.010474920272827148,19.149400068380828
45.867,0.010475754737854004,19.149400068380828
45.867,0.010474801063537598,19.149400068380828
45.867,0.010476231575012207,19.149400068380828
45.867,0.010474681854248047,19.149400068380828
45.867,0.010475754737854004,19.149400068380828
45.872,0.01047205924987793,19.75255418515417
45.872,0.010472655296325684,19.75255418515417
45.872,0.010471940040588379,19.75255418515417
45.872,0.010474562644958496,19.75255418515417
45.872,0.010474085807800293,19.75255418515417
45.872,0.010472893714904785,19.75255418515417
45.88,0.010472416877746582,20.422138159451713
45.88,0.010471224784851074,20.422138159451713
45.88,0.010469913482666016,20.422138159451713
45.88,0.010471582412719727,20.422138159451713
45.88,0.010471343994140625,20.422138159451713
45.88,0.010471224784851074,20.422138159451713
45.893,0.010467529296875,21.229177713360123
45.893,0.010468721389770508,21.229177713360123
45.893,0.010469675064086914,21.229177713360123
45.893,0.010468006134033203,21.229177713360123
45.893,0.010468840599060059,21.229177713360123
45.893,0.010469675064086914,21.229177713360123
45.9,0.010467052459716797,21.640801167819607
45.9,0.010465383529663086,21.640801167819607
45.9,0.010465502738952637,21.640801167819607
45.9,0.01046597957611084,21.640801167819607
45.9,0.010465741157531738,21.640801167819607
45.9,0.010465502738952637,21.640801167819607
45.906,0.010464310646057129,22.442453824115937
45.906,0.010464906692504883,22.442453824115937
45.906,0.010464668273925781,22.442453824115937
45.906,0.01046299934387207,22.442453824115937
45.906,0.010463714599609375,22.442453824115937
45.906,0.010462164878845215,22.442453824115937
45.916,0.010462760925292969,23.095428887566637
45.916,0.010461688041687012,23.095428887566637
45.916,0.01046144962310791,23.095428887566637
45.916,0.010461091995239258,23.095428887566637
45.916,0.010461688041687012,23.095428887566637
45.916,0.010460495948791504,23.095428887566637
45.922,0.01045846939086914,23.59548371456611
45.922,0.010459184646606445,23.59548371456611
45.922,0.010460376739501953,23.59548371456611
45.922,0.010459661483764648,23.59548371456611
45.922,0.010460138320922852,23.59548371456611
45.922,0.0104600191116333,23.59548371456611
45.928,0.010456562042236328,24.124789300469317
45.928,0.010458230972290039,24.124789300469317
45.928,0.010456562042236328,24.124789300469317
45.928,0.010457873344421387,24.124789300469317
45.928,0.010458588600158691,24.124789300469317
45.928,0.010457992553710938,24.124789300469317
45.934,0.010457158088684082,24.88988662055874
45.934,0.01045691967010498,24.88988662055874
45.934,0.010455965995788574,24.88988662055874
45.934,0.010455012321472168,24.88988662055874
45.934,0.010455131530761719,24.88988662055874
45.934,0.010456204414367676,24.88988662055874
45.941,0.010453581809997559,25.46078431568648
45.941,0.010453939437866211,25.46078431568648
45.941,0.010454297065734863,25.46078431568648
45.941,0.010454416275024414,25.46078431568648
45.941,0.010454416275024414,25.46078431568648
45.941,0.010453104972839355,25.46078431568648
45.949,0.010452747344970703,26.182764907274183
45.949,0.010452747344970703,26.182764907274183
45.949,0.0104522705078125,26.182764907274183
45.949,0.01045238971710205,26.182764907274183
45.949,0.010451793670654297,26.182764907274183
45.949,0.010451078414916992,26.182764907274183
45.954,0.010449528694152832,26.821492281414535
45.954,0.010448694229125977,26.821492281414535
45.954,0.010450005531311035,26.821492281414535
45.954,0.010450124740600586,26.821492281414535
45.954,0.010451793670654297,26.821492281414535
45.954,0.01045083999633789,26.821492281414535
45.956,0.010449767112731934,27.531405611649426
45.956,0.01044917106628418,27.531405611649426
45.956,0.010449528694152832,27.531405611649426
45.956,0.010449051856994629,27.531405611649426
45.956,0.01044929027557373,27.531405611649426
45.956,0.010448694229125977,27.531405611649426
45.963,0.010447025299072266,28.380749007042667
45.963,0.01044917106628418,28.380749007042667
45.963,0.010446906089782715,28.380749007042667
45.963,0.010447025299072266,28.380749007042667
45.963,0.010446310043334961,28.380749007042667
45.963,0.01044774055480957,28.380749007042667
45.976,0.010443925857543945,29.425847207977114
45.976,0.010445117950439453,29.425847207977114
45.976,0.010444998741149902,29.425847207977114
45.976,0.010443687438964844,29.425847207977114
45.976,0.01044619083404541,29.425847207977114
45.976,0.010443449020385742,29.425847207977114
45.981,0.010440468788146973,29.573831433500764
45.981,0.010441303253173828,29.573831433500764
45.981,0.010440707206726074,29.573831433500764
45.981,0.010442376136779785,29.573831433500764
45.981,0.01044321060180664,29.573831433500764
45.981,0.010442495346069336,29.573831433500764
45.981,0.010439753532409668,30.213841195801912
45.981,0.010440587997436523,30.213841195801912
45.981,0.010439157485961914,30.213841195801912
45.981,0.010439038276672363,30.213841195801912
45.981,0.010437488555908203,30.213841195801912
45.981,0.010438203811645508,30.213841195801912
45.985,0.010437965393066406,31.035026631240836
45.985,0.01043713092803955,31.035026631240836
45.985,0.010435342788696289,31.035026631240836
45.985,0.010435104370117188,31.035026631240836
45.985,0.010436773300170898,31.035026631240836
45.985,0.010434985160827637,31.035026631240836
45.99,0.010431647300720215,31.64179834443373
45.99,0.01043236255645752,31.64179834443373
45.99,0.010432720184326172,31.64179834443373
45.99,0.010433197021484375,31.64179834443373
45.99,0.010433197021484375,31.64179834443373
45.99,0.01043391227722168,31.64179834443373
45.996,0.01042938232421875,31.817447456060783
45.996,0.010431766510009766,31.817447456060783
45.996,0.010430216789245605,31.817447456060783
45.996,0.010428547859191895,31.817447456060783
45.996,0.010429143905639648,31.817447456060783
45.996,0.01042938232421875,31.817447456060783
46.005,0.010427236557006836,32.78040805040139
46.005,0.010427117347717285,32.78040805040139
46.005,0.010425806045532227,32.78040805040139
46.005,0.010426640510559082,32.78040805040139
46.005,0.010425686836242676,32.78040805040139
46.005,0.010425925254821777,32.78040805040139
46.014,0.01042187213897705,33.22881868301496
46.014,0.010423541069030762,33.22881868301496
46.014,0.010422468185424805,33.22881868301496
46.014,0.010424017906188965,33.22881868301496
46.014,0.010424971580505371,33.22881868301496
46.014,0.010423541069030762,33.22881868301496
46.026,0.010422110557556152,33.924515825968456
46.026,0.01042163372039795,33.924515825968456
46.026,0.010420083999633789,33.924515825968456
46.026,0.010419011116027832,33.924515825968456
46.026,0.01041865348815918,33.924515825968456
46.026,0.010419130325317383,33.924515825968456
46.026,0.010416984558105469,33.924515825968456
46.03,0.010419607162475586,34.43997760669473
46.03,0.010416865348815918,34.43997760669473
46.03,0.010415911674499512,34.43997760669473
46.03,0.010415434837341309,34.43997760669473
46.03,0.010415911674499512,34.43997760669473
46.03,0.010414719581604004,34.43997760669473
46.037,0.010410428047180176,34.61888385389071
46.037,0.01041114330291748,34.61888385389071
46.037,0.010411262512207031,34.61888385389071
46.037,0.010412931442260742,34.61888385389071
46.037,0.010413169860839844,34.61888385389071
46.037,0.010413885116577148,34.61888385389071
46.042,0.010407447814941406,35.45077991172208
46.042,0.010410070419311523,35.45077991172208
46.042,0.010407328605651855,35.45077991172208
46.042,0.010408878326416016,35.45077991172208
46.042,0.010409355163574219,35.45077991172208
46.042,0.010408520698547363,35.45077991172208
46.047,0.010406136512756348,36.00790109422028
46.047,0.010405898094177246,36.00790109422028
46.047,0.010405302047729492,36.00790109422028
46.047,0.010405778884887695,36.00790109422028
46.047,0.010403275489807129,36.00790109422028
46.047,0.01040196418762207,36.00790109422028
46.05,0.010400176048278809,36.424240586168835
46.05,0.010398626327514648,36.424240586168835
46.05,0.01040029525756836,36.424240586168835
46.05,0.010401368141174316,36.424240586168835
46.05,0.010401248931884766,36.424240586168835
46.05,0.010402560234069824,36.424240586168835
46.057,0.01039886474609375,37.20333910031815
46.057,0.010397553443908691,37.20333910031815
46.057,0.010397195816040039,37.20333910031815
46.057,0.01039731502532959,37.20333910031815
46.057,0.010397195816040039,37.20333910031815
46.057,0.010396361351013184,37.20333910031815
46.061,0.010396003723144531,37.56535214149636
46.061,0.010395407676696777,37.56535214149636
46.061,0.010392427444458008,37.56535214149636
46.061,0.01039266586303711,37.56535214149636
46.061,0.010391712188720703,37.56535214149636
46.061,0.010392069816589355,37.56535214149636
46.067,0.010387778282165527,37.9498175389746
46.067,0.010389208793640137,37.9498175389746
46.067,0.010388851165771484,37.9498175389746
46.067,0.010389924049377441,37.9498175389746
46.067,0.010391831398010254,37.9498175389746
46.067,0.010390281677246094,37.9498175389746
46.075,0.010387420654296875,38.5158356940066
46.075,0.010385751724243164,38.5158356940066
46.075,0.010384917259216309,38.5158356940066
46.075,0.01038503646850586,38.5158356940066
46.075,0.01038503646850586,38.5158356940066
46.075,0.010385990142822266,38.5158356940066
46.075,0.010382413864135742,38.71315699560674
46.075,0.010382890701293945,38.71315699560674
46.075,0.010382294654846191,38.71315699560674
46.075,0.010381937026977539,38.71315699560674
46.075,0.01038050651550293,38.71315699560674
46.075,0.010379552841186523,38.71315699560674
46.082,0.010374307632446289,39.33163590128844
46.082,0.010376691818237305,39.33163590128844
46.082,0.010376334190368652,39.33163590128844
46.082,0.010377287864685059,39.33163590128844
46.082,0.010378360748291016,39.33163590128844
46.082,0.010377287864685059,39.33163590128844
46.088,0.010372042655944824,39.76697734051454
46.088,0.010373353958129883,39.76697734051454
46.088,0.010372042655944824,39.76697734051454
46.088,0.010374903678894043,39.76697734051454
46.088,0.010374903678894043,39.76697734051454
46.088,0.010373115539550781,39.76697734051454
46.095,0.010370612144470215,40.21972085026162
46.095,0.010370373725891113,40.21972085026162
46.095,0.010370731353759766,40.21972085026162
46.095,0.010369420051574707,40.21972085026162
46.095,0.010371088981628418,40.21972085026162
46.095,0.010368943214416504,40.21972085026162
46.1,0.01036524772644043,40.50192536750414
46.1,0.010367155075073242,40.50192536750414
46.1,0.01036691665649414,40.50192536750414
46.1,0.010368585586547852,40.50192536750414
46.1,0.010368585586547852,40.50192536750414
46.1,0.010367393493652344,40.50192536750414
46.108,0.010365724563598633,41.140970673557476
46.108,0.010364651679992676,41.140970673557476
46.108,0.010364174842834473,41.140970673557476
46.108,0.010363578796386719,41.140970673557476
46.108,0.010362744331359863,41.140970673557476
46.108,0.010361790657043457,41.140970673557476
46.112,0.010358572006225586,41.52483273835592
46.112,0.010358810424804688,41.52483273835592
46.112,0.010359644889831543,41.52483273835592
46.112,0.010359883308410645,41.52483273835592
46.112,0.010360240936279297,41.52483273835592
46.112,0.010360121726989746,41.52483273835592
46.12,0.010352492332458496,41.98894851208276
46.12,0.010358810424804688,41.98894851208276
46.12,0.01035606861114502,41.98894851208276
46.12,0.010355830192565918,41.98894851208276
46.12,0.010354876518249512,41.98894851208276
46.12,0.01035308837890625,41.98894851208276
46.122,0.010349392890930176,42.21713693467925
46.122,0.010348677635192871,42.21713693467925
46.122,0.010351777076721191,42.21713693467925
46.122,0.010350465774536133,42.21713693467925
46.122,0.01035165786743164,42.21713693467925
46.122,0.010353565216064453,42.21713693467925
46.126,0.010349035263061523,42.728892943479806
46.126,0.010347962379455566,42.728892943479806
46.126,0.01034688949584961,42.728892943479806
46.126,0.010345816612243652,42.728892943479806
46.126,0.010345458984375,42.728892943479806
46.126,0.010344743728637695,42.728892943479806
46.132,0.010340690612792969,43.096028543105554
46.132,0.01034247875213623,43.096028543105554
46.132,0.01034235954284668,43.096028543105554
46.132,0.010345816612243652,43.096028543105554
46.132,0.01034402847290039,43.096028543105554
46.132,0.010343790054321289,43.096028543105554
46.133,0.0103377103805542,43.470167628502125
46.133,0.010335445404052734,43.470167628502125
46.133,0.010339021682739258,43.470167628502125
46.133,0.010339021682739258,43.470167628502125
46.133,0.010339140892028809,43.470167628502125
46.133,0.010341286659240723,43.470167628502125
46.142,0.0103377103805542,43.86131518585598
46.142,0.010336518287658691,43.86131518585598
46.142,0.010335922241210938,43.86131518585598
46.142,0.01033484935760498,43.86131518585598
46.142,0.010334372520446777,43.86131518585598
46.142,0.010333538055419922,43.86131518585598
46.146,0.010331392288208008,44.47848976178314
46.146,0.010333418846130371,44.47848976178314
46.146,0.010330796241760254,44.47848976178314
46.146,0.01033163070678711,44.47848976178314
46.146,0.010329008102416992,44.47848976178314
46.146,0.01032876968383789,44.47848976178314
46.15,0.010323405265808105,44.82239930812614
46.15,0.010325193405151367,44.82239930812614
46.15,0.010326862335205078,44.82239930812614
46.15,0.010325908660888672,44.82239930812614
46.15,0.010326981544494629,44.82239930812614
46.15,0.01032721996307373,44.82239930812614
46.152,0.010323166847229004,45.21944069255848
46.152,0.010323762893676758,45.21944069255848
46.152,0.010012507438659668,45.21944069255848
46.152,0.010104179382324219,45.21944069255848
46.152,0.010114789009094238,45.21944069255848
46.152,0.010118842124938965,45.21944069255848
45.317,0.010129332542419434,45.59068932590091
45.317,0.010129570960998535,45.59068932590091
45.317,0.010126471519470215,45.59068932590091
45.317,0.010122060775756836,45.59068932590091
45.317,0.010125160217285156,45.59068932590091
45.317,0.01012420654296875,45.59068932590091
45.317,0.010125994682312012,45.59068932590091
45.328,0.010128617286682129,45.98138265865143
45.328,0.010127902030944824,45.98138265865143
45.328,0.010130047798156738,45.98138265865143
45.328,0.01012873649597168,45.98138265865143
45.328,0.010128140449523926,45.98138265865143
45.328,0.010129094123840332,45.98138265865143
45.341,0.01012873649597168,46.1443044704874
45.341,0.010128021240234375,46.1443044704874
45.341,0.009918808937072754,46.1443044704874
45.341,0.009934067726135254,46.1443044704874
45.341,0.009938478469848633,46.1443044704874
45.341,0.009943723678588867,46.1443044704874
44.55,0.00994884967803955,46.2446482408178
44.55,0.009943842887878418,46.2446482408178
44.55,0.009945511817932129,46.2446482408178
44.55,0.009947657585144043,46.2446482408178
44.55,0.009948015213012695,46.2446482408178
44.55,0.009949922561645508,46.2446482408178
44.612,0.009949564933776855,46.477181720893064
44.612,0.009949803352355957,46.477181720893064
44.612,0.00995016098022461,46.477181720893064
44.612,0.009951472282409668,46.477181720893064
44.612,0.009949326515197754,46.477181720893064
44.612,0.009951472282409668,46.477181720893064
44.621,0.009949564933776855,46.442490768299166
44.621,0.009948372840881348,46.442490768299166
44.621,0.009722709655761719,46.442490768299166
44.621,0.009748339653015137,46.442490768299166
44.621,0.009753704071044922,46.442490768299166
44.621,0.009756207466125488,46.442490768299166
43.828,0.009766459465026855,46.3811281704068
43.828,0.009766459465026855,46.3811281704068
43.828,0.009763956069946289,46.3811281704068
43.828,0.009760141372680664,46.3811281704068
43.828,0.009761214256286621,46.3811281704068
43.828,0.009763240814208984,46.3811281704068
43.86,0.009766936302185059,46.26823981022731
43.86,0.009766578674316406,46.26823981022731
43.86,0.009766221046447754,46.26823981022731
43.86,0.00976550579071045,46.26823981022731
43.86,0.009766221046447754,46.26823981022731
43.86,0.009766101837158203,46.26823981022731
43.866,0.009767293930053711,46.01174076149871
43.866,0.009766340255737305,46.01174076149871
43.866,0.009536266326904297,46.01174076149871
43.866,0.009566903114318848,46.01174076149871
43.866,0.009572625160217285,46.01174076149871
43.866,0.00957787036895752,46.01174076149871
43.101,0.009581923484802246,46.005653434892515
43.101,0.009583473205566406,46.005653434892515
43.101,0.009585380554199219,46.005653434892515
43.101,0.009586453437805176,46.005653434892515
43.101,0.009587883949279785,46.005653434892515
43.101,0.009588122367858887,46.005653434892515
43.142,0.00958859920501709,46.22477846192737
43.142,0.009589910507202148,46.22477846192737
43.142,0.009589791297912598,46.22477846192737
43.142,0.009589195251464844,46.22477846192737
43.142,0.009588479995727539,46.22477846192737
43.142,0.009587883949279785,46.22477846192737
43.142,0.009396791458129883,45.45269152942093
43.142,0.009387850761413574,45.45269152942093
43.142,0.009401440620422363,45.45269152942093
43.142,0.009588956832885742,45.45269152942093
43.142,0.009590387344360352,45.45269152942093
43.142,0.009380102157592773,45.45269152942093
42.369,0.009405374526977539,45.48152511153155
42.369,0.009406447410583496,45.48152511153155
42.369,0.009409546852111816,45.48152511153155
42.369,0.009409904479980469,45.48152511153155
42.369,0.009411215782165527,45.48152511153155
42.369,0.00941157341003418,45.48152511153155
42.403,0.00941324234008789,45.44297095466604
42.403,0.009414315223693848,45.44297095466604
42.403,0.009412646293640137,45.44297095466604
42.403,0.00941324234008789,45.44297095466604
42.403,0.009412407875061035,45.44297095466604
42.403,0.009413957595825195,45.44297095466604
41.628,0.009413361549377441,44.78455365801523
41.628,0.009413838386535645,44.78455365801523
41.628,0.009319305419921875,44.78455365801523
41.628,0.009212970733642578,44.78455365801523
41.628,0.009225010871887207,44.78455365801523
41.628,0.009229063987731934,44.78455365801523
41.643,0.009240150451660156,44.313611808496816
41.643,0.009232878684997559,44.313611808496816
41.643,0.009235262870788574,44.313611808496816
41.643,0.009237885475158691,44.313611808496816
41.643,0.009237885475158691,44.313611808496816
41.643,0.009240150451660156,44.313611808496816
41.676,0.009242653846740723,44.51644151826582
41.676,0.009241461753845215,44.51644151826582
41.676,0.00924217700958252,44.51644151826582
41.676,0.009243011474609375,44.51644151826582
41.676,0.009240865707397461,44.51644151826582
41.676,0.009241104125976562,44.51644151826582
41.692,0.009242534637451172,44.14017972134526
41.692,0.009243011474609375,44.14017972134526
41.692,0.009241461753845215,44.14017972134526
41.692,0.009242415428161621,44.14017972134526
41.692,0.00924217700958252,44.14017972134526
41.692,0.009241580963134766,44.14017972134526
41.708,0.009243130683898926,43.90208429219207
41.708,0.009240388870239258,43.90208429219207
41.708,0.009241580963134766,43.90208429219207
41.708,0.009241700172424316,43.90208429219207
41.708,0.00924074649810791,43.90208429219207
41.708,0.009238719940185547,43.90208429219207
41.737,0.009237170219421387,43.65894127710364
41.737,0.00923919677734375,43.65894127710364
41.737,0.00923919677734375,43.65894127710364
41.737,0.009241104125976562,43.65894127710364
41.737,0.009240031242370605,43.65894127710364
41.737,0.009238719940185547,43.65894127710364
41.743,0.009238839149475098,43.541706328017916
41.743,0.009236574172973633,43.541706328017916
41.743,0.009238123893737793,43.541706328017916
41.743,0.009235739707946777,43.541706328017916
41.749,0.009234905242919922,43.46036026151406
41.749,0.009236693382263184,43.46036026151406
41.749,0.009236335754394531,43.46036026151406
41.749,0.009236335754394531,43.46036026151406
41.752,0.00923454761505127,43.33735089033173
41.752,0.009235382080078125,43.33735089033173
41.752,0.00923609733581543,43.33735089033173
41.752,0.00923454761505127,43.33735089033173
41.752,0.009234428405761719,43.33735089033173
41.752,0.009233951568603516,43.33735089033173
41.758,0.009233593940734863,43.53412579264666
41.758,0.009233474731445312,43.53412579264666
41.758,0.009234189987182617,43.53412579264666
41.758,0.009234189987182617,43.53412579264666
41.758,0.009233713150024414,43.53412579264666
41.758,0.009233593940734863,43.53412579264666
41.759,0.009233355522155762,43.84897365808459
41.759,0.009234428405761719,43.84897365808459
41.759,0.009232521057128906,43.84897365808459
41.759,0.009232640266418457,43.84897365808459
41.759,0.00923168659210205,43.84897365808459
41.759,0.009233355522155762,43.84897365808459
41.766,0.009232401847839355,43.68979731018092
41.766,0.00923144817352295,43.68979731018092
41.766,0.00923168659210205,43.68979731018092
41.766,0.00923299789428711,43.68979731018092
41.766,0.009232044219970703,43.68979731018092
41.766,0.009230494499206543,43.68979731018092
41.766,0.009231925010681152,43.68979731018092
41.768,0.00923001766204834,44.32892247172811
41.768,0.009230375289916992,44.32892247172811
41.768,0.00923013687133789,44.32892247172811
41.768,0.009230971336364746,44.32892247172811
41.768,0.009232163429260254,44.32892247172811
41.768,0.009231090545654297,44.32892247172811
41.774,0.009230613708496094,44.93737649335418
41.774,0.009230732917785645,44.93737649335418
41.774,0.00923013687133789,44.93737649335418
41.774,0.009229898452758789,44.93737649335418
41.774,0.009228825569152832,44.93737649335418
41.774,0.009229779243469238,44.93737649335418
41.779,0.009227156639099121,44.99931796841135
41.779,0.009227275848388672,44.99931796841135
41.779,0.009228825569152832,44.99931796841135
41.779,0.009228825569152832,44.99931796841135
41.779,0.009229898452758789,44.99931796841135
41.779,0.009227991104125977,44.99931796841135
41.784,0.00922703742980957,45.399603794996175
41.784,0.009226679801940918,45.399603794996175
41.784,0.009226799011230469,45.399603794996175
41.784,0.009227395057678223,45.399603794996175
41.784,0.009226322174072266,45.399603794996175
41.784,0.009226799011230469,45.399603794996175
41.791,0.009225249290466309,45.91049799624402
41.791,0.009225606918334961,45.91049799624402
41.791,0.009225845336914062,45.91049799624402
41.791,0.009224534034729004,45.91049799624402
41.791,0.009224295616149902,45.91049799624402
41.791,0.00922536849975586,45.91049799624402
41.797,0.009223461151123047,46.56189924757922
41.797,0.009221911430358887,46.56189924757922
41.797,0.009223580360412598,46.56189924757922
41.797,0.009223341941833496,46.56189924757922
41.797,0.009223461151123047,46.56189924757922
41.797,0.009223699569702148,46.56189924757922
41.798,0.009221434593200684,46.497369182538506
41.798,0.009220004081726074,46.497369182538506
41.798,0.009220242500305176,46.497369182538506
41.798,0.009222269058227539,46.497369182538506
41.798,0.009221792221069336,46.497369182538506
41.798,0.009220600128173828,46.497369182538506
41.8,0.009220123291015625,46.82273804401422
41.8,0.009218931198120117,46.82273804401422
41.8,0.009219884872436523,46.82273804401422
41.803,0.009214520454406738,46.71142849382821
41.803,0.009216666221618652,46.71142849382821
41.803,0.009215593338012695,46.71142849382821
41.803,0.009214520454406738,46.71142849382821
41.803,0.009213685989379883,46.71142849382821
41.807,0.009212255477905273,46.763135182178715
41.807,0.009211182594299316,46.763135182178715
41.807,0.009210467338562012,46.763135182178715
41.807,0.009211897850036621,46.763135182178715
41.807,0.009214639663696289,46.763135182178715
41.807,0.009210944175720215,46.763135182178715
41.808,0.00921022891998291,46.68696679015311
41.808,0.009210467338562012,46.68696679015311
41.808,0.009208202362060547,46.68696679015311
41.808,0.009208440780639648,46.68696679015311
41.808,0.009208440780639648,46.68696679015311
41.808,0.009208440780639648,46.68696679015311
41.805,0.009207367897033691,46.53712685299414
41.805,0.009205460548400879,46.53712685299414
41.805,0.009206414222717285,46.53712685299414
41.805,0.009205222129821777,46.53712685299414
41.805,0.00920557975769043,46.53712685299414
41.805,0.009204506874084473,46.53712685299414
41.8,0.009202122688293457,46.30318080427675
41.8,0.009200811386108398,46.30318080427675
41.8,0.00920569896697998,46.30318080427675
41.8,0.009202957153320312,46.30318080427675
41.793,0.00920116901397705,45.911287177194104
41.793,0.009201288223266602,45.911287177194104
41.793,0.009200572967529297,45.911287177194104
41.793,0.009198904037475586,45.911287177194104
41.793,0.009199976921081543,45.911287177194104
41.793,0.009200572967529297,45.911287177194104
41.791,0.009195804595947266,45.512424060312
41.791,0.009195685386657715,45.512424060312
41.791,0.00919806957244873,45.512424060312
41.791,0.009197473526000977,45.512424060312
41.791,0.009197235107421875,45.512424060312
41.791,0.009197115898132324,45.512424060312
41.79,0.009194254875183105,45.10155156121153
41.79,0.009196996688842773,45.10155156121153
41.79,0.009195446968078613,45.10155156121153
41.79,0.00919342041015625,45.10155156121153
41.79,0.0091933012008667,45.10155156121153
41.79,0.00919485092163086,45.10155156121153
41.785,0.009191513061523438,44.652582703531024
41.785,0.00919198989868164,44.652582703531024
41.785,0.009191632270812988,44.652582703531024
41.785,0.009192585945129395,44.652582703531024
41.785,0.009193181991577148,44.652582703531024
41.785,0.009193658828735352,44.652582703531024
41.785,0.009190201759338379,44.37940500640441
41.785,0.009190082550048828,44.37940500640441
41.785,0.009189367294311523,44.37940500640441
41.785,0.009189367294311523,44.37940500640441
41.785,0.009191036224365234,44.37940500640441
41.785,0.009190917015075684,44.37940500640441
41.779,0.009189128875732422,43.42819693759473
41.779,0.009190201759338379,43.42819693759473
41.779,0.009188652038574219,43.42819693759473
41.779,0.009187936782836914,43.42819693759473
41.779,0.00918734073638916,43.42819693759473
41.779,0.00918722152709961,43.42819693759473
41.775,0.009188055992126465,43.59924945028811
41.775,0.009184718132019043,43.59924945028811
41.775,0.009185552597045898,43.59924945028811
41.775,0.00918722152709961,43.59924945028811
41.775,0.009187459945678711,43.59924945028811
41.775,0.009185314178466797,43.59924945028811
41.77,0.009184598922729492,42.61130088887901
41.77,0.009184837341308594,42.61130088887901
41.77,0.009185552597045898,42.61130088887901
41.77,0.009185433387756348,42.61130088887901
41.77,0.009184956550598145,42.61130088887901
41.77,0.00918424129486084,42.61130088887901
41.76,0.009181976318359375,42.1959617329686
41.76,0.009184479713439941,42.1959617329686
41.76,0.00918424129486084,42.1959617329686
41.76,0.009184122085571289,42.1959617329686
41.76,0.009183526039123535,42.1959617329686
41.76,0.009184598922729492,42.1959617329686
41.754,0.009183168411254883,41.75889290864241
41.754,0.00918269157409668,41.75889290864241
41.754,0.009181737899780273,41.75889290864241
41.754,0.009183406829833984,41.75889290864241
41.754,0.009183406829833984,41.75889290864241
41.754,0.009182095527648926,41.75889290864241
41.754,0.009180903434753418,40.62299223831788
41.754,0.009181618690490723,40.62299223831788
41.754,0.009180903434753418,40.62299223831788
41.754,0.00918114185333252,40.62299223831788
41.754,0.009180545806884766,40.62299223831788
41.754,0.009180784225463867,40.62299223831788
41.747,0.009180307388305664,40.563684116953674
41.747,0.009182095527648926,40.563684116953674
41.747,0.009180665016174316,40.563684116953674
41.747,0.009182095527648926,40.563684116953674
41.747,0.009180188179016113,40.563684116953674
41.747,0.009180903434753418,40.563684116953674
41.747,0.009181976318359375,40.563684116953674
41.744,0.009181857109069824,39.82277596500594
41.744,0.009178519248962402,39.82277596500594
41.744,0.009180784225463867,39.82277596500594
41.744,0.009181737899780273,39.82277596500594
41.744,0.009181380271911621,39.82277596500594
41.744,0.00917959213256836,39.82277596500594
41.74,0.009179830551147461,39.34971159309673
41.74,0.009179949760437012,39.34971159309673
41.74,0.009180545806884766,39.34971159309673
41.74,0.009179830551147461,39.34971159309673
41.74,0.009180188179016113,38.798549990687135
41.74,0.009180307388305664,38.798549990687135
41.74,0.009179115295410156,38.798549990687135
41.74,0.009179949760437012,38.798549990687135
41.733,0.009180307388305664,38.4536983417861
41.733,0.009180307388305664,38.4536983417861
41.733,0.009180545806884766,38.4536983417861
41.733,0.009180188179016113,38.4536983417861
41.733,0.009178996086120605,38.4536983417861
41.733,0.009180307388305664,38.4536983417861
41.729,0.009178996086120605,38.09446163262332
41.729,0.009180545806884766,38.09446163262332
41.729,0.00917971134185791,38.09446163262332
41.729,0.009179115295410156,38.09446163262332
41.729,0.009180307388305664,38.09446163262332
41.729,0.009179830551147461,38.09446163262332
41.727,0.009180188179016113,37.30884338772869
41.727,0.009180307388305664,37.30884338772869
41.727,0.009180665016174316,37.30884338772869
41.727,0.00917959213256836,37.30884338772869
41.727,0.009180903434753418,37.30884338772869
41.727,0.009179949760437012,37.30884338772869
41.725,0.009180307388305664,37.137475996964945
41.725,0.009179472923278809,37.137475996964945
41.725,0.009179949760437012,37.137475996964945
41.725,0.009181380271911621,37.137475996964945
41.725,0.009181380271911621,37.137475996964945
41.725,0.009180784225463867,37.137475996964945
41.724,0.009180068969726562,36.1832884443745
41.724,0.009181976318359375,36.1832884443745
41.724,0.009180307388305664,36.1832884443745
41.724,0.009181380271911621,36.1832884443745
41.724,0.009180545806884766,36.1832884443745
41.724,0.009180545806884766,36.1832884443745
41.721,0.00918126106262207,35.93799021051518
41.721,0.00918126106262207,35.93799021051518
41.721,0.009179949760437012,35.93799021051518
41.721,0.009180784225463867,35.93799021051518
41.721,0.00918114185333252,35.93799021051518
41.721,0.009182214736938477,35.93799021051518
41.719,0.009182333946228027,35.652342002429826
41.719,0.009181976318359375,35.652342002429826
41.719,0.009181618690490723,35.652342002429826
41.719,0.009181618690490723,35.652342002429826
41.713,0.009183287620544434,35.19547403225916
41.713,0.009183526039123535,35.19547403225916
41.713,0.009183764457702637,35.19547403225916
41.713,0.009182453155517578,35.19547403225916
41.713,0.00918269157409668,35.19547403225916
41.713,0.009182929992675781,35.19547403225916
41.711,0.009181857109069824,34.84046275278682
41.711,0.009183406829833984,34.84046275278682
41.711,0.009183645248413086,34.84046275278682
41.711,0.009183526039123535,34.84046275278682
41.711,0.00918269157409668,34.84046275278682
41.711,0.00918567180633545,34.84046275278682
41.711,0.00918269157409668,34.35919007886519
41.711,0.009184479713439941,34.35919007886519
41.711,0.009185194969177246,34.35919007886519
41.711,0.009184598922729492,34.35919007886519
41.711,0.009183645248413086,34.35919007886519
41.711,0.009183883666992188,34.35919007886519
41.702,0.009185791015625,34.128714509677415
41.702,0.009185552597045898,34.128714509677415
41.702,0.009184837341308594,34.128714509677415
41.702,0.00918591022491455,34.128714509677415
41.702,0.009184956550598145,34.128714509677415
41.702,0.009186506271362305,34.128714509677415
41.696,0.009185791015625,33.535246403975435
41.696,0.009186506271362305,33.535246403975435
41.696,0.009186387062072754,33.535246403975435
41.696,0.009184598922729492,33.535246403975435
41.696,0.009187102317810059,33.535246403975435
41.696,0.009187579154968262,33.535246403975435
41.695,0.00918877124786377,32.75587377622247
41.695,0.009186625480651855,32.75587377622247
41.695,0.009187459945678711,32.75587377622247
41.695,0.009187102317810059,32.75587377622247
41.695,0.009189367294311523,32.75587377622247
41.695,0.00918722152709961,32.75587377622247
41.694,0.009190201759338379,32.86400450996891
41.694,0.009189367294311523,32.86400450996891
41.694,0.009189605712890625,32.86400450996891
41.694,0.00918889045715332,32.86400450996891
41.694,0.009187817573547363,32.86400450996891
41.694,0.009186744689941406,32.86400450996891
41.693,0.009189248085021973,32.52121156200825
41.693,0.009190082550048828,32.52121156200825
41.693,0.009189963340759277,32.52121156200825
41.693,0.00919032096862793,32.52121156200825
41.693,0.009190082550048828,32.52121156200825
41.693,0.00919032096862793,32.52121156200825
41.686,0.009191155433654785,32.10465391965256
41.686,0.00919187068939209,32.10465391965256
41.686,0.009191274642944336,32.10465391965256
41.686,0.009192347526550293,32.10465391965256
41.686,0.009191393852233887,32.10465391965256
41.686,0.009192109107971191,32.10465391965256
41.683,0.009194135665893555,31.912928519652194
41.683,0.009192824363708496,31.912928519652194
41.683,0.009191513061523438,31.912928519652194
41.683,0.009193778038024902,31.912928519652194
41.683,0.009191155433654785,31.912928519652194
41.683,0.00919187068939209,31.912928519652194
41.679,0.009194374084472656,31.30072010303755
41.679,0.00919485092163086,31.30072010303755
41.679,0.009193062782287598,31.30072010303755
41.679,0.009193658828735352,31.30072010303755
41.679,0.00919342041015625,31.30072010303755
41.679,0.009195089340209961,31.30072010303755
41.677,0.009194612503051758,31.35400044011223
41.677,0.009194135665893555,31.35400044011223
41.677,0.009194016456604004,31.35400044011223
41.677,0.009195327758789062,31.35400044011223
41.677,0.009194493293762207,31.35400044011223
41.677,0.00919640064239502,31.35400044011223
41.671,0.009197711944580078,30.85496063860304
41.671,0.009197592735290527,30.85496063860304
41.671,0.009196639060974121,30.85496063860304
41.671,0.009197115898132324,30.85496063860304
41.671,0.009196996688842773,30.85496063860304
41.671,0.00919651985168457,30.85496063860304
41.669,0.009200215339660645,30.55363381009179
41.669,0.009199976921081543,30.55363381009179
41.669,0.009198665618896484,30.55363381009179
41.669,0.009199142456054688,30.55363381009179
41.669,0.009197473526000977,30.55363381009179
41.669,0.009196996688842773,30.55363381009179
41.669,0.009198307991027832,30.55363381009179
41.667,0.009200215339660645,29.992767255088722
41.667,0.009199857711791992,29.992767255088722
41.667,0.009199976921081543,29.992767255088722
41.667,0.009200096130371094,29.992767255088722
41.667,0.009201288223266602,29.992767255088722
41.667,0.009200572967529297,29.992767255088722
41.664,0.009201526641845703,29.989773059078054
41.664,0.009202957153320312,29.989773059078054
41.664,0.0092010498046875,29.989773059078054
41.664,0.009200096130371094,29.989773059078054
41.664,0.009201407432556152,29.989773059078054
41.664,0.009202837944030762,29.989773059078054
41.662,0.009203076362609863,29.47049344116879
41.662,0.009203433990478516,29.47049344116879
41.662,0.009203433990478516,29.47049344116879
41.662,0.009202837944030762,29.47049344116879
41.662,0.009203076362609863,29.47049344116879
41.662,0.009203791618347168,29.47049344116879
41.66,0.009205460548400879,29.248398739082475
41.66,0.009203553199768066,29.248398739082475
41.66,0.009203553199768066,29.248398739082475
41.66,0.009204626083374023,29.248398739082475
41.66,0.009203672409057617,29.248398739082475
41.66,0.009204626083374023,29.248398739082475
41.654,0.00920569896697998,29.025816728263138
41.654,0.009207010269165039,29.025816728263138
41.654,0.009205937385559082,29.025816728263138
41.654,0.009206175804138184,29.025816728263138
41.654,0.00920569896697998,29.025816728263138
41.654,0.009206056594848633,29.025816728263138
41.652,0.009206175804138184,28.68547780165202
41.652,0.00920712947845459,28.68547780165202
41.652,0.009207844734191895,28.68547780165202
41.652,0.009209036827087402,28.68547780165202
41.652,0.00920724868774414,28.68547780165202
41.652,0.00920867919921875,28.68547780165202
41.644,0.009207963943481445,28.40924974469956
41.644,0.00920867919921875,28.40924974469956
41.644,0.009209036827087402,28.40924974469956
41.644,0.009209632873535156,28.40924974469956
41.644,0.009209156036376953,28.40924974469956
41.644,0.009209990501403809,28.40924974469956
41.643,0.009211540222167969,28.0601122947699
41.643,0.009212255477905273,28.0601122947699
41.643,0.00921010971069336,28.0601122947699
41.643,0.00921022891998291,28.0601122947699
41.643,0.009209752082824707,28.0601122947699
41.643,0.00921022891998291,28.0601122947699
41.64,0.00921320915222168,27.869831203264553
41.64,0.009211182594299316,27.869831203264553
41.64,0.009210824966430664,27.869831203264553
41.64,0.009213089942932129,27.869831203264553
41.64,0.009212970733642578,27.869831203264553
41.64,0.009211063385009766,27.869831203264553
41.638,0.00921332836151123,27.593917860019875
41.638,0.009212970733642578,27.593917860019875
41.638,0.00921320915222168,27.593917860019875
41.638,0.009215950965881348,27.593917860019875
41.638,0.00921475887298584,27.593917860019875
41.638,0.009214520454406738,27.593917860019875
41.637,0.00921630859375,27.379347531873947
41.637,0.009215474128723145,27.379347531873947
41.637,0.009215593338012695,27.379347531873947
41.637,0.009215235710144043,27.379347531873947
41.637,0.00921487808227539,27.379347531873947
41.637,0.009215235710144043,27.379347531873947
41.636,0.00921630859375,27.062847605242617
41.636,0.009216547012329102,27.062847605242617
41.636,0.009216904640197754,27.062847605242617
41.636,0.009218811988830566,27.062847605242617
41.636,0.009219646453857422,27.062847605242617
41.636,0.009218215942382812,27.062847605242617
41.628,0.009220361709594727,26.68383964841435
41.628,0.009220242500305176,26.68383964841435
41.628,0.009219884872436523,26.68383964841435
41.628,0.00921940803527832,26.68383964841435
41.628,0.009218931198120117,26.68383964841435
41.628,0.009217977523803711,26.68383964841435
41.627,0.00922095775604248,26.313554556910002
41.627,0.009221792221069336,26.313554556910002
41.627,0.009221196174621582,26.313554556910002
41.627,0.009221911430358887,26.313554556910002
41.627,0.00922083854675293,26.313554556910002
41.627,0.009220242500305176,26.313554556910002
41.627,0.00922083854675293,26.243684836215447
41.627,0.00922250747680664,26.243684836215447
41.627,0.009223103523254395,26.243684836215447
41.627,0.00922250747680664,26.243684836215447
41.627,0.009223461151123047,26.243684836215447
41.627,0.009224295616149902,26.243684836215447
41.623,0.00922393798828125,26.061774366071667
41.623,0.00922393798828125,26.061774366071667
41.623,0.009224891662597656,26.061774366071667
41.623,0.0092240571975708,26.061774366071667
41.623,0.009223699569702148,26.061774366071667
41.623,0.009224772453308105,26.061774366071667
41.625,0.009226441383361816,25.864517909590273
41.625,0.00922536849975586,25.864517909590273
41.625,0.009226441383361816,25.864517909590273
41.625,0.009225606918334961,25.864517909590273
41.625,0.00922536849975586,25.864517909590273
41.625,0.009227633476257324,25.864517909590273
41.623,0.009229302406311035,25.516574490133
41.623,0.009229660034179688,25.516574490133
41.623,0.009227514266967773,25.516574490133
41.623,0.009227991104125977,25.516574490133
41.623,0.009228348731994629,25.516574490133
41.623,0.00922703742980957,25.516574490133
41.619,0.009229063987731934,25.52755752137724
41.619,0.00922858715057373,25.52755752137724
41.619,0.009229183197021484,25.52755752137724
41.619,0.009230375289916992,25.52755752137724
41.619,0.009229063987731934,25.52755752137724
41.619,0.009229302406311035,25.52755752137724
41.617,0.009229779243469238,25.107985177111612
41.617,0.00923144817352295,25.107985177111612
41.617,0.00923001766204834,25.107985177111612
41.617,0.0092315673828125,25.107985177111612
41.617,0.009231805801391602,25.107985177111612
41.617,0.0092315673828125,25.107985177111612
41.606,0.009233355522155762,24.99392042557213
41.606,0.009233951568603516,24.99392042557213
41.606,0.00923299789428711,24.99392042557213
41.606,0.009232282638549805,24.99392042557213
41.606,0.009231805801391602,24.99392042557213
41.606,0.009232044219970703,24.99392042557213
41.603,0.009234786033630371,24.682140121565894
41.603,0.009234428405761719,24.682140121565894
41.603,0.009235024452209473,24.682140121565894
41.603,0.009233713150024414,24.682140121565894
41.603,0.009235143661499023,24.682140121565894
41.603,0.00923454761505127,24.682140121565894
41.6,0.009236931800842285,24.612738265253054
41.6,0.009235620498657227,24.612738265253054
41.6,0.00923621654510498,24.612738265253054
41.6,0.009236574172973633,24.612738265253054
41.6,0.009235978126525879,24.612738265253054
41.6,0.009235739707946777,24.612738265253054
41.6,0.009238004684448242,24.07950544737364
41.6,0.00923621654510498,24.07950544737364
41.6,0.00923776626586914,24.07950544737364
41.6,0.00923919677734375,24.07950544737364
41.6,0.009238362312316895,24.07950544737364
41.6,0.009237170219421387,24.07950544737364
41.6,0.009235858917236328,24.07950544737364
41.598,0.009239912033081055,23.97697570874012
41.598,0.009240269660949707,23.97697570874012
41.598,0.009241580963134766,23.97697570874012
41.598,0.0092390775680542,23.97697570874012
41.597,0.009242653846740723,23.85716005759737
41.597,0.009241700172424316,23.85716005759737
41.597,0.009241700172424316,23.85716005759737
41.597,0.009239912033081055,23.85716005759737
41.597,0.009239673614501953,23.85716005759737
41.597,0.009241461753845215,23.85716005759737
41.593,0.009243011474609375,23.661806255375595
41.593,0.009242534637451172,23.661806255375595
41.593,0.009243249893188477,23.661806255375595
41.593,0.00924372673034668,23.661806255375595
41.593,0.009242892265319824,23.661806255375595
41.593,0.00924372673034668,23.661806255375595
41.595,0.009245634078979492,23.235230407709764
41.595,0.00924539566040039,23.235230407709764
41.595,0.009245514869689941,23.235230407709764
41.595,0.009243488311767578,23.235230407709764
41.595,0.009244918823242188,23.235230407709764
41.595,0.009244322776794434,23.235230407709764
41.591,0.00924539566040039,23.243535561093168
41.591,0.009245157241821289,23.243535561093168
41.591,0.009245753288269043,23.243535561093168
41.591,0.00924825668334961,23.243535561093168
41.591,0.009246587753295898,23.243535561093168
41.591,0.009248137474060059,23.243535561093168
41.591,0.00924980640411377,23.114014289903302
41.591,0.009250402450561523,23.114014289903302
41.591,0.009247303009033203,23.114014289903302
41.591,0.009248733520507812,23.114014289903302
41.591,0.009247899055480957,23.114014289903302
41.591,0.00924825668334961,23.114014289903302
41.583,0.009251713752746582,22.7874459785175
41.583,0.009250998497009277,22.7874459785175
41.583,0.009250044822692871,22.7874459785175
41.583,0.009250164031982422,22.7874459785175
41.583,0.009249448776245117,22.7874459785175
41.583,0.00924980640411377,22.7874459785175
41.582,0.009251713752746582,22.682066414526098
41.582,0.009251117706298828,22.682066414526098
41.582,0.00925147533416748,22.682066414526098
41.582,0.009250998497009277,22.682066414526098
41.582,0.00925147533416748,22.682066414526098
41.582,0.009253501892089844,22.682066414526098
41.577,0.009252309799194336,22.52345236490163
41.577,0.00925290584564209,22.52345236490163
41.577,0.009253978729248047,22.52345236490163
41.577,0.009253144264221191,22.52345236490163
41.577,0.009254217147827148,22.52345236490163
41.577,0.0092543363571167,22.52345236490163
41.575,0.009256124496459961,22.202810079395036
41.575,0.009255051612854004,22.202810079395036
41.575,0.009256482124328613,22.202810079395036
41.575,0.009256601333618164,22.202810079395036
41.575,0.009254217147827148,22.202810079395036
41.575,0.009254932403564453,22.202810079395036
41.575,0.009256601333618164,22.06760850078744
41.575,0.009256601333618164,22.06760850078744
41.575,0.009256482124328613,22.06760850078744
41.575,0.009255409240722656,22.06760850078744
41.575,0.009256601333618164,22.06760850078744
41.575,0.009258151054382324,22.06760850078744
41.57,0.009258627891540527,21.674657747451597
41.57,0.009259581565856934,21.674657747451597
41.57,0.009258747100830078,21.674657747451597
41.57,0.009258747100830078,21.674657747451597
41.57,0.009259223937988281,21.674657747451597
41.57,0.009259343147277832,21.674657747451597
41.569,0.009259939193725586,21.571909824262598
41.569,0.009262323379516602,21.571909824262598
41.569,0.00926053524017334,21.571909824262598
41.569,0.009259581565856934,21.571909824262598
41.569,0.009259700775146484,21.571909824262598
41.569,0.00926065444946289,21.571909824262598
41.567,0.009261727333068848,21.36710552787773
41.567,0.009261727333068848,21.36710552787773
41.567,0.009262442588806152,21.36710552787773
41.567,0.009261250495910645,21.36710552787773
41.567,0.009262919425964355,21.36710552787773
41.567,0.009263277053833008,21.36710552787773
41.564,0.009263396263122559,21.171530374717804
41.564,0.009262681007385254,21.171530374717804
41.564,0.00926351547241211,21.171530374717804
41.564,0.009263277053833008,21.171530374717804
41.564,0.009264588356018066,21.171530374717804
41.564,0.009263992309570312,21.171530374717804
41.561,0.00926518440246582,21.18231385175077
41.561,0.00926506519317627,21.18231385175077
41.561,0.009263753890991211,21.18231385175077
41.561,0.009265303611755371,21.18231385175077
41.561,0.00926506519317627,21.18231385175077
41.561,0.009264588356018066,21.18231385175077
41.56,0.009266018867492676,20.746153223750575
41.56,0.009265899658203125,20.746153223750575
41.56,0.009265661239624023,20.746153223750575
41.56,0.00926661491394043,20.746153223750575
41.56,0.009266972541809082,20.746153223750575
41.56,0.009266495704650879,20.746153223750575
41.56,0.009267926216125488,20.58638670210963
41.56,0.00926816463470459,20.58638670210963
41.56,0.009268403053283691,20.58638670210963
41.56,0.009267449378967285,20.58638670210963
41.56,0.009268403053283691,20.58638670210963
41.56,0.009269237518310547,20.58638670210963
41.555,0.009270071983337402,20.47531169162775
41.555,0.00926971435546875,20.47531169162775
41.555,0.009269475936889648,20.47531169162775
41.555,0.009269356727600098,20.47531169162775
41.555,0.00926971435546875,20.47531169162775
41.555,0.0092698335647583,20.47531169162775
41.553,0.009271740913391113,20.233382007778435
41.553,0.009271502494812012,20.233382007778435
41.553,0.009272933006286621,20.233382007778435
41.553,0.00927126407623291,20.233382007778435
41.553,0.00926971435546875,20.233382007778435
41.553,0.00927114486694336,20.233382007778435
41.549,0.009272336959838867,20.31442947397785
41.549,0.009272456169128418,20.31442947397785
41.549,0.009272336959838867,20.31442947397785
41.549,0.009272098541259766,20.31442947397785
41.549,0.009273529052734375,20.31442947397785
41.549,0.009273052215576172,20.31442947397785
41.549,0.009274125099182129,19.998619747476518
41.549,0.009273767471313477,19.998619747476518
41.549,0.009275555610656738,19.998619747476518
41.549,0.009273648262023926,19.998619747476518
41.549,0.009273648262023926,19.998619747476518
41.549,0.009274840354919434,19.998619747476518
41.545,0.009275317192077637,19.750276695963446
41.545,0.009274959564208984,19.750276695963446
41.545,0.009275674819946289,19.750276695963446
41.545,0.00927424430847168,19.750276695963446
41.545,0.009276747703552246,19.750276695963446
41.545,0.00927734375,19.750276695963446
41.544,0.009276509284973145,19.78172425461293
41.544,0.00927722454071045,19.78172425461293
41.544,0.009277701377868652,19.78172425461293
41.544,0.009276032447814941,19.78172425461293
41.544,0.00927722454071045,19.78172425461293
41.544,0.009278059005737305,19.78172425461293
41.544,0.009278178215026855,19.78172425461293
41.543,0.00928032398223877,19.356714449269735
41.543,0.00927889347076416,19.356714449269735
41.543,0.009279251098632812,19.356714449269735
41.543,0.009279727935791016,19.356714449269735
41.543,0.009277939796447754,19.356714449269735
41.543,0.009279251098632812,19.356714449269735
41.54,0.009280085563659668,19.200706592583735
41.54,0.009279966354370117,19.200706592583735
41.54,0.009280085563659668,19.200706592583735
41.54,0.009282469749450684,19.200706592583735
41.54,0.009281754493713379,19.200706592583735
41.54,0.009280204772949219,19.200706592583735
41.538,0.009282112121582031,19.097579486950483
41.538,0.009281516075134277,19.097579486950483
41.538,0.009282588958740234,19.097579486950483
41.538,0.009280920028686523,19.097579486950483
41.538,0.009282708168029785,19.097579486950483
41.538,0.009282946586608887,19.097579486950483
41.539,0.009284019470214844,19.09073886860496
41.539,0.009283185005187988,19.09073886860496
41.539,0.009281635284423828,19.09073886860496
41.539,0.009283661842346191,19.09073886860496
41.537,0.009285688400268555,18.993132660776908
41.537,0.0092850923538208,18.993132660776908
41.537,0.009284019470214844,18.993132660776908
41.537,0.009285211563110352,18.993132660776908
41.537,0.0092850923538208,18.993132660776908
41.537,0.009285807609558105,18.993132660776908
41.533,0.0092850923538208,18.46447627958228
41.533,0.0092850923538208,18.46447627958228
41.533,0.009285807609558105,18.46447627958228
41.533,0.009285688400268555,18.46447627958228
41.533,0.009286284446716309,18.46447627958228
41.533,0.009287118911743164,18.46447627958228
41.529,0.009289383888244629,18.52215145651393
41.529,0.00928962230682373,18.52215145651393
41.529,0.009289860725402832,18.52215145651393
41.529,0.009286999702453613,18.52215145651393
41.529,0.009286880493164062,18.52215145651393
41.529,0.009288430213928223,18.52215145651393
41.527,0.009289145469665527,18.330655222565213
41.527,0.009290456771850586,18.330655222565213
41.527,0.009290575981140137,18.330655222565213
41.527,0.009288907051086426,18.330655222565213
41.527,0.009288787841796875,18.330655222565213
41.527,0.00928795337677002,18.330655222565213
41.523,0.009289860725402832,18.04590999813514
41.523,0.009290218353271484,18.04590999813514
41.523,0.009290933609008789,18.04590999813514
41.523,0.009290695190429688,18.04590999813514
41.523,0.009291648864746094,18.04590999813514
41.523,0.009291529655456543,18.04590999813514
41.521,0.00929272174835205,17.960594734809302
41.521,0.009292006492614746,17.960594734809302
41.521,0.009292364120483398,17.960594734809302
41.521,0.009292244911193848,17.960594734809302
41.521,0.009293794631958008,17.960594734809302
41.521,0.009292364120483398,17.960594734809302
41.521,0.009293794631958008,17.815747312458228
41.521,0.009294509887695312,17.815747312458228
41.521,0.009293794631958008,17.815747312458228
41.521,0.009293913841247559,17.815747312458228
41.521,0.009293794631958008,17.815747312458228
41.521,0.00929415225982666,17.815747312458228
41.516,0.009296298027038574,17.673004607119132
41.516,0.00929415225982666,17.673004607119132
41.516,0.009296059608459473,17.673004607119132
41.516,0.009295225143432617,17.673004607119132
41.516,0.009294748306274414,17.673004607119132
41.516,0.009296298027038574,17.673004607119132
41.517,0.009295344352722168,17.5406356611421
41.517,0.009296178817749023,17.5406356611421
41.517,0.009297609329223633,17.5406356611421
41.517,0.00929725170135498,17.5406356611421
41.517,0.009296298027038574,17.5406356611421
41.517,0.00929713249206543,17.5406356611421
41.517,0.009297728538513184,17.41830469673191
41.517,0.00929713249206543,17.41830469673191
41.517,0.009297847747802734,17.41830469673191
41.517,0.009298324584960938,17.41830469673191
41.517,0.009296894073486328,17.41830469673191
41.517,0.009297966957092285,17.41830469673191
41.514,0.009299039840698242,17.19145051644668
41.514,0.009299516677856445,17.19145051644668
41.514,0.009299278259277344,17.19145051644668
41.514,0.009298086166381836,17.19145051644668
41.514,0.009299039840698242,17.19145051644668
41.514,0.009299635887145996,17.19145051644668
41.513,0.009302020072937012,17.16748637987289
41.513,0.009301185607910156,17.16748637987289
41.513,0.00930178165435791,17.16748637987289
41.513,0.009299397468566895,17.16748637987289
41.513,0.009299755096435547,17.16748637987289
41.513,0.009300708770751953,17.16748637987289
41.507,0.009302735328674316,16.949373453757012
41.507,0.009303092956542969,16.949373453757012
41.507,0.00930166244506836,16.949373453757012
41.507,0.009300589561462402,16.949373453757012
41.507,0.009300470352172852,16.949373453757012
41.507,0.009302020072937012,16.949373453757012
41.507,0.009302973747253418,16.93679718784922
41.507,0.009302020072937012,16.93679718784922
41.507,0.00930321216583252,16.93679718784922
41.507,0.009302735328674316,16.93679718784922
41.507,0.009302854537963867,16.93679718784922
41.507,0.009303569793701172,16.93679718784922
41.502,0.009305357933044434,16.57853887221509
41.502,0.009304285049438477,16.57853887221509
41.502,0.009303689002990723,16.57853887221509
41.502,0.009304404258728027,16.57853887221509
41.502,0.009305596351623535,16.57853887221509
41.502,0.00930631160736084,16.57853887221509
41.5,0.009305834770202637,16.540430731387094
41.5,0.009307026863098145,16.540430731387094
41.5,0.009306073188781738,16.540430731387094
41.5,0.009307146072387695,16.540430731387094
41.5,0.009305357933044434,16.540430731387094
41.5,0.009305357933044434,16.540430731387094
41.504,0.009307265281677246,16.512289610140414
41.504,0.009307265281677246,16.512289610140414
41.504,0.009307503700256348,16.512289610140414
41.504,0.009306669235229492,16.512289610140414
41.504,0.009306550025939941,16.512289610140414
41.504,0.009308815002441406,16.512289610140414
41.502,0.009309530258178711,16.348984177070236
41.502,0.009308695793151855,16.348984177070236
41.502,0.009308695793151855,16.348984177070236
41.502,0.009307384490966797,16.348984177070236
41.502,0.009307861328125,16.348984177070236
41.502,0.009307861328125,16.348984177070236
41.501,0.009311079978942871,15.936698163219111
41.501,0.009310126304626465,15.936698163219111
41.501,0.00930929183959961,15.936698163219111
41.501,0.009309768676757812,15.936698163219111
41.501,0.009309768676757812,15.936698163219111
41.501,0.009309530258178711,15.936698163219111
41.501,0.00930941104888916,15.936698163219111
41.493,0.009312033653259277,15.911072321919587
41.493,0.00931084156036377,15.911072321919587
41.493,0.009311795234680176,15.911072321919587
41.493,0.00931096076965332,15.911072321919587
41.493,0.009311079978942871,15.911072321919587
41.492,0.00931406021118164,15.900771780447705
41.492,0.00931406021118164,15.900771780447705
41.492,0.009312152862548828,15.900771780447705
41.492,0.00931096076965332,15.900771780447705
41.492,0.009312272071838379,15.900771780447705
41.492,0.009311437606811523,15.900771780447705
41.492,0.009312272071838379,15.900771780447705
41.493,0.00931406021118164,15.841194387850798
41.493,0.009314298629760742,15.841194387850798
41.493,0.0093153715133667,15.841194387850798
41.493,0.009312868118286133,15.841194387850798
41.493,0.009313344955444336,15.841194387850798
41.493,0.00931239128112793,15.841194387850798
41.492,0.009314179420471191,15.65332157724027
41.492,0.009315133094787598,15.65332157724027
41.492,0.009313821792602539,15.65332157724027
41.492,0.0093153715133667,15.65332157724027
41.492,0.009315252304077148,15.65332157724027
41.492,0.0093153715133667,15.65332157724027
41.49,0.009317278861999512,15.57267796779675
41.49,0.009317159652709961,15.57267796779675
41.49,0.009317994117736816,15.57267796779675
41.49,0.009315252304077148,15.57267796779675
41.49,0.009317636489868164,15.57267796779675
41.49,0.0093156099319458,15.57267796779675
41.486,0.009317994117736816,15.23923503689745
41.486,0.00931859016418457,15.23923503689745
41.486,0.009318232536315918,15.23923503689745
41.486,0.009317755699157715,15.23923503689745
41.486,0.00931704044342041,15.23923503689745
41.486,0.009316205978393555,15.23923503689745
41.482,0.009317755699157715,15.070282799292391
41.482,0.009317755699157715,15.070282799292391
41.482,0.009318351745605469,15.070282799292391
41.482,0.009320735931396484,15.070282799292391
41.482,0.009319186210632324,15.070282799292391
41.482,0.009319543838500977,15.070282799292391
41.479,0.009319067001342773,14.914949203773599
41.479,0.009319663047790527,14.914949203773599
41.479,0.00932013988494873,14.914949203773599
41.479,0.009320259094238281,14.914949203773599
41.479,0.009320735931396484,14.914949203773599
41.479,0.009319663047790527,14.914949203773599
41.473,0.009322762489318848,14.76046078878669
41.473,0.009320735931396484,14.76046078878669
41.473,0.009322404861450195,14.76046078878669
41.473,0.009320855140686035,14.76046078878669
41.473,0.009320735931396484,14.76046078878669
41.473,0.009321093559265137,14.76046078878669
41.473,0.009322643280029297,14.840260170574611
41.473,0.009321093559265137,14.840260170574611
41.473,0.0093231201171875,14.840260170574611
41.473,0.009321808815002441,14.840260170574611
41.473,0.009322404861450195,14.840260170574611
41.473,0.00932323932647705,14.840260170574611
41.47,0.009324789047241211,14.691819824367599
41.47,0.009323358535766602,14.691819824367599
41.47,0.009322762489318848,14.691819824367599
41.47,0.009322762489318848,14.691819824367599
41.47,0.009324073791503906,14.691819824367599
41.47,0.009323358535766602,14.691819824367599
41.467,0.009323477745056152,14.36055207533013
41.467,0.009325861930847168,14.36055207533013
41.467,0.009326338768005371,14.36055207533013
41.467,0.009324193000793457,14.36055207533013
41.467,0.009324073791503906,14.36055207533013
41.467,0.009324312210083008,14.36055207533013
41.468,0.009325623512268066,14.23337040810504
41.468,0.009325742721557617,14.23337040810504
41.468,0.009325861930847168,14.23337040810504
41.468,0.009326457977294922,14.23337040810504
41.468,0.009327411651611328,14.23337040810504
41.468,0.00932610034942627,14.23337040810504
41.468,0.009327292442321777,14.352530901193166
41.468,0.009325385093688965,14.352530901193166
41.468,0.00932621955871582,14.352530901193166
41.468,0.009327888488769531,14.352530901193166
41.468,0.009327530860900879,14.352530901193166
41.468,0.009326815605163574,14.352530901193166
41.468,0.009329080581665039,14.250143528547227
41.468,0.009328007698059082,14.250143528547227
41.468,0.009328126907348633,14.250143528547227
41.468,0.009328722953796387,14.250143528547227
41.468,0.009327292442321777,14.250143528547227
41.468,0.009327411651611328,14.250143528547227
41.464,0.009328246116638184,13.945923426553879
41.464,0.00932931900024414,13.945923426553879
41.464,0.009328603744506836,13.945923426553879
41.464,0.009328603744506836,13.945923426553879
41.464,0.009328842163085938,13.945923426553879
41.464,0.009328126907348633,13.945923426553879
41.463,0.00932931900024414,13.87779078308219
41.463,0.009330153465270996,13.87779078308219
41.463,0.009329915046691895,13.87779078308219
41.463,0.009331583976745605,13.87779078308219
41.463,0.009330987930297852,13.87779078308219
41.463,0.00933074951171875,13.87779078308219
41.459,0.00933074951171875,13.985000825276511
41.459,0.009331226348876953,13.985000825276511
41.459,0.009332656860351562,13.985000825276511
41.459,0.009331703186035156,13.985000825276511
41.459,0.0093308687210083,13.985000825276511
41.459,0.0093308687210083,13.985000825276511
41.457,0.009331941604614258,13.80631753046066
41.457,0.009332895278930664,13.80631753046066
41.457,0.009332776069641113,13.80631753046066
41.457,0.009332537651062012,13.80631753046066
41.457,0.009331583976745605,13.80631753046066
41.457,0.009333610534667969,13.80631753046066
41.454,0.009333610534667969,13.54349914995696
41.454,0.009332895278930664,13.54349914995696
41.454,0.009333133697509766,13.54349914995696
41.454,0.00933372974395752,13.54349914995696
41.454,0.009335994720458984,13.343401440272356
41.454,0.00933384895324707,13.343401440272356
41.454,0.009334444999694824,13.343401440272356
41.454,0.00933384895324707,13.343401440272356
41.454,0.009336590766906738,13.343401440272356
41.454,0.009337425231933594,13.343401440272356
41.452,0.009335875511169434,13.294583664615008
41.452,0.009336590766906738,13.294583664615008
41.452,0.009335041046142578,13.294583664615008
41.452,0.00933527946472168,13.294583664615008
41.452,0.009335637092590332,13.294583664615008
41.452,0.009336709976196289,13.294583664615008
41.449,0.009335756301879883,13.088372359514667
41.449,0.009337186813354492,13.088372359514667
41.449,0.00933682918548584,13.088372359514667
41.449,0.009336590766906738,13.088372359514667
41.449,0.009337663650512695,13.088372359514667
41.449,0.009338021278381348,13.088372359514667
41.448,0.009337544441223145,13.118813001506432
41.448,0.009338855743408203,13.118813001506432
41.448,0.009338855743408203,13.118813001506432
41.448,0.00933825969696045,13.118813001506432
41.448,0.00933849811553955,13.118813001506432
41.448,0.009338974952697754,13.118813001506432
41.441,0.009339094161987305,12.942404011813927
41.441,0.009339332580566406,12.942404011813927
41.441,0.009338855743408203,12.942404011813927
41.441,0.009339570999145508,12.942404011813927
41.441,0.009339570999145508,12.942404011813927
41.441,0.009338736534118652,12.942404011813927
41.44,0.009339213371276855,12.868677853613256
41.44,0.009340167045593262,12.868677853613256
41.44,0.00934135913848877,12.868677853613256
41.44,0.009342670440673828,12.868677853613256
41.44,0.009339690208435059,12.868677853613256
41.44,0.009339570999145508,12.868677853613256
41.44,0.00934147834777832,12.868677853613256
41.437,0.009341120719909668,12.77894434953638
41.437,0.00933980941772461,12.77894434953638
41.437,0.009340643882751465,12.77894434953638
41.437,0.009342193603515625,12.77894434953638
41.437,0.00934135913848877,12.77894434953638
41.437,0.009342193603515625,12.77894434953638
41.436,0.009341239929199219,12.386846058257225
41.436,0.009343147277832031,12.386846058257225
41.436,0.009342193603515625,12.386846058257225
41.436,0.009343147277832031,12.386846058257225
41.436,0.009343147277832031,12.386846058257225
41.436,0.009341955184936523,12.386846058257225
41.437,0.009343385696411133,12.456602232774147
41.437,0.009343147277832031,12.456602232774147
41.437,0.00934302806854248,12.456602232774147
41.437,0.009344220161437988,12.456602232774147
41.437,0.009343504905700684,12.456602232774147
41.437,0.009343862533569336,12.456602232774147
41.433,0.009343743324279785,12.463054530644666
41.433,0.009344696998596191,12.463054530644666
41.433,0.009344816207885742,12.463054530644666
41.433,0.009344220161437988,12.463054530644666
41.433,0.009345293045043945,12.463054530644666
41.433,0.009346246719360352,12.463054530644666
41.432,0.0093458890914917,12.064351358338154
41.432,0.009346246719360352,12.064351358338154
41.432,0.009346485137939453,12.064351358338154
41.432,0.009345173835754395,12.064351358338154
41.432,0.00934445858001709,12.064351358338154
41.432,0.009345054626464844,12.064351358338154
41.432,0.009345531463623047,12.234107299082885
41.432,0.009347677230834961,12.234107299082885
41.432,0.009346961975097656,12.234107299082885
41.432,0.009345412254333496,12.234107299082885
41.432,0.009345650672912598,12.234107299082885
41.432,0.009345054626464844,12.234107299082885
41.43,0.009347677230834961,11.977966927268128
41.43,0.009347081184387207,11.977966927268128
41.43,0.00934743881225586,11.977966927268128
41.43,0.009348034858703613,11.977966927268128
41.43,0.009347796440124512,11.977966927268128
41.43,0.009348273277282715,11.977966927268128
41.427,0.009348750114440918,11.911457032482057
41.427,0.00934898853302002,11.911457032482057
41.427,0.009348511695861816,11.911457032482057
41.427,0.009346723556518555,11.911457032482057
41.427,0.009347915649414062,11.911457032482057
41.427,0.009349346160888672,11.911457032482057
41.426,0.00934910774230957,11.81257665172171
41.426,0.009349465370178223,11.81257665172171
41.426,0.009350061416625977,11.81257665172171
41.426,0.009348034858703613,11.81257665172171
41.426,0.009349942207336426,11.81257665172171
41.426,0.009349465370178223,11.81257665172171
41.42,0.009350180625915527,11.67983166730253
41.42,0.009349822998046875,11.67983166730253
41.42,0.009351015090942383,11.67983166730253
41.42,0.009351611137390137,11.67983166730253
41.42,0.009351134300231934,11.67983166730253
41.42,0.009349346160888672,11.67983166730253
41.42,0.009352326393127441,11.564709805504716
41.42,0.009351611137390137,11.564709805504716
41.42,0.009351253509521484,11.564709805504716
41.42,0.009350299835205078,11.564709805504716
41.42,0.009349346160888672,11.564709805504716
41.42,0.009351253509521484,11.564709805504716
41.421,0.009350895881652832,11.427573049503696
41.421,0.00935208797454834,11.427573049503696
41.421,0.009351134300231934,11.427573049503696
41.421,0.009351968765258789,11.427573049503696
41.421,0.009351730346679688,11.427573049503696
41.421,0.009352326393127441,11.427573049503696
41.422,0.009354233741760254,11.390125327830118
41.422,0.009350299835205078,11.390125327830118
41.422,0.009354948997497559,11.390125327830118
41.422,0.009352326393127441,11.390125327830118
41.422,0.009353280067443848,11.390125327830118
41.418,0.009354591369628906,11.011925701845298
41.418,0.009352922439575195,11.011925701845298
41.418,0.009353041648864746,11.011925701845298
41.418,0.009352326393127441,11.011925701845298
41.418,0.009353160858154297,11.011925701845298
41.416,0.009353995323181152,11.124225543635777
41.416,0.009354472160339355,11.124225543635777
41.416,0.009354829788208008,11.124225543635777
41.416,0.009355545043945312,11.124225543635777
41.416,0.009354948997497559,11.124225543635777
41.416,0.009354472160339355,11.124225543635777
41.415,0.009357333183288574,10.795478894670122
41.415,0.009356379508972168,10.795478894670122
41.415,0.009356856346130371,10.795478894670122
41.415,0.009356379508972168,10.795478894670122
41.415,0.009356379508972168,10.795478894670122
41.415,0.009356379508972168,10.795478894670122
41.415,0.009356856346130371,10.924913144232345
41.415,0.009356975555419922,10.924913144232345
41.415,0.009357094764709473,10.924913144232345
41.415,0.009356260299682617,10.924913144232345
41.415,0.00935518741607666,10.924913144232345
41.415,0.009355783462524414,10.924913144232345
41.416,0.009357452392578125,10.776314145764655
41.416,0.009357929229736328,10.776314145764655
41.416,0.00935816764831543,10.776314145764655
41.416,0.009358048439025879,10.776314145764655
41.416,0.009357571601867676,10.776314145764655
41.416,0.009355425834655762,10.776314145764655
41.415,0.009356260299682617,10.651435183002496
41.415,0.009358525276184082,10.651435183002496
41.415,0.009358048439025879,10.651435183002496
41.415,0.009359359741210938,10.651435183002496
41.415,0.009357929229736328,10.651435183002496
41.415,0.009358525276184082,10.651435183002496
41.413,0.009358644485473633,10.505841133622258
41.413,0.00935816764831543,10.505841133622258
41.413,0.00935828685760498,10.505841133622258
41.413,0.009358763694763184,10.505841133622258
41.413,0.00936126708984375,10.505841133622258
41.413,0.009359240531921387,10.505841133622258
41.408,0.009359359741210938,10.503090733853018
41.408,0.009359955787658691,10.503090733853018
41.408,0.009360313415527344,10.503090733853018
41.408,0.00935983657836914,10.503090733853018
41.408,0.00935983657836914,10.503090733853018
41.408,0.009360432624816895,10.503090733853018
41.407,0.009360909461975098,10.436676843869716
41.407,0.009361863136291504,10.436676843869716
41.407,0.009361743927001953,10.436676843869716
41.407,0.009361743927001953,10.436676843869716
41.407,0.009362578392028809,10.436676843869716
41.407,0.009361982345581055,10.436676843869716
41.406,0.00936436653137207,10.225851862120603
41.406,0.00936269760131836,10.225851862120603
41.406,0.009362936019897461,10.225851862120603
41.406,0.009362459182739258,10.225851862120603
41.406,0.009362339973449707,10.225851862120603
41.406,0.00936126708984375,10.225851862120603
41.403,0.009363174438476562,10.347147316668075
41.403,0.009363055229187012,10.347147316668075
41.403,0.009362578392028809,10.347147316668075
41.403,0.00936269760131836,10.347147316668075
41.403,0.009363174438476562,10.347147316668075
41.403,0.009363770484924316,10.347147316668075
41.399,0.009363889694213867,10.171116866488523
41.399,0.009364604949951172,10.171116866488523
41.399,0.009363293647766113,10.171116866488523
41.399,0.009363532066345215,10.171116866488523
41.399,0.009363770484924316,10.171116866488523
41.399,0.009363651275634766,10.171116866488523
41.399,0.009363889694213867,10.171116866488523
41.399,0.009364008903503418,10.017696443605756
41.399,0.009364843368530273,10.017696443605756
41.399,0.00936424732208252,10.017696443605756
41.399,0.009363889694213867,10.017696443605756
41.399,0.009365439414978027,10.017696443605756
41.399,0.009364604949951172,10.017696443605756
41.397,0.009365677833557129,10.113396222936936
41.397,0.009366035461425781,10.113396222936936
41.397,0.009366750717163086,10.113396222936936
41.397,0.009367108345031738,10.113396222936936
41.397,0.009365200996398926,10.113396222936936
41.397,0.009366154670715332,10.113396222936936
41.397,0.009365200996398926,9.738860604893036
41.397,0.009365677833557129,9.738860604893036
41.397,0.00936579704284668,9.738860604893036
41.397,0.009366989135742188,9.738860604893036
41.397,0.009366035461425781,9.738860604893036
41.397,0.009366273880004883,9.738860604893036
41.394,0.009367585182189941,9.587846606761113
41.394,0.009368062019348145,9.587846606761113
41.394,0.00936734676361084,9.587846606761113
41.394,0.009366035461425781,9.587846606761113
41.394,0.009366750717163086,9.587846606761113
41.394,0.009368300437927246,9.587846606761113
41.394,0.009368181228637695,9.565638292799726
41.394,0.009367704391479492,9.565638292799726
41.394,0.00936746597290039,9.565638292799726
41.394,0.00936877727508545,9.565638292799726
41.393,0.009369850158691406,9.339997335750546
41.393,0.009367942810058594,9.339997335750546
41.393,0.009369492530822754,9.339997335750546
41.393,0.009368419647216797,9.339997335750546
41.393,0.009370088577270508,9.339997335750546
41.393,0.009368538856506348,9.339997335750546
41.39,0.009368538856506348,9.515174530885508
41.39,0.009368062019348145,9.515174530885508
41.39,0.009370088577270508,9.515174530885508
41.39,0.00937044620513916,9.515174530885508
41.39,0.009368896484375,9.515174530885508
41.39,0.009369850158691406,9.515174530885508
41.386,0.009369611740112305,9.433979892936595
41.386,0.00937032699584961,9.433979892936595
41.386,0.009369730949401855,9.433979892936595
41.386,0.009370088577270508,9.433979892936595
41.386,0.009370803833007812,9.433979892936595
41.386,0.009369492530822754,9.433979892936595
41.384,0.009369373321533203,9.263575943274265
41.384,0.009369969367980957,9.263575943274265
41.384,0.009371042251586914,9.263575943274265
41.384,0.009372115135192871,9.263575943274265
41.384,0.009370684623718262,9.263575943274265
41.384,0.009370684623718262,9.263575943274265
41.383,0.009372353553771973,9.109135068276926
41.383,0.009372234344482422,9.109135068276926
41.383,0.009371280670166016,9.109135068276926
41.383,0.009371161460876465,9.109135068276926
41.383,0.009370923042297363,9.109135068276926
41.383,0.009372234344482422,9.109135068276926
41.382,0.009373188018798828,8.917898902303024
41.382,0.009372830390930176,8.917898902303024
41.382,0.009373903274536133,8.917898902303024
41.382,0.009373188018798828,8.917898902303024
41.382,0.00937199592590332,8.917898902303024
41.382,0.00937187671661377,8.917898902303024
41.379,0.009372591972351074,8.899673616468114
41.379,0.009374260902404785,8.899673616468114
41.379,0.009372353553771973,8.899673616468114
41.379,0.009372353553771973,8.899673616468114
41.379,0.00937354564666748,8.899673616468114
41.379,0.009373068809509277,8.899673616468114
41.378,0.009373664855957031,8.936137838645863
41.378,0.009374380111694336,8.936137838645863
41.378,0.009373664855957031,8.936137838645863
41.378,0.009373903274536133,8.936137838645863
41.378,0.009373307228088379,8.936137838645863
41.378,0.009372353553771973,8.936137838645863
41.379,0.00937342643737793,8.515689431605228
41.379,0.009375452995300293,8.515689431605228
41.379,0.009374618530273438,8.515689431605228
41.379,0.009374737739562988,8.515689431605228
41.379,0.0093764066696167,8.515689431605228
41.379,0.009376287460327148,8.515689431605228
41.377,0.00937509536743164,8.525512841778845
41.377,0.009374618530273438,8.525512841778845
41.377,0.009375810623168945,8.525512841778845
41.377,0.00937509536743164,8.525512841778845
41.377,0.009375572204589844,8.525512841778845
41.377,0.009374618530273438,8.525512841778845
41.377,0.009376168251037598,8.707011959297098
41.377,0.009376287460327148,8.707011959297098
41.377,0.009377479553222656,8.707011959297098
41.377,0.009376168251037598,8.707011959297098
41.377,0.009376287460327148,8.707011959297098
41.377,0.009376764297485352,8.707011959297098
41.377,0.009377360343933105,8.527590617171773
41.377,0.0093766450881958,8.527590617171773
41.377,0.009375691413879395,8.527590617171773
41.377,0.009377479553222656,8.527590617171773
41.377,0.009375333786010742,8.527590617171773
41.377,0.009377241134643555,8.139783727177901
41.377,0.009377479553222656,8.139783727177901
41.377,0.009378671646118164,8.139783727177901
41.377,0.009377479553222656,8.139783727177901
41.377,0.009377717971801758,8.139783727177901
41.375,0.009377121925354004,8.236563675948991
41.375,0.00937795639038086,8.236563675948991
41.375,0.009377241134643555,8.236563675948991
41.375,0.009378790855407715,8.236563675948991
41.373,0.009377717971801758,8.11236314521712
41.373,0.009378552436828613,8.11236314521712
41.373,0.009379148483276367,8.11236314521712
41.373,0.009378433227539062,8.11236314521712
41.373,0.009379744529724121,8.11236314521712
41.372,0.009378671646118164,8.121289753522149
41.372,0.009379386901855469,8.121289753522149
41.372,0.009379386901855469,8.121289753522149
41.372,0.00938117504119873,8.121289753522149
41.372,0.009379982948303223,8.121289753522149
41.371,0.009380698204040527,8.123667929538033
41.371,0.009380102157592773,8.123667929538033
41.371,0.009378552436828613,8.123667929538033
41.371,0.009381532669067383,8.123667929538033
41.368,0.009379863739013672,7.8902723134555535
41.368,0.009380578994750977,7.8902723134555535
41.368,0.009380340576171875,7.8902723134555535
41.368,0.00938117504119873,7.8902723134555535
41.368,0.00938117504119873,7.8902723134555535
41.368,0.009381771087646484,7.8902723134555535
41.364,0.009381771087646484,7.947763023412563
41.364,0.009381294250488281,7.947763023412563
41.364,0.009381771087646484,7.947763023412563
41.364,0.009381890296936035,7.947763023412563
41.364,0.009381890296936035,7.947763023412563
41.364,0.00938105583190918,7.947763023412563
41.362,0.009382367134094238,7.704408848567785
41.362,0.009381890296936035,7.704408848567785
41.362,0.009382486343383789,7.704408848567785
41.362,0.009382367134094238,7.704408848567785
41.362,0.009383440017700195,7.704408848567785
41.36,0.009382963180541992,7.550761235535756
41.36,0.009382486343383789,7.550761235535756
41.36,0.009384632110595703,7.550761235535756
41.36,0.009382009506225586,7.550761235535756
41.36,0.009383559226989746,7.550761235535756
41.36,0.009385108947753906,7.550761235535756
41.359,0.00938403606414795,7.710121933833573
41.359,0.009384989738464355,7.710121933833573
41.359,0.009383201599121094,7.710121933833573
41.359,0.009383797645568848,7.710121933833573
41.356,0.009384870529174805,7.548335306048003
41.356,0.009384989738464355,7.548335306048003
41.356,0.009384393692016602,7.548335306048003
41.356,0.009384989738464355,7.548335306048003
41.356,0.009384989738464355,7.548335306048003
41.356,0.009385347366333008,7.446283929857054
41.356,0.009385108947753906,7.446283929857054
41.356,0.00938403606414795,7.446283929857054
41.356,0.009385824203491211,7.446283929857054
41.353,0.009385108947753906,7.282261204033715
41.353,0.009385108947753906,7.282261204033715
41.353,0.009386181831359863,7.282261204033715
41.353,0.009387016296386719,7.282261204033715
41.353,0.009385466575622559,7.282261204033715
41.353,0.009386777877807617,7.284607939007878
41.353,0.009388208389282227,7.284607939007878
41.353,0.009386181831359863,7.284607939007878
41.353,0.009385824203491211,7.284607939007878
41.353,0.009386777877807617,7.284607939007878
41.35,0.009387016296386719,7.056623699814512
41.35,0.009386658668518066,7.056623699814512
41.35,0.009386301040649414,7.056623699814512
41.35,0.00938725471496582,7.056623699814512
41.35,0.00938725471496582,7.056623699814512
41.35,0.009386777877807617,7.100067072629174
41.35,0.009387850761413574,7.100067072629174
41.35,0.009386777877807617,7.100067072629174
41.35,0.009387612342834473,7.100067072629174
41.349,0.00938880443572998,7.013102723861759
41.351,0.009388208389282227,6.913909406420437
41.351,0.009388566017150879,6.913909406420437
41.351,0.009389877319335938,6.913909406420437
41.351,0.009389519691467285,6.913909406420437
41.352,0.009388446807861328,6.582722198175971
41.352,0.009389400482177734,6.582722198175971
41.352,0.00938868522644043,6.582722198175971
41.35,0.009389877319335938,6.786953443664637
41.35,0.009389996528625488,6.786953443664637
41.35,0.009388566017150879,6.786953443664637
41.35,0.009390115737915039,6.786953443664637
41.35,0.009390830993652344,6.786953443664637
41.352,0.00939023494720459,6.741565246425865
41.352,0.009390830993652344,6.741565246425865
41.352,0.00939023494720459,6.741565246425865
41.352,0.009392738342285156,6.741565246425865
41.347,0.009389996528625488,6.698472257640274
41.347,0.0093919038772583,6.698472257640274
41.347,0.00939178466796875,6.698472257640274
41.347,0.009389758110046387,6.698472257640274
41.347,0.009390830993652344,6.698472257640274
41.343,0.009391188621520996,6.580568673382039
41.343,0.009391307830810547,6.580568673382039
41.343,0.009391307830810547,6.580568673382039
41.341,0.009393453598022461,6.294772642058746
41.337,0.009392738342285156,6.311038056511614
41.337,0.00939321517944336,6.311038056511614
41.337,0.009392261505126953,6.311038056511614
41.338,0.00939321517944336,6.277372953942568
41.338,0.009392023086547852,6.277372953942568
41.339,0.009394168853759766,6.153787078579062
41.339,0.00939321517944336,6.153787078579062
41.339,0.009394407272338867,6.153787078579062
41.336,0.00939476490020752,5.999191830017024
41.336,0.009395003318786621,5.999191830017024
41.338,0.009396791458129883,5.888582858855112
41.338,0.009395360946655273,5.888582858855112
41.338,0.009396195411682129,5.888582858855112
41.338,0.009394526481628418,5.888582858855112
41.337,0.009395718574523926,5.860551398468324
41.337,0.009395360946655273,5.860551398468324
41.337,0.00939488410949707,5.860551398468324
41.337,0.009395718574523926,5.860551398468324
41.338,0.009397268295288086,5.797892803230303
41.338,0.00939643383026123,5.797892803230303
41.336,0.009397029876708984,5.971335281521529
41.336,0.00939786434173584,5.971335281521529
41.336,0.00939786434173584,5.971335281521529
41.332,0.009398460388183594,5.53681224037558
41.332,0.009397268295288086,5.53681224037558
41.325,0.009399056434631348,5.449232910194861
41.323,0.009399652481079102,5.195025781866281
41.325,0.009401917457580566,5.100967047896577
41.32,0.009404540061950684,4.787249625243814
41.319,0.009403824806213379,4.723238465456923
41.319,0.00940394401550293,4.723238465456923
41.315,0.009404420852661133,4.508793633382769
41.312,0.009406208992004395,4.392483102455929
41.313,0.00940549373626709,4.5554446069473835
41.311,0.009407520294189453,4.260375502745747
41.304,0.009407997131347656,4.137101315776492
41.304,0.009407520294189453,4.137101315776492
41.304,0.009406805038452148,4.137101315776492
41.304,0.009407401084899902,4.137101315776492
41.301,0.009406805038452148,3.974117462516417
41.301,0.009407401084899902,4.175915810724897
41.301,0.009408712387084961,4.0441880408271444
41.301,0.009408712387084961,4.0441880408271444
41.301,0.009409189224243164,4.0441880408271444
41.297,0.00941002368927002,3.9476828564678526
41.297,0.009409189224243164,3.9476828564678526
41.297,0.009407877922058105,3.9476828564678526
41.296,0.009409785270690918,3.883068984934551
41.293,0.00941002368927002,3.7957099110917136
41.293,0.00941002368927002,3.7957099110917136
41.293,0.009410738945007324,3.7957099110917136
41.294,0.009410977363586426,3.8596751991880582
41.294,0.009409666061401367,3.8596751991880582
41.294,0.009411096572875977,3.8596751991880582
41.297,0.009410500526428223,3.628100820567759
41.297,0.009413361549377441,3.628100820567759
41.297,0.009410858154296875,3.628100820567759
41.297,0.009410381317138672,3.628100820567759
41.297,0.009412050247192383,3.5710753122833356
41.297,0.009410977363586426,3.374256715595382
41.291,0.009410619735717773,3.546730651815735
41.291,0.009411454200744629,3.546730651815735
41.291,0.009411454200744629,3.546730651815735
41.291,0.009412169456481934,3.546730651815735
41.29,0.009412527084350586,3.529397871712596
41.29,0.009412527084350586,3.529397871712596
41.288,0.009413480758666992,3.275110541072557
41.288,0.009413480758666992,3.275110541072557
41.288,0.009412407875061035,3.275110541072557
41.285,0.009413480758666992,3.131860875124338
41.285,0.009411811828613281,3.131860875124338
41.285,0.00941312313079834,3.131860875124338
41.29,0.009413838386535645,3.2409421334507043
41.29,0.009415864944458008,3.2409421334507043
41.29,0.009414196014404297,3.2409421334507043
41.29,0.009414076805114746,3.2409421334507043
41.29,0.009414076805114746,3.2409421334507043
41.29,0.00941312313079834,3.2409421334507043
41.29,0.009413838386535645,3.1018748969602328
41.29,0.009413480758666992,3.1018748969602328
41.29,0.009414434432983398,3.1018748969602328
41.29,0.009414315223693848,3.1018748969602328
41.29,0.009413480758666992,3.1018748969602328
41.291,0.009415745735168457,3.1549128147839527
41.291,0.009415030479431152,3.0605620106140408
41.291,0.009415864944458008,3.0605620106140408
41.291,0.009415507316589355,3.0605620106140408
41.291,0.009414076805114746,3.0605620106140408
41.284,0.009415268898010254,2.8773215559318617
41.284,0.00941610336303711,2.8773215559318617
41.284,0.009415388107299805,2.8773215559318617
41.284,0.00941479206085205,2.8773215559318617
41.284,0.009415507316589355,2.8773215559318617
41.282,0.009416818618774414,2.900803673572261
41.282,0.009415268898010254,2.900803673572261
41.282,0.009414315223693848,2.900803673572261
41.282,0.00941610336303711,2.900803673572261
41.282,0.009417295455932617,2.900803673572261
41.282,0.009417176246643066,2.900803673572261
41.28,0.009416937828063965,2.964051529725059
41.28,0.009414196014404297,2.964051529725059
41.28,0.009415984153747559,2.964051529725059
41.278,0.00941622257232666,2.7682461570753016
41.278,0.009415864944458008,2.7682461570753016
41.278,0.009415388107299805,2.7682461570753016
41.278,0.009415626525878906,2.7682461570753016
41.278,0.009417414665222168,2.7682461570753016
41.278,0.009414911270141602,2.7682461570753016
41.278,0.009416580200195312,2.933209012023763
41.278,0.009416580200195312,2.933209012023763
41.278,0.009417057037353516,2.933209012023763
41.278,0.009416699409484863,2.933209012023763
41.277,0.009417057037353516,2.586383941753693
41.277,0.009418487548828125,2.586383941753693
41.277,0.009417414665222168,2.586383941753693
41.277,0.009416460990905762,2.586383941753693
41.277,0.009418725967407227,2.657509928052053
41.277,0.009416341781616211,2.657509928052053
41.277,0.009417533874511719,2.657509928052053
41.275,0.009418010711669922,2.5260345548019445
41.275,0.009418368339538574,2.5260345548019445
41.275,0.009418010711669922,2.5260345548019445
41.275,0.009416937828063965,2.5260345548019445
41.275,0.009418606758117676,2.5260345548019445
41.273,0.009419918060302734,2.5357922264052286
41.273,0.009416580200195312,2.5357922264052286
41.273,0.009418725967407227,2.5357922264052286
41.273,0.009418606758117676,2.5357922264052286
41.272,0.00941777229309082,2.463788095161985
41.272,0.009420394897460938,2.463788095161985
41.272,0.009418964385986328,2.463788095161985
41.272,0.009417891502380371,2.463788095161985
41.272,0.009418845176696777,2.305888203141069
41.272,0.009419083595275879,2.305888203141069
41.272,0.009419083595275879,2.305888203141069
41.272,0.009419679641723633,2.305888203141069
41.272,0.009419918060302734,2.3724998306694847
41.272,0.009419679641723633,2.3724998306694847
41.272,0.009418725967407227,2.3724998306694847
41.272,0.009419083595275879,2.3724998306694847
41.272,0.009421229362487793,2.3724998306694847
41.272,0.009420514106750488,2.3724998306694847
41.273,0.009418487548828125,2.212902893066155
41.273,0.009419798851013184,2.212902893066155
41.273,0.00941920280456543,2.212902893066155
41.273,0.009420275688171387,2.212902893066155
41.273,0.009419560432434082,2.2574330700246223
41.273,0.009420156478881836,2.2574330700246223
41.273,0.00941932201385498,2.2574330700246223
41.271,0.009420275688171387,2.268081129930649
41.271,0.009420514106750488,2.268081129930649
41.271,0.009420275688171387,2.268081129930649
41.271,0.009421348571777344,2.268081129930649
41.271,0.009420037269592285,2.268081129930649
41.271,0.009419560432434082,2.268081129930649
41.27,0.009420633316040039,1.9984733454442485
41.27,0.00942087173461914,1.9984733454442485
41.27,0.009420037269592285,1.9984733454442485
41.27,0.009420275688171387,1.9984733454442485
41.27,0.00942075252532959,1.9984733454442485
41.268,0.009421229362487793,1.8957378603188553
41.268,0.009419798851013184,1.8957378603188553
41.268,0.009420156478881836,1.8957378603188553
41.268,0.0094221830368042,1.8957378603188553
41.268,0.009422779083251953,1.8957378603188553
41.267,0.009420633316040039,2.1082714978668076
41.267,0.009421944618225098,2.1082714978668076
41.267,0.009421706199645996,2.1082714978668076
41.267,0.009421348571777344,2.1082714978668076
41.267,0.009421467781066895,2.1082714978668076
41.268,0.009421229362487793,1.8563390953457521
41.268,0.009421825408935547,1.8563390953457521
41.268,0.009421586990356445,1.8563390953457521
41.268,0.009421944618225098,1.8563390953457521
41.268,0.009421944618225098,1.8563390953457521
41.265,0.00942087173461914,1.908632007316295
41.265,0.009422898292541504,1.908632007316295
41.265,0.00942230224609375,1.908632007316295
41.265,0.009422063827514648,1.908632007316295
41.265,0.009421348571777344,1.908632007316295
41.263,0.009421110153198242,1.897730713408493
41.263,0.009422659873962402,1.897730713408493
41.263,0.0094221830368042,1.897730713408493
41.263,0.009423613548278809,1.897730713408493
41.263,0.009422540664672852,1.897730713408493
41.263,0.009422063827514648,1.897730713408493
41.262,0.009423375129699707,1.6214114790295113
41.262,0.00942230224609375,1.6214114790295113
41.262,0.009424209594726562,1.6214114790295113
41.262,0.009423613548278809,1.6214114790295113
41.262,0.00942373275756836,1.6214114790295113
41.26,0.009423971176147461,1.6649713355161144
41.26,0.009423136711120605,1.6649713355161144
41.26,0.009422779083251953,1.6649713355161144
41.26,0.009422540664672852,1.6649713355161144
41.26,0.009423613548278809,1.6649713355161144
41.26,0.0094221830368042,1.6649713355161144
41.26,0.009421586990356445,1.4609000505523504
41.26,0.009422898292541504,1.4609000505523504
41.26,0.009422898292541504,1.4447770990738495
41.26,0.009422779083251953,1.4447770990738495
41.26,0.009423971176147461,1.4447770990738495
41.26,0.009422659873962402,1.4447770990738495
41.259,0.009422779083251953,1.493344122001696
41.259,0.009424090385437012,1.493344122001696
41.259,0.009423971176147461,1.493344122001696
41.259,0.0094224214553833,1.493344122001696
41.257,0.009424090385437012,1.4336078772113203
41.257,0.009423494338989258,1.4336078772113203
41.257,0.009424209594726562,1.4336078772113203
41.257,0.009424209594726562,1.4336078772113203
41.257,0.009424328804016113,1.4336078772113203
41.257,0.009423136711120605,1.4336078772113203
41.255,0.009422898292541504,1.2352445682099422
41.255,0.009424209594726562,1.2352445682099422
41.255,0.00942373275756836,1.2352445682099422
41.255,0.009423136711120605,1.2352445682099422
41.255,0.009423255920410156,1.2352445682099422
41.255,0.009423255920410156,1.2352445682099422
41.255,0.00942540168762207,1.4897956002430783
41.255,0.009425997734069824,1.4897956002430783
41.255,0.009423017501831055,1.4897956002430783
41.255,0.009423494338989258,1.4897956002430783
41.255,0.009425044059753418,1.4897956002430783
41.255,0.009424448013305664,1.4897956002430783
41.254,0.009424567222595215,1.272419306516957
41.254,0.009425878524780273,1.272419306516957
41.254,0.009424090385437012,1.272419306516957
41.254,0.009424328804016113,1.272419306516957
41.254,0.00942540168762207,1.272419306516957
41.25,0.009423613548278809,1.166454592712087
41.25,0.009423494338989258,1.166454592712087
41.25,0.009424805641174316,1.166454592712087
41.25,0.009424209594726562,1.166454592712087
41.25,0.009424448013305664,1.166454592712087
41.248,0.009424328804016113,1.2943661138112583
41.248,0.009424567222595215,1.2943661138112583
41.248,0.00942540168762207,1.2943661138112583
41.248,0.009425163269042969,1.2943661138112583
41.248,0.009424567222595215,1.2943661138112583
41.249,0.009425044059753418,1.3234097919859862
41.249,0.009424328804016113,1.3234097919859862
41.249,0.009424328804016113,1.3234097919859862
41.249,0.009424924850463867,1.3234097919859862
41.249,0.009424328804016113,1.3234097919859862
41.249,0.009424567222595215,1.3234097919859862
41.248,0.009425044059753418,1.2289339708340576
41.248,0.00942540168762207,1.2289339708340576
41.248,0.009425997734069824,1.2289339708340576
41.248,0.009424924850463867,1.2289339708340576
41.248,0.009426355361938477,1.2289339708340576
41.248,0.009425878524780273,1.2289339708340576
41.246,0.009425044059753418,1.1502021479580964
41.246,0.00942528247833252,1.1502021479580964
41.246,0.009425044059753418,1.1502021479580964
41.246,0.00942373275756836,1.1502021479580964
41.246,0.009424448013305664,1.1502021479580964
41.246,0.009424924850463867,1.1502021479580964
41.245,0.009424448013305664,0.944410257498129
41.245,0.009424090385437012,0.944410257498129
41.245,0.009425163269042969,0.944410257498129
41.245,0.009424805641174316,0.944410257498129
41.245,0.009424567222595215,0.944410257498129
41.245,0.009425520896911621,0.944410257498129
41.246,0.009427309036254883,1.0961867040059425
41.246,0.009424686431884766,1.0961867040059425
41.246,0.009424567222595215,1.0961867040059425
41.246,0.009427189826965332,1.0961867040059425
41.246,0.009425520896911621,1.0961867040059425
41.246,0.009425163269042969,1.0961867040059425
41.245,0.009425878524780273,1.0143559476295567
41.245,0.009426593780517578,1.0143559476295567
41.245,0.00942528247833252,1.0143559476295567
41.245,0.009426355361938477,1.0143559476295567
41.245,0.009425997734069824,1.0143559476295567
41.245,0.009425878524780273,1.0143559476295567
41.243,0.009426712989807129,0.7768119782488476
41.243,0.009426355361938477,0.7768119782488476
41.243,0.00942528247833252,0.7768119782488476
41.243,0.009425997734069824,0.7768119782488476
41.243,0.009424924850463867,0.7768119782488476
41.243,0.009425997734069824,0.7768119782488476
41.245,0.009426712989807129,0.8779973015749334
41.245,0.009426355361938477,0.8779973015749334
41.245,0.009427070617675781,0.8779973015749334
41.245,0.009426355361938477,0.8779973015749334
41.245,0.009427189826965332,0.8779973015749334
41.245,0.009424209594726562,0.8779973015749334
41.248,0.00942683219909668,0.6869892172856051
41.248,0.00942683219909668,0.6869892172856051
41.248,0.009426593780517578,0.6869892172856051
41.248,0.00942695140838623,0.6869892172856051
41.248,0.009426712989807129,0.6869892172856051
41.248,0.009425640106201172,0.6869892172856051
41.247,0.009427905082702637,0.5760568324470108
41.247,0.009426474571228027,0.5760568324470108
41.247,0.009426236152648926,0.5760568324470108
41.247,0.009425759315490723,0.5760568324470108
41.247,0.009426236152648926,0.5760568324470108
41.247,0.009427070617675781,0.5760568324470108
41.241,0.009426474571228027,0.49299381559861066
41.241,0.009425997734069824,0.49299381559861066
41.241,0.009425520896911621,0.49299381559861066
41.241,0.009425878524780273,0.49299381559861066
41.241,0.009425878524780273,0.49299381559861066
41.241,0.009425878524780273,0.49299381559861066
41.241,0.00942695140838623,0.5585995573506297
41.241,0.009427189826965332,0.5585995573506297
41.241,0.009427070617675781,0.5585995573506297
41.241,0.009427428245544434,0.5585995573506297
41.241,0.009426712989807129,0.5585995573506297
41.241,0.009427189826965332,0.5585995573506297
41.237,0.009427547454833984,0.440885307860182
41.237,0.009425997734069824,0.440885307860182
41.237,0.009428143501281738,0.440885307860182
41.237,0.00942695140838623,0.440885307860182
41.237,0.009427189826965332,0.440885307860182
41.237,0.00942695140838623,0.440885307860182
41.233,0.009426116943359375,0.44035901938952415
41.233,0.009427070617675781,0.44035901938952415
41.233,0.009427070617675781,0.44035901938952415
41.233,0.009427666664123535,0.44035901938952415
41.233,0.009426236152648926,0.44035901938952415
41.233,0.009427189826965332,0.44035901938952415
41.232,0.009426236152648926,0.4205818434278621
41.232,0.009427070617675781,0.4205818434278621
41.232,0.009428262710571289,0.4205818434278621
41.232,0.00942683219909668,0.4205818434278621
41.232,0.009428262710571289,0.4205818434278621
41.232,0.009427189826965332,0.4205818434278621
41.231,0.009427666664123535,0.3096500144092178
41.231,0.009426593780517578,0.3096500144092178
41.231,0.009426593780517578,0.3096500144092178
41.231,0.009427785873413086,0.3096500144092178
41.231,0.009427547454833984,0.3096500144092178
41.231,0.00942838191986084,0.3096500144092178
41.231,0.009427189826965332,0.33506484581871954
41.231,0.00942850112915039,0.33506484581871954
41.231,0.009427309036254883,0.33506484581871954
41.231,0.009427309036254883,0.33506484581871954
41.231,0.009427547454833984,0.33506484581871954
41.229,0.00942683219909668,0.47582574207985795
41.229,0.009426712989807129,0.47582574207985795
41.229,0.009427070617675781,0.47582574207985795
41.229,0.009427547454833984,0.47582574207985795
41.229,0.009427189826965332,0.47582574207985795
41.233,0.00942850112915039,0.3957451306628874
41.233,0.009427189826965332,0.3957451306628874
41.233,0.009425878524780273,0.3957451306628874
41.233,0.009425997734069824,0.3957451306628874
41.233,0.009429097175598145,0.3957451306628874
41.233,0.009427070617675781,0.3957451306628874
41.233,0.009427547454833984,0.08600139331104506
41.233,0.009425997734069824,0.08600139331104506
41.233,0.009427309036254883,0.08600139331104506
41.233,0.009428143501281738,0.08600139331104506
41.233,0.00942838191986084,0.08600139331104506
41.231,0.009426474571228027,0.24150537535637273
41.231,0.009427666664123535,0.24150537535637273
41.231,0.009427428245544434,0.24150537535637273
41.231,0.009428024291992188,0.24150537535637273
41.231,0.009427309036254883,0.24150537535637273
41.233,0.00942850112915039,0.0659980907736819
41.233,0.009427189826965332,0.0659980907736819
41.233,0.009426474571228027,0.0659980907736819
41.233,0.009426474571228027,0.0659980907736819
41.233,0.009426236152648926,0.0659980907736819
41.233,0.0092240571975708,0.0659980907736819
40.781,0.009251832962036133,0.030264387402872295
40.781,0.00925135612487793,0.030264387402872295
40.781,0.009249567985534668,0.030264387402872295
40.781,0.009241700172424316,0.030264387402872295
40.781,0.009236693382263184,0.030264387402872295
40.781,0.009245634078979492,0.030264387402872295
40.482,0.009259581565856934,0.1945703381924866
40.482,0.009254097938537598,0.1945703381924866
40.482,0.009256482124328613,0.1945703381924866
40.482,0.009256124496459961,0.1945703381924866
40.482,0.009257912635803223,0.1945703381924866
40.482,0.009259581565856934,0.1945703381924866
40.494,0.009258866310119629,0.09598539605359946
40.494,0.009261369705200195,0.09598539605359946
40.494,0.00926196575164795,0.09598539605359946
40.494,0.009263157844543457,0.09598539605359946
40.494,0.009262442588806152,0.09598539605359946
40.494,0.00905764102935791,0.09598539605359946
39.75,0.009092092514038086,0.17524535275933362
39.75,0.009090304374694824,0.17524535275933362
39.75,0.009095430374145508,0.17524535275933362
39.75,0.009083867073059082,0.17524535275933362
39.75,0.009078383445739746,0.17524535275933362
39.75,0.0090867280960083,0.17524535275933362
39.818,0.009101510047912598,0.20073160312234517
39.818,0.009101152420043945,0.20073160312234517
39.818,0.009103775024414062,0.20073160312234517
39.818,0.009097695350646973,0.20073160312234517
39.818,0.009097456932067871,0.20073160312234517
39.818,0.009100198745727539,0.20073160312234517
39.826,0.009104371070861816,0.2647777078674656
39.826,0.00910496711730957,0.2647777078674656
39.826,0.009104490280151367,0.2647777078674656
39.826,0.009106159210205078,0.2647777078674656
39.826,0.00910651683807373,0.2647777078674656
39.826,0.008884310722351074,0.2647777078674656
39.738,0.008921623229980469,0.070019091486345
39.738,0.008917450904846191,0.070019091486345
39.738,0.008925080299377441,0.070019091486345
39.738,0.008905649185180664,0.070019091486345
39.738,0.008913397789001465,0.070019091486345
39.086,0.008931159973144531,0.35909824741630003
39.086,0.008933305740356445,0.35909824741630003
39.086,0.008932948112487793,0.35909824741630003
39.086,0.008934974670410156,0.35909824741630003
39.086,0.00893557071685791,0.35909824741630003
39.124,0.008753776550292969,0.5871973239868211
39.124,0.00893867015838623,0.5871973239868211
39.124,0.008938193321228027,0.5871973239868211
39.124,0.008936166763305664,0.5871973239868211
39.124,0.008936405181884766,0.5871973239868211
39.124,0.008938908576965332,0.5871973239868211
38.429,0.008750319480895996,0.5749900576241271
38.429,0.008760213851928711,0.5749900576241271
38.429,0.00876462459564209,0.5749900576241271
38.429,0.008768200874328613,0.5749900576241271
38.429,0.008769989013671875,0.5749900576241271
38.429,0.008773088455200195,0.5749900576241271
38.475,0.00878143310546875,1.0793678971058815
38.475,0.0087813138961792,1.0793678971058815
38.475,0.008780241012573242,1.0793678971058815
38.475,0.008778095245361328,1.0793678971058815
38.475,0.008776307106018066,1.0793678971058815
38.475,0.008775591850280762,1.0793678971058815
38.492,0.008782029151916504,1.0330428235733238
38.492,0.008784055709838867,1.0330428235733238
38.492,0.00878608226776123,1.0330428235733238
38.492,0.008704662322998047,1.0330428235733238
37.763,0.008617520332336426,1.430940571641611
37.763,0.008616209030151367,1.430940571641611
37.763,0.008601665496826172,1.430940571641611
37.763,0.008594632148742676,1.430940571641611
37.763,0.008612513542175293,1.430940571641611
37.821,0.00862264633178711,1.4803066195300214
37.821,0.008623361587524414,1.4803066195300214
37.835,0.008628129959106445,1.745493344355146
37.845,0.008459210395812988,1.6734134106428118
37.202,0.008475780487060547,2.6023346346803264
37.21,0.008476018905639648,2.8849517983462007
37.21,0.00847625732421875,2.8849517983462007
37.21,0.008473992347717285,2.8849517983462007
37.225,0.0084763765335083,2.848087940205623
37.225,0.008475422859191895,2.848087940205623
37.225,0.0084763765335083,2.848087940205623
37.24,0.008475422859191895,2.890516116458795
37.24,0.00847482681274414,2.890516116458795
37.24,0.008476018905639648,2.890516116458795
37.24,0.008475184440612793,2.890516116458795
37.245,0.008474588394165039,3.2298673195324725
37.245,0.008475065231323242,3.2298673195324725
37.245,0.008475780487060547,3.2298673195324725
37.245,0.008475422859191895,3.2298673195324725
37.247,0.008477449417114258,3.135517482843062
37.247,0.00847625732421875,3.135517482843062
37.247,0.008475542068481445,3.135517482843062
37.247,0.008474946022033691,3.135517482843062
37.247,0.00847470760345459,3.135517482843062
37.251,0.008474469184875488,3.2409855625562267
37.251,0.008474946022033691,3.2409855625562267
37.251,0.008475065231323242,3.2409855625562267
37.251,0.008473992347717285,3.2409855625562267
37.253,0.00847315788269043,3.111223328165625
37.256,0.008472919464111328,3.0416159030031067
37.254,0.008471369743347168,2.8812685455974254
37.254,0.008471965789794922,2.8812685455974254
37.252,0.008471965789794922,2.7602227154213197
37.239,0.008468151092529297,2.316829581155785
37.238,0.008467793464660645,2.2389627393549043
37.238,0.008468866348266602,2.2389627393549043
37.238,0.00846719741821289,2.2389627393549043
37.238,0.008468389511108398,2.2389627393549043
37.237,0.008468270301818848,1.9504137186966457
37.235,0.008469462394714355,1.949992402952476
37.235,0.008467793464660645,1.949992402952476
37.235,0.008468866348266602,1.949992402952476
37.235,0.008467555046081543,1.949992402952476
37.235,0.008467674255371094,1.7409664769251938
37.235,0.00846850872039795,1.7409664769251938
37.235,0.008467674255371094,1.7409664769251938
37.235,0.008469343185424805,1.48549380723085
37.235,0.008466720581054688,1.48549380723085
37.235,0.0084686279296875,1.48549380723085
37.235,0.008466601371765137,1.48549380723085
37.234,0.008468151092529297,1.4827743367841246
37.234,0.008468031883239746,1.4827743367841246
37.234,0.008468270301818848,1.4827743367841246
37.234,0.008466362953186035,1.4827743367841246
37.234,0.008468031883239746,1.4827743367841246
37.234,0.008467316627502441,1.4827743367841246
37.238,0.008468866348266602,1.4827138518926994
37.238,0.008467435836791992,1.4827138518926994
37.238,0.008468866348266602,1.4827138518926994
37.238,0.008468031883239746,1.4827138518926994
37.238,0.008467555046081543,1.4827138518926994
37.236,0.008466839790344238,1.38329035524752
37.236,0.008466124534606934,1.38329035524752
37.236,0.008466482162475586,1.38329035524752
37.236,0.008467912673950195,1.38329035524752
37.236,0.0084686279296875,1.38329035524752
37.236,0.008467555046081543,1.38329035524752
37.235,0.008468151092529297,1.2509655732927354
37.235,0.008467674255371094,1.2509655732927354
37.235,0.008466243743896484,1.2509655732927354
37.235,0.00846874713897705,1.2509655732927354
37.229,0.008467316627502441,1.0179606590236858
37.229,0.008466362953186035,1.0179606590236858
37.229,0.008467793464660645,1.0179606590236858
37.229,0.008467674255371094,1.0179606590236858
37.23,0.008466958999633789,1.1050961137787174
37.23,0.008468389511108398,1.1050961137787174
37.23,0.008466362953186035,1.1050961137787174
37.23,0.008467316627502441,1.1050961137787174
37.23,0.00846850872039795,1.1050961137787174
37.23,0.00846707820892334,0.8848901337801327
37.23,0.00846874713897705,0.8848901337801327
37.23,0.00846707820892334,0.8848901337801327
37.23,0.008469700813293457,0.8848901337801327
37.23,0.008468031883239746,0.8848901337801327
37.231,0.008466601371765137,0.8644000279883575
37.231,0.008467316627502441,0.8644000279883575
37.231,0.008468389511108398,0.8644000279883575
37.231,0.008468031883239746,0.8644000279883575
37.231,0.008467674255371094,0.8644000279883575
37.231,0.008467555046081543,0.8644000279883575
37.232,0.008467555046081543,0.7733691655252419
37.232,0.008467555046081543,0.7733691655252419
37.232,0.008466124534606934,0.7733691655252419
37.232,0.008465886116027832,0.7733691655252419
37.232,0.008467316627502441,0.7733691655252419
37.232,0.008468031883239746,0.7733691655252419
37.228,0.008466958999633789,0.6276923727426427
37.228,0.008468866348266602,0.6276923727426427
37.228,0.008466124534606934,0.6276923727426427
37.228,0.008467793464660645,0.6276923727426427
37.229,0.00846707820892334,0.8003699331584699
37.229,0.008466362953186035,0.8003699331584699
37.229,0.00846850872039795,0.8003699331584699
37.229,0.008469343185424805,0.8003699331584699
37.229,0.008468151092529297,0.8003699331584699
37.229,0.00846874713897705,0.8003699331584699
37.229,0.008468151092529297,0.49874942661570976
37.229,0.008466720581054688,0.49874942661570976
37.229,0.00846707820892334,0.49874942661570976
37.229,0.00846850872039795,0.49874942661570976
37.224,0.008468151092529297,0.457463041750221
37.224,0.008469820022583008,0.457463041750221
37.224,0.00846707820892334,0.457463041750221
37.224,0.008467793464660645,0.457463041750221
37.224,0.008466958999633789,0.457463041750221
37.224,0.00846707820892334,0.457463041750221
37.225,0.008466839790344238,0.17724922974819757
37.225,0.008469104766845703,0.17724922974819757
37.225,0.008468270301818848,0.17724922974819757
37.225,0.008468270301818848,0.17724922974819757
37.225,0.00846850872039795,0.17724922974819757
37.225,0.008468151092529297,0.17724922974819757
37.222,0.008468031883239746,0.20972027038362295
37.222,0.008466362953186035,0.20972027038362295
37.222,0.0084686279296875,0.20972027038362295
37.222,0.008466482162475586,0.20972027038362295
37.222,0.008468389511108398,0.20972027038362295
37.222,0.008467316627502441,0.20972027038362295
37.219,0.008467674255371094,0.1500735585551345
37.219,0.008467435836791992,0.1500735585551345
37.219,0.008467435836791992,0.1500735585551345
37.219,0.008467316627502441,0.1500735585551345
37.219,0.008466958999633789,0.1500735585551345
37.219,0.008468389511108398,0.27576687932724653
37.219,0.00846719741821289,0.27576687932724653
37.219,0.008469343185424805,0.27576687932724653
37.219,0.008467316627502441,0.27576687932724653
37.219,0.008467555046081543,0.27576687932724653
37.22,0.008467793464660645,0.04571711098003428
37.22,0.008467912673950195,0.04571711098003428
37.22,0.008468031883239746,0.04571711098003428
37.22,0.008468270301818848,0.04571711098003428
37.22,0.008468985557556152,0.04571711098003428
37.22,0.008468031883239746,-0.0663122086247605
37.22,0.008469104766845703,-0.0663122086247605
37.22,0.008467912673950195,-0.0663122086247605
37.22,0.008468866348266602,-0.0663122086247605
37.22,0.008468389511108398,-0.0663122086247605
37.22,0.008468270301818848,-0.0663122086247605
37.22,0.008468151092529297,0.08883150587584332
37.22,0.008468270301818848,0.08883150587584332
37.22,0.00846874713897705,0.08883150587584332
37.22,0.008468389511108398,0.08883150587584332
37.22,0.008467912673950195,0.08883150587584332
37.219,0.008468866348266602,0.004820438141179384
37.219,0.008469462394714355,0.004820438141179384
37.219,0.008469939231872559,0.004820438141179384
37.219,0.008467674255371094,0.004820438141179384
37.219,0.008470296859741211,0.004820438141179384
37.219,0.008469700813293457,0.004820438141179384
37.221,0.00847005844116211,-0.049744689881074944
37.221,0.008468866348266602,-0.049744689881074944
37.221,0.008470296859741211,-0.049744689881074944
37.221,0.008468270301818848,-0.049744689881074944
37.221,0.008470654487609863,-0.049744689881074944
37.221,0.008469581604003906,-0.049744689881074944
37.22,0.00847160816192627,0.0668551788632632
37.22,0.008470654487609863,0.0668551788632632
37.22,0.008469462394714355,0.0668551788632632
37.22,0.008470773696899414,0.0668551788632632
37.22,0.008470654487609863,0.0668551788632632
37.22,0.00847005844116211,0.0668551788632632
37.219,0.008471488952636719,0.48143428262908383
37.219,0.008471012115478516,0.48143428262908383
37.219,0.008470296859741211,0.48143428262908383
37.219,0.008471846580505371,0.48143428262908383
37.221,0.008471012115478516,0.8169760504573509
37.221,0.008473515510559082,0.8169760504573509
37.221,0.008472919464111328,0.8169760504573509
37.221,0.00847470760345459,0.8169760504573509
37.24,0.008480191230773926,3.3538792656579846
37.243,0.008483052253723145,4.200523585328914
37.243,0.008480668067932129,4.200523585328914
37.243,0.008480191230773926,4.200523585328914
37.243,0.008481740951538086,4.200523585328914
37.253,0.00848388671875,4.512277460227018
37.253,0.008484721183776855,4.512277460227018
37.253,0.008486032485961914,4.512277460227018
37.253,0.008484840393066406,4.512277460227018
37.253,0.008482694625854492,4.512277460227018
37.253,0.008484721183776855,4.512277460227018
37.27,0.008486509323120117,5.679602771346826
37.27,0.008485674858093262,5.679602771346826
37.27,0.008485913276672363,5.679602771346826
37.27,0.008486628532409668,5.679602771346826
37.27,0.008485913276672363,5.679602771346826
37.27,0.008486628532409668,5.679602771346826
37.279,0.008487224578857422,6.054299911657551
37.279,0.008487582206726074,6.054299911657551
37.279,0.008487462997436523,6.054299911657551
37.279,0.008486509323120117,6.054299911657551
37.279,0.008488655090332031,6.054299911657551
37.279,0.008487343788146973,6.054299911657551
37.291,0.008488059043884277,6.936751066841586
37.291,0.00848853588104248,6.936751066841586
37.291,0.008488774299621582,6.936751066841586
37.298,0.008491277694702148,7.329571066954241
37.298,0.008489012718200684,7.329571066954241
37.298,0.008489370346069336,7.329571066954241
37.298,0.008490204811096191,7.329571066954241
37.298,0.008489489555358887,7.329571066954241
37.298,0.008489131927490234,7.329571066954241
37.321,0.00849008560180664,8.628247005731183
37.321,0.008491754531860352,8.628247005731183
37.321,0.008490443229675293,8.628247005731183
37.321,0.008492112159729004,8.628247005731183
37.321,0.0084913969039917,8.628247005731183
37.321,0.008491754531860352,8.628247005731183
37.321,0.008491992950439453,9.758519619822781
37.321,0.008490800857543945,9.758519619822781
37.321,0.008492112159729004,9.758519619822781
37.321,0.008491277694702148,9.758519619822781
37.321,0.008491039276123047,9.758519619822781
37.321,0.008492231369018555,9.758519619822781
37.331,0.008492112159729004,10.0600767256215
37.331,0.008492827415466309,10.0600767256215
37.331,0.008492588996887207,10.0600767256215
37.331,0.008492231369018555,10.0600767256215
37.331,0.00849294662475586,10.0600767256215
37.331,0.008491039276123047,10.0600767256215
37.334,0.008492350578308105,11.250812545145157
37.334,0.008492231369018555,11.250812545145157
37.334,0.008492350578308105,11.250812545145157
37.334,0.008492231369018555,11.250812545145157
37.334,0.008493661880493164,11.250812545145157
37.334,0.00849306583404541,11.250812545145157
37.338,0.008493900299072266,12.258011948147118
37.338,0.008492112159729004,12.258011948147118
37.338,0.008493542671203613,12.258011948147118
37.338,0.008492588996887207,12.258011948147118
37.338,0.0084916353225708,12.258011948147118
37.338,0.008492827415466309,12.258011948147118
37.348,0.008492588996887207,12.722521931409272
37.348,0.008492350578308105,12.722521931409272
37.348,0.008491873741149902,12.722521931409272
37.348,0.008492827415466309,12.722521931409272
37.348,0.008492827415466309,12.722521931409272
37.348,0.008491992950439453,12.722521931409272
37.356,0.008491754531860352,13.354424716991558
37.356,0.008491039276123047,13.354424716991558
37.356,0.008492112159729004,13.354424716991558
37.356,0.008493304252624512,13.354424716991558
37.356,0.00849306583404541,13.354424716991558
37.356,0.008491873741149902,13.354424716991558
37.37,0.008491992950439453,14.6523597451703
37.37,0.00849151611328125,14.6523597451703
37.37,0.008491277694702148,14.6523597451703
37.37,0.008491992950439453,14.6523597451703
37.37,0.008492112159729004,14.6523597451703
37.37,0.008490681648254395,14.6523597451703
37.381,0.008491039276123047,15.24744397447465
37.381,0.008490324020385742,15.24744397447465
37.381,0.008491277694702148,15.24744397447465
37.381,0.008490920066833496,15.24744397447465
37.381,0.008489251136779785,15.24744397447465
37.381,0.008489251136779785,15.24744397447465
37.387,0.008489608764648438,16.049117126222487
37.387,0.008489131927490234,16.049117126222487
37.387,0.008489012718200684,16.049117126222487
37.387,0.00849008560180664,16.049117126222487
37.387,0.008490443229675293,16.049117126222487
37.387,0.008489489555358887,16.049117126222487
37.403,0.008488893508911133,17.025530662411537
37.403,0.008489012718200684,17.025530662411537
37.403,0.008488297462463379,17.025530662411537
37.403,0.008490324020385742,17.025530662411537
37.403,0.008490324020385742,17.025530662411537
37.403,0.008488893508911133,17.025530662411537
37.406,0.008488655090332031,17.246860109707857
37.406,0.008489131927490234,17.246860109707857
37.406,0.008489489555358887,17.246860109707857
37.406,0.00848841667175293,17.246860109707857
37.406,0.008488059043884277,17.246860109707857
37.406,0.008487343788146973,17.246860109707857
37.412,0.008487462997436523,17.903089800479844
37.412,0.008488059043884277,17.903089800479844
37.412,0.00848698616027832,17.903089800479844
37.412,0.008488178253173828,17.903089800479844
37.412,0.00848698616027832,17.903089800479844
37.412,0.008486628532409668,17.903089800479844
37.412,0.008488297462463379,17.903089800479844
37.417,0.008488059043884277,19.174161102294114
37.417,0.008485674858093262,19.174161102294114
37.417,0.008487701416015625,19.174161102294114
37.417,0.008485555648803711,19.174161102294114
37.417,0.008485913276672363,19.174161102294114
37.417,0.008485674858093262,19.174161102294114
37.424,0.008484959602355957,19.193687654623773
37.424,0.008485674858093262,19.193687654623773
37.424,0.008485078811645508,19.193687654623773
37.424,0.00848543643951416,19.193687654623773
37.424,0.008484482765197754,19.193687654623773
37.424,0.008484125137329102,19.193687654623773
37.426,0.008481979370117188,20.087401419633025
37.426,0.008483171463012695,20.087401419633025
37.426,0.008482694625854492,20.087401419633025
37.426,0.008483290672302246,20.087401419633025
37.426,0.008483052253723145,20.087401419633025
37.426,0.008484244346618652,20.087401419633025
37.434,0.00848376750946045,21.318062689843792
37.434,0.008482694625854492,21.318062689843792
37.434,0.008481383323669434,21.318062689843792
37.434,0.008481621742248535,21.318062689843792
37.434,0.00848400592803955,21.318062689843792
37.434,0.008483052253723145,21.318062689843792
37.439,0.008479833602905273,21.537842575549767
37.439,0.008481502532958984,21.537842575549767
37.439,0.008480191230773926,21.537842575549767
37.439,0.008481621742248535,21.537842575549767
37.439,0.008482217788696289,21.537842575549767
37.439,0.008482813835144043,21.537842575549767
37.442,0.008480072021484375,22.70157265092598
37.442,0.00847935676574707,22.70157265092598
37.442,0.008479595184326172,22.70157265092598
37.442,0.00847935676574707,22.70157265092598
37.442,0.00848078727722168,22.70157265092598
37.442,0.008480072021484375,22.70157265092598
37.452,0.00847768783569336,23.265478956162752
37.452,0.008479833602905273,23.265478956162752
37.452,0.008478760719299316,23.265478956162752
37.452,0.008478641510009766,23.265478956162752
37.452,0.008478641510009766,23.265478956162752
37.452,0.008478045463562012,23.265478956162752
37.456,0.008477210998535156,23.969810272385516
37.456,0.0084763765335083,23.969810272385516
37.456,0.008478045463562012,23.969810272385516
37.456,0.008476853370666504,23.969810272385516
37.456,0.008476734161376953,23.969810272385516
37.456,0.008475661277770996,23.969810272385516
37.46,0.008475661277770996,25.006797918738002
37.46,0.0084761381149292,25.006797918738002
37.46,0.008477091789245605,25.006797918738002
37.46,0.008475542068481445,25.006797918738002
37.46,0.008476495742797852,25.006797918738002
37.46,0.008476018905639648,25.006797918738002
37.477,0.008474946022033691,25.70801321353061
37.477,0.008474349975585938,25.70801321353061
37.477,0.008473873138427734,25.70801321353061
37.477,0.008472800254821777,25.70801321353061
37.477,0.008476018905639648,25.70801321353061
37.477,0.008473038673400879,25.70801321353061
37.482,0.008473753929138184,26.031773130128617
37.482,0.00847315788269043,26.031773130128617
37.482,0.008473873138427734,26.031773130128617
37.482,0.008472681045532227,26.031773130128617
37.482,0.008472681045532227,26.031773130128617
37.482,0.008472800254821777,26.031773130128617
37.491,0.008471369743347168,26.979510232562486
37.491,0.008470535278320312,26.979510232562486
37.491,0.008472561836242676,26.979510232562486
37.491,0.008473634719848633,26.979510232562486
37.491,0.008471488952636719,26.979510232562486
37.491,0.008472561836242676,26.979510232562486
37.494,0.008471131324768066,27.702050075134217
37.494,0.008469104766845703,27.702050075134217
37.494,0.008469820022583008,27.702050075134217
37.494,0.008469104766845703,27.702050075134217
37.494,0.008468031883239746,27.702050075134217
37.494,0.008468866348266602,27.702050075134217
37.494,0.008468389511108398,28.299173909054993
37.494,0.008469581604003906,28.299173909054993
37.494,0.008469462394714355,28.299173909054993
37.494,0.008468866348266602,28.299173909054993
37.494,0.008468389511108398,28.299173909054993
37.494,0.008468031883239746,28.299173909054993
37.501,0.008465766906738281,28.863333082817313
37.501,0.008465170860290527,28.863333082817313
37.501,0.008467435836791992,28.863333082817313
37.501,0.00846707820892334,28.863333082817313
37.501,0.008467793464660645,28.863333082817313
37.501,0.008465886116027832,28.863333082817313
37.503,0.008464336395263672,29.66723680436585
37.503,0.008465886116027832,29.66723680436585
37.503,0.008466362953186035,29.66723680436585
37.503,0.008465409278869629,29.66723680436585
37.503,0.008463263511657715,29.66723680436585
37.503,0.008465051651000977,29.66723680436585
37.511,0.008462905883789062,29.871316868929462
37.511,0.008463859558105469,29.871316868929462
37.511,0.008462786674499512,29.871316868929462
37.511,0.008463144302368164,29.871316868929462
37.511,0.00846242904663086,29.871316868929462
37.511,0.00846242904663086,29.871316868929462
37.516,0.008461713790893555,30.484326304800007
37.516,0.008460640907287598,30.484326304800007
37.516,0.008462190628051758,30.484326304800007
37.516,0.008461713790893555,30.484326304800007
37.516,0.00846099853515625,30.484326304800007
37.516,0.008462071418762207,30.484326304800007
37.522,0.008456826210021973,31.527353817340334
37.522,0.00845956802368164,31.527353817340334
37.522,0.00845801830291748,31.527353817340334
37.522,0.008459687232971191,31.527353817340334
37.522,0.00846099853515625,31.527353817340334
37.522,0.008460044860839844,31.527353817340334
37.53,0.008458256721496582,31.566052565869207
37.53,0.00845956802368164,31.566052565869207
37.53,0.00845789909362793,31.566052565869207
37.53,0.008455634117126465,31.566052565869207
37.53,0.00845634937286377,31.566052565869207
37.53,0.008456707000732422,31.566052565869207
37.538,0.008454680442810059,32.28749912738042
37.538,0.008453726768493652,32.28749912738042
37.538,0.008453965187072754,32.28749912738042
37.538,0.008453369140625,32.28749912738042
37.538,0.008455514907836914,32.28749912738042
37.538,0.008456110954284668,32.28749912738042
37.542,0.008453130722045898,33.11779687123695
37.542,0.008452057838439941,33.11779687123695
37.542,0.008451700210571289,33.11779687123695
37.542,0.008451700210571289,33.11779687123695
37.542,0.008452415466308594,33.11779687123695
37.542,0.008452057838439941,33.11779687123695
37.55,0.008450865745544434,33.336028561527755
37.55,0.00844883918762207,33.336028561527755
37.55,0.008449077606201172,33.336028561527755
37.55,0.008448600769042969,33.336028561527755
37.55,0.008448243141174316,33.336028561527755
37.55,0.008447885513305664,33.336028561527755
37.551,0.00844728946685791,33.839729739419155
37.551,0.008446335792541504,33.839729739419155
37.551,0.008446931838989258,33.839729739419155
37.551,0.008448004722595215,33.839729739419155
37.551,0.008447408676147461,33.839729739419155
37.551,0.008448600769042969,33.839729739419155
37.559,0.00844717025756836,34.72315383015236
37.559,0.008445501327514648,34.72315383015236
37.559,0.00844573974609375,34.72315383015236
37.559,0.008444428443908691,34.72315383015236
37.559,0.008444070816040039,34.72315383015236
37.559,0.008443593978881836,34.72315383015236
37.564,0.008442878723144531,34.95230954021355
37.564,0.008442878723144531,34.95230954021355
37.564,0.008443593978881836,34.95230954021355
37.564,0.008442163467407227,34.95230954021355
37.564,0.008441805839538574,34.95230954021355
37.564,0.008440971374511719,34.95230954021355
37.569,0.008438825607299805,35.4488953544044
37.569,0.008437633514404297,35.4488953544044
37.569,0.008440256118774414,35.4488953544044
37.569,0.008441686630249023,35.4488953544044
37.569,0.008439421653747559,35.4488953544044
37.569,0.008440732955932617,35.4488953544044
37.571,0.008436203002929688,36.19750767684776
37.571,0.008437752723693848,36.19750767684776
37.571,0.008436918258666992,36.19750767684776
37.571,0.008437633514404297,36.19750767684776
37.571,0.008435845375061035,36.19750767684776
37.571,0.008437156677246094,36.19750767684776
37.571,0.008435726165771484,36.19750767684776
37.578,0.00843513011932373,36.58145370096061
37.578,0.008434772491455078,36.58145370096061
37.578,0.008434772491455078,36.58145370096061
37.578,0.008435249328613281,36.58145370096061
37.578,0.008433818817138672,36.58145370096061
37.578,0.008434176445007324,36.58145370096061
37.583,0.008431196212768555,37.15565848688745
37.583,0.008430004119873047,37.15565848688745
37.583,0.008429288864135742,37.15565848688745
37.583,0.008432269096374512,37.15565848688745
37.583,0.008433222770690918,37.15565848688745
37.583,0.008432865142822266,37.15565848688745
37.589,0.008429884910583496,37.48012303422523
37.589,0.008429646492004395,37.48012303422523
37.589,0.008429527282714844,37.48012303422523
37.589,0.008428573608398438,37.48012303422523
37.589,0.008429169654846191,37.48012303422523
37.589,0.008428096771240234,37.48012303422523
37.59,0.008427262306213379,37.8173850146255
37.59,0.008426189422607422,37.8173850146255
37.59,0.008426189422607422,37.8173850146255
37.59,0.008425354957580566,37.8173850146255
37.59,0.00842583179473877,37.8173850146255
37.59,0.008426070213317871,37.8173850146255
37.594,0.008423566818237305,38.39009597734965
37.594,0.008424758911132812,38.39009597734965
37.594,0.008425593376159668,38.39009597734965
37.594,0.008424162864685059,38.39009597734965
37.594,0.00842440128326416,38.39009597734965
37.594,0.008425593376159668,38.39009597734965
37.599,0.008422613143920898,38.91314917249313
37.599,0.008422493934631348,38.91314917249313
37.599,0.008422374725341797,38.91314917249313
37.599,0.0084228515625,38.91314917249313
37.599,0.008423686027526855,38.91314917249313
37.599,0.008421897888183594,38.91314917249313
37.604,0.00842142105102539,39.270879518549044
37.604,0.008420586585998535,39.270879518549044
37.604,0.008420467376708984,39.270879518549044
37.604,0.008420109748840332,39.270879518549044
37.604,0.008419156074523926,39.270879518549044
37.604,0.008420228958129883,39.270879518549044
37.611,0.008415460586547852,39.75645877801135
37.611,0.008416533470153809,39.75645877801135
37.611,0.008417487144470215,39.75645877801135
37.611,0.008417129516601562,39.75645877801135
37.611,0.008418083190917969,39.75645877801135
37.611,0.00841832160949707,39.75645877801135
37.613,0.00841379165649414,40.27579437496558
37.613,0.008414864540100098,40.27579437496558
37.613,0.008414387702941895,40.27579437496558
37.613,0.008414387702941895,40.27579437496558
37.613,0.008413910865783691,40.27579437496558
37.613,0.008413195610046387,40.27579437496558
37.618,0.008412837982177734,40.53548527722278
37.618,0.008413195610046387,40.53548527722278
37.618,0.008411765098571777,40.53548527722278
37.618,0.008411526679992676,40.53548527722278
37.618,0.008410811424255371,40.53548527722278
37.618,0.008409500122070312,40.53548527722278
37.621,0.008406519889831543,40.814702939183235
37.621,0.008408069610595703,40.814702939183235
37.621,0.008408069610595703,40.814702939183235
37.621,0.008408546447753906,40.814702939183235
37.621,0.008410215377807617,40.814702939183235
37.621,0.008407235145568848,40.814702939183235
37.625,0.008404016494750977,41.50565428971907
37.625,0.00840604305267334,41.50565428971907
37.625,0.00840616226196289,41.50565428971907
37.625,0.008406758308410645,41.50565428971907
37.625,0.008405447006225586,41.50565428971907
37.625,0.008406996726989746,41.50565428971907
37.63,0.008402585983276367,41.81693384133633
37.63,0.008404970169067383,41.81693384133633
37.63,0.008403301239013672,41.81693384133633
37.63,0.008401632308959961,41.81693384133633
37.63,0.008401274681091309,41.81693384133633
37.63,0.008401989936828613,41.81693384133633
37.635,0.008400440216064453,42.02245097934141
37.635,0.008398890495300293,42.02245097934141
37.635,0.008398890495300293,42.02245097934141
37.635,0.008400917053222656,42.02245097934141
37.635,0.008401751518249512,42.02245097934141
37.635,0.008401632308959961,42.02245097934141
37.637,0.008399367332458496,42.38169058243851
37.637,0.008398890495300293,42.38169058243851
37.637,0.008396506309509277,42.38169058243851
37.637,0.00839686393737793,42.38169058243851
37.637,0.008395791053771973,42.38169058243851
37.637,0.008395075798034668,42.38169058243851
37.642,0.008392333984375,43.201660565789226
37.642,0.008392691612243652,43.201660565789226
37.642,0.008394122123718262,43.201660565789226
37.642,0.008394360542297363,43.201660565789226
37.642,0.008394837379455566,43.201660565789226
37.642,0.00839388370513916,43.201660565789226
37.644,0.00839090347290039,43.61113186521234
37.644,0.00838935375213623,43.61113186521234
37.644,0.008391857147216797,43.61113186521234
37.644,0.008390545845031738,43.61113186521234
37.644,0.008391976356506348,43.61113186521234
37.644,0.008392810821533203,43.61113186521234
37.645,0.008389592170715332,44.05144489742248
37.645,0.008388996124267578,44.05144489742248
37.645,0.00838780403137207,44.05144489742248
37.645,0.008387446403503418,44.05144489742248
37.645,0.008388161659240723,44.05144489742248
37.645,0.008386373519897461,44.05144489742248
37.652,0.00838613510131836,44.49371905624161
37.652,0.008386492729187012,44.49371905624161
37.652,0.008385062217712402,44.49371905624161
37.652,0.008383989334106445,44.49371905624161
37.652,0.00838315486907959,44.49371905624161
37.652,0.008383989334106445,44.49371905624161
37.656,0.008379697799682617,44.42880908475704
37.656,0.008382558822631836,44.42880908475704
37.656,0.008381247520446777,44.42880908475704
37.656,0.008382081985473633,44.42880908475704
37.656,0.008383631706237793,44.42880908475704
37.656,0.008381128311157227,44.42880908475704
37.662,0.008380651473999023,45.176307782398254
37.662,0.008379220962524414,45.176307782398254
37.662,0.008378267288208008,45.176307782398254
37.662,0.008377671241760254,45.176307782398254
37.662,0.008208155632019043,45.176307782398254
37.662,0.00820934772491455,45.176307782398254
36.904,0.008212685585021973,45.39350162637252
36.904,0.008217096328735352,45.39350162637252
36.904,0.008217573165893555,45.39350162637252
36.904,0.008219480514526367,45.39350162637252
36.904,0.00821995735168457,45.39350162637252
36.904,0.008220314979553223,45.39350162637252
36.989,0.008221149444580078,45.689779722742216
36.989,0.008221745491027832,45.689779722742216
36.989,0.00822293758392334,45.689779722742216
36.989,0.008220672607421875,45.689779722742216
36.989,0.008220911026000977,45.689779722742216
36.989,0.008221030235290527,45.689779722742216
37.004,0.008221149444580078,46.20020978629971
37.004,0.008222103118896484,46.20020978629971
37.004,0.008222579956054688,46.20020978629971
37.004,0.008221626281738281,46.20020978629971
37.004,0.00804746150970459,46.20020978629971
37.004,0.00805044174194336,46.20020978629971
36.277,0.008056163787841797,46.189522645615604
36.277,0.008057832717895508,46.189522645615604
36.277,0.008059501647949219,46.189522645615604
36.277,0.008060336112976074,46.189522645615604
36.277,0.008062124252319336,46.189522645615604
36.277,0.008062481880187988,46.189522645615604
36.277,0.008062481880187988,46.189522645615604
36.343,0.008063912391662598,46.421468893710006
36.343,0.00806427001953125,46.421468893710006
36.343,0.0080643892288208,46.421468893710006
36.343,0.008064627647399902,46.421468893710006
36.343,0.008063912391662598,46.421468893710006
36.343,0.008065462112426758,46.421468893710006
36.364,0.008062958717346191,46.598630770828095
36.364,0.008065462112426758,46.598630770828095
36.364,0.008065342903137207,46.598630770828095
36.364,0.007863283157348633,46.598630770828095
36.364,0.007880330085754395,46.598630770828095
36.364,0.00788736343383789,46.598630770828095
35.582,0.007889747619628906,46.35960618515555
35.582,0.00789189338684082,46.35960618515555
35.582,0.00789344310760498,46.35960618515555
35.582,0.007897019386291504,46.35960618515555
35.582,0.0078965425491333,46.35960618515555
35.582,0.007897734642028809,46.35960618515555
35.665,0.007898330688476562,46.48064611183672
35.665,0.007898926734924316,46.48064611183672
35.665,0.007900118827819824,46.48064611183672
35.665,0.00789952278137207,46.48064611183672
35.665,0.007898211479187012,46.48064611183672
35.665,0.007899641990661621,46.48064611183672
35.679,0.007898569107055664,46.2091233794784
35.679,0.007899165153503418,46.2091233794784
35.679,0.007897496223449707,46.2091233794784
35.679,0.007695436477661133,46.2091233794784
35.679,0.0077326297760009766,46.2091233794784
35.679,0.007741808891296387,46.2091233794784
35.051,0.007752656936645508,46.099266605547044
35.051,0.007750391960144043,46.099266605547044
35.051,0.007750034332275391,46.099266605547044
35.051,0.007744193077087402,46.099266605547044
35.051,0.007745504379272461,46.099266605547044
35.051,0.007748961448669434,46.099266605547044
35.068,0.007750868797302246,46.04733284700304
35.068,0.007752418518066406,46.04733284700304
35.068,0.007750868797302246,46.04733284700304
35.068,0.007752656936645508,46.04733284700304
35.082,0.007619619369506836,45.63455062265203
35.082,0.007752180099487305,45.63455062265203
35.082,0.007752537727355957,45.63455062265203
35.082,0.007753849029541016,45.63455062265203
34.417,0.007596015930175781,45.640354310935045
34.417,0.0075969696044921875,45.640354310935045
34.417,0.007600903511047363,45.640354310935045
34.417,0.007602214813232422,45.640354310935045
34.417,0.007602214813232422,45.640354310935045
34.417,0.00760340690612793,45.640354310935045
34.446,0.007604479789733887,45.1549488698916
34.446,0.007604241371154785,45.1549488698916
34.446,0.0076045989990234375,45.1549488698916
34.446,0.0076029300689697266,45.1549488698916
34.446,0.0076029300689697266,45.1549488698916
34.446,0.007604479789733887,45.1549488698916
34.463,0.00744318962097168,45.04772920173613
34.463,0.007446646690368652,45.04772920173613
34.463,0.0076056718826293945,45.04772920173613
34.463,0.007603764533996582,45.04772920173613
34.463,0.0076045989990234375,45.04772920173613
34.463,0.007605075836181641,45.04772920173613
33.827,0.007451057434082031,44.59578792387227
33.827,0.007452845573425293,44.59578792387227
33.827,0.007456064224243164,44.59578792387227
33.827,0.007456779479980469,44.59578792387227
33.827,0.007458925247192383,44.59578792387227
33.827,0.007459163665771484,44.59578792387227
33.857,0.007462620735168457,44.48626051260698
33.857,0.007459402084350586,44.48626051260698
33.857,0.007461428642272949,44.48626051260698
33.857,0.0074613094329833984,44.48626051260698
33.857,0.007462143898010254,44.48626051260698
33.857,0.007462263107299805,44.48626051260698
33.865,0.007306218147277832,44.53420199163826
33.865,0.0073049068450927734,44.53420199163826
33.865,0.007460951805114746,44.53420199163826
33.865,0.007460832595825195,44.53420199163826
33.865,0.0074615478515625,44.53420199163826
33.865,0.0074615478515625,44.53420199163826
33.237,0.007310986518859863,43.82578543272252
33.237,0.007311582565307617,43.82578543272252
33.237,0.007315635681152344,43.82578543272252
33.237,0.007317543029785156,43.82578543272252
33.237,0.0073174238204956055,43.82578543272252
33.237,0.00731968879699707,43.82578543272252
33.247,0.007319211959838867,43.64110573632182
33.247,0.007320880889892578,43.64110573632182
33.247,0.0073206424713134766,43.64110573632182
33.247,0.007320880889892578,43.64110573632182
33.247,0.00731968879699707,43.64110573632182
33.247,0.007321357727050781,43.64110573632182
33.265,0.007322430610656738,43.52243095774751
33.265,0.007322549819946289,43.52243095774751
33.265,0.007320880889892578,43.52243095774751
33.265,0.007321357727050781,43.52243095774751
33.265,0.007321596145629883,43.52243095774751
33.275,0.0073212385177612305,43.217072960431175
33.275,0.007322430610656738,43.217072960431175
33.275,0.007321953773498535,43.217072960431175
33.275,0.0073212385177612305,43.217072960431175
33.275,0.007320761680603027,43.217072960431175
33.275,0.007320761680603027,43.217072960431175
33.29,0.007320523262023926,42.95201364661442
33.29,0.0073206424713134766,42.95201364661442
33.29,0.007319450378417969,42.95201364661442
33.29,0.0073201656341552734,42.95201364661442
33.29,0.0073206424713134766,42.95201364661442
33.29,0.007320523262023926,42.95201364661442
33.299,0.007319808006286621,42.59363199906741
33.299,0.0073195695877075195,42.59363199906741
33.299,0.007320284843444824,42.59363199906741
33.299,0.007319092750549316,42.59363199906741
33.299,0.0073195695877075195,42.59363199906741
33.299,0.007318854331970215,42.59363199906741
33.302,0.007317304611206055,42.641759198418654
33.302,0.0073184967041015625,42.641759198418654
33.302,0.007318377494812012,42.641759198418654
33.302,0.007318973541259766,42.641759198418654
33.302,0.007316112518310547,42.641759198418654
33.302,0.007318735122680664,42.641759198418654
33.302,0.007317662239074707,42.641759198418654
33.307,0.0073174238204956055,42.97963593502215
33.307,0.007319211959838867,42.97963593502215
33.307,0.007318973541259766,42.97963593502215
33.307,0.007317185401916504,42.97963593502215
33.307,0.007317900657653809,42.97963593502215
33.307,0.007317066192626953,42.97963593502215
33.307,0.007318019866943359,42.55183661146542
33.307,0.00731813907623291,42.55183661146542
33.307,0.007317185401916504,42.55183661146542
33.307,0.007318019866943359,42.55183661146542
33.307,0.007317781448364258,42.55183661146542
33.307,0.007315516471862793,42.55183661146542
33.311,0.007317900657653809,42.99446725136771
33.311,0.007317662239074707,42.99446725136771
33.311,0.007316112518310547,42.99446725136771
33.311,0.007317066192626953,42.99446725136771
33.311,0.0073174238204956055,42.99446725136771
33.311,0.007317185401916504,42.99446725136771
33.314,0.0073168277740478516,43.25826536023153
33.314,0.0073174238204956055,43.25826536023153
33.314,0.007317543029785156,43.25826536023153
33.314,0.007317781448364258,43.25826536023153
33.314,0.007315993309020996,43.25826536023153
33.314,0.007317900657653809,43.25826536023153
33.32,0.007316112518310547,43.404051259095965
33.32,0.007316231727600098,43.404051259095965
33.32,0.007316708564758301,43.404051259095965
33.32,0.007316112518310547,43.404051259095965
33.32,0.007315635681152344,43.404051259095965
33.32,0.0073157548904418945,43.404051259095965
33.323,0.007316470146179199,43.968078530747775
33.323,0.0073163509368896484,43.968078530747775
33.323,0.007315158843994141,43.968078530747775
33.323,0.007315874099731445,43.968078530747775
33.323,0.0073163509368896484,43.968078530747775
33.323,0.007316112518310547,43.968078530747775
33.326,0.007315158843994141,44.28167767401426
33.326,0.00731503963470459,44.28167767401426
33.326,0.0073157548904418945,44.28167767401426
33.326,0.007314443588256836,44.28167767401426
33.326,0.007314443588256836,44.28167767401426
33.326,0.007314801216125488,44.28167767401426
33.327,0.007313251495361328,44.651310781330324
33.327,0.0073146820068359375,44.651310781330324
33.327,0.007314920425415039,44.651310781330324
33.327,0.007314920425415039,44.651310781330324
33.327,0.007314085960388184,44.651310781330324
33.327,0.007315874099731445,44.651310781330324
33.33,0.007312417030334473,45.42230813693564
33.33,0.00731348991394043,45.42230813693564
33.33,0.007313370704650879,45.42230813693564
33.33,0.007314920425415039,45.42230813693564
33.33,0.007313132286071777,45.42230813693564
33.33,0.00731503963470459,45.42230813693564
33.34,0.007314443588256836,45.748039343412486
33.34,0.007312774658203125,45.748039343412486
33.34,0.0073125362396240234,45.748039343412486
33.34,0.007312893867492676,45.748039343412486
33.34,0.007312893867492676,45.748039343412486
33.34,0.0073125362396240234,45.748039343412486
33.343,0.0073119401931762695,46.01180978733146
33.343,0.007312417030334473,46.01180978733146
33.343,0.007311701774597168,46.01180978733146
33.343,0.007312893867492676,46.01180978733146
33.343,0.007311582565307617,46.01180978733146
33.343,0.007310748100280762,46.01180978733146
33.346,0.007309675216674805,46.55978163647627
33.346,0.007308602333068848,46.55978163647627
33.346,0.007309556007385254,46.55978163647627
33.346,0.007309317588806152,46.55978163647627
33.346,0.0073087215423583984,46.55978163647627
33.346,0.0073119401931762695,46.55978163647627
33.35,0.0073087215423583984,46.82766086868703
33.35,0.007308602333068848,46.82766086868703
33.35,0.007307291030883789,46.82766086868703
33.35,0.007307648658752441,46.82766086868703
33.35,0.007308363914489746,46.82766086868703
33.35,0.007308483123779297,46.82766086868703
33.352,0.007304549217224121,47.02493157430363
33.352,0.007305502891540527,47.02493157430363
33.352,0.007306218147277832,47.02493157430363
33.352,0.007306694984436035,47.02493157430363
33.352,0.007306456565856934,47.02493157430363
33.352,0.007306098937988281,47.02493157430363
33.356,0.0073043107986450195,47.113181697969665
33.356,0.0073032379150390625,47.113181697969665
33.356,0.007304549217224121,47.113181697969665
33.356,0.007303595542907715,47.113181697969665
33.356,0.0073049068450927734,47.113181697969665
33.356,0.007304072380065918,47.113181697969665
33.358,0.007303595542907715,47.215393909406885
33.358,0.007303953170776367,47.215393909406885
33.358,0.007304191589355469,47.215393909406885
33.358,0.007301807403564453,47.215393909406885
33.358,0.007301449775695801,47.215393909406885
33.358,0.00730133056640625,47.215393909406885
33.354,0.007300257682800293,46.95692234473135
33.354,0.00729978084564209,46.95692234473135
33.354,0.00730133056640625,46.95692234473135
33.354,0.007298707962036133,46.95692234473135
33.354,0.0072983503341674805,46.95692234473135
33.354,0.00729823112487793,46.95692234473135
33.353,0.007297635078430176,46.78188769297808
33.353,0.007297396659851074,46.78188769297808
33.353,0.007295966148376465,46.78188769297808
33.353,0.007297396659851074,46.78188769297808
33.353,0.007297873497009277,46.78188769297808
33.353,0.007297039031982422,46.78188769297808
33.35,0.007293343544006348,46.546829423228175
33.35,0.007295131683349609,46.546829423228175
33.35,0.007293581962585449,46.546829423228175
33.35,0.007296323776245117,46.546829423228175
33.35,0.007296085357666016,46.546829423228175
33.35,0.007294774055480957,46.546829423228175
33.351,0.007293343544006348,46.290254277749604
33.351,0.007294654846191406,46.290254277749604
33.351,0.007292509078979492,46.290254277749604
33.351,0.007294654846191406,46.290254277749604
33.351,0.007293701171875,46.290254277749604
33.351,0.007293343544006348,46.290254277749604
33.351,0.007291078567504883,45.66481616321254
33.351,0.00729060173034668,45.66481616321254
33.351,0.007290244102478027,45.66481616321254
33.351,0.007292628288269043,45.66481616321254
33.351,0.0072907209396362305,45.66481616321254
33.351,0.007289886474609375,45.66481616321254
33.346,0.007290482521057129,45.037133738767835
33.346,0.007288813591003418,45.037133738767835
33.346,0.007289409637451172,45.037133738767835
33.346,0.007289528846740723,45.037133738767835
33.346,0.007290482521057129,45.037133738767835
33.346,0.007289290428161621,45.037133738767835
33.343,0.007287502288818359,45.03034855357444
33.343,0.007288217544555664,45.03034855357444
33.343,0.007288217544555664,45.03034855357444
33.343,0.0072890520095825195,45.03034855357444
33.343,0.007288098335266113,45.03034855357444
33.343,0.007287740707397461,45.03034855357444
33.339,0.007285594940185547,44.00127059462891
33.339,0.0072863101959228516,44.00127059462891
33.339,0.0072869062423706055,44.00127059462891
33.339,0.007287144660949707,44.00127059462891
33.339,0.007285356521606445,44.00127059462891
33.339,0.0072879791259765625,44.00127059462891
33.337,0.007285952568054199,43.556730541709655
33.337,0.007285952568054199,43.556730541709655
33.337,0.007286667823791504,43.556730541709655
33.337,0.007284879684448242,43.556730541709655
33.337,0.00728607177734375,43.556730541709655
33.337,0.007284402847290039,43.556730541709655
33.333,0.007283568382263184,43.35388104713754
33.333,0.007283926010131836,43.35388104713754
33.333,0.007283806800842285,43.35388104713754
33.333,0.007284998893737793,43.35388104713754
33.333,0.007284998893737793,43.35388104713754
33.333,0.007284283638000488,43.35388104713754
33.333,0.00728452205657959,43.35388104713754
33.33,0.007282614707946777,42.71666393223019
33.33,0.007281899452209473,42.71666393223019
33.33,0.007283329963684082,42.71666393223019
33.33,0.007283210754394531,42.71666393223019
33.33,0.007282376289367676,42.71666393223019
33.33,0.00728452205657959,42.71666393223019
33.328,0.007282853126525879,42.17404656950859
33.328,0.007282257080078125,42.17404656950859
33.328,0.007282376289367676,42.17404656950859
33.328,0.007282257080078125,42.17404656950859
33.328,0.007281303405761719,42.17404656950859
33.328,0.007279872894287109,42.17404656950859
33.323,0.007281064987182617,41.71133391772625
33.323,0.007280826568603516,41.71133391772625
33.323,0.0072814226150512695,41.71133391772625
33.323,0.007281064987182617,41.71133391772625
33.323,0.007280707359313965,41.71133391772625
33.323,0.007281064987182617,41.71133391772625
33.316,0.007281184196472168,40.84296630914605
33.316,0.00728154182434082,40.84296630914605
33.316,0.007280945777893066,40.84296630914605
33.316,0.0072814226150512695,40.84296630914605
33.316,0.007281899452209473,40.84296630914605
33.316,0.0072814226150512695,40.84296630914605
33.314,0.007280588150024414,40.80921571933692
33.314,0.007280588150024414,40.80921571933692
33.314,0.0072803497314453125,40.80921571933692
33.314,0.0072803497314453125,40.80921571933692
33.314,0.007281303405761719,40.80921571933692
33.314,0.007280945777893066,40.80921571933692
33.31,0.007279396057128906,40.1341373179615
33.31,0.007278561592102051,40.1341373179615
33.31,0.007279396057128906,40.1341373179615
33.31,0.007279515266418457,40.1341373179615
33.31,0.007281064987182617,40.1341373179615
33.31,0.007280468940734863,40.1341373179615
33.306,0.0072803497314453125,39.37075144770298
33.306,0.007278323173522949,39.37075144770298
33.306,0.007280468940734863,39.37075144770298
33.306,0.007280468940734863,39.37075144770298
33.306,0.007279872894287109,39.37075144770298
33.306,0.007278800010681152,39.37075144770298
33.306,0.007280468940734863,38.932363311318525
33.306,0.007280230522155762,38.932363311318525
33.306,0.007279872894287109,38.932363311318525
33.306,0.007279753684997559,38.932363311318525
33.306,0.0072814226150512695,38.932363311318525
33.306,0.007279872894287109,38.932363311318525
33.306,0.007280945777893066,38.61447145330344
33.306,0.007280468940734863,38.61447145330344
33.306,0.007280111312866211,38.61447145330344
33.306,0.007279396057128906,38.61447145330344
33.306,0.0072792768478393555,38.61447145330344
33.306,0.007280588150024414,38.61447145330344
33.302,0.007280468940734863,37.888726681890624
33.302,0.007279753684997559,37.888726681890624
33.302,0.0072792768478393555,37.888726681890624
33.302,0.007280588150024414,37.888726681890624
33.302,0.007279753684997559,37.888726681890624
33.302,0.007279515266418457,37.888726681890624
33.297,0.007280945777893066,37.53075652340923
33.297,0.00727999210357666,37.53075652340923
33.297,0.007282376289367676,37.53075652340923
33.297,0.007280468940734863,37.53075652340923
33.297,0.007279753684997559,37.53075652340923
33.297,0.007281064987182617,37.53075652340923
33.292,0.007282853126525879,37.364312417665374
33.292,0.007278800010681152,37.364312417665374
33.292,0.007281064987182617,37.364312417665374
33.292,0.007281064987182617,37.364312417665374
33.292,0.007280707359313965,37.364312417665374
33.292,0.007279634475708008,37.364312417665374
33.29,0.0072814226150512695,36.62147008772649
33.29,0.007281064987182617,36.62147008772649
33.29,0.0072803497314453125,36.62147008772649
33.29,0.00727999210357666,36.62147008772649
33.29,0.007281064987182617,36.62147008772649
33.29,0.007281064987182617,36.62147008772649
33.286,0.007281661033630371,36.179161968477686
33.286,0.007282137870788574,36.179161968477686
33.286,0.00728154182434082,36.179161968477686
33.286,0.0072814226150512695,36.179161968477686
33.286,0.007281661033630371,36.179161968477686
33.286,0.007280707359313965,36.179161968477686
33.284,0.00728154182434082,35.702171837765
33.284,0.007282137870788574,35.702171837765
33.284,0.007282614707946777,35.702171837765
33.284,0.007281661033630371,35.702171837765
33.284,0.007280468940734863,35.702171837765
33.284,0.0072820186614990234,35.702171837765
33.284,0.007283210754394531,35.330929210915954
33.284,0.007283687591552734,35.330929210915954
33.284,0.007284283638000488,35.330929210915954
33.284,0.00728297233581543,35.330929210915954
33.284,0.00728154182434082,35.330929210915954
33.284,0.00728154182434082,35.330929210915954
33.284,0.007282257080078125,35.04498685014659
33.284,0.007283329963684082,35.04498685014659
33.284,0.007283568382263184,35.04498685014659
33.284,0.007283449172973633,35.04498685014659
33.284,0.007282614707946777,35.04498685014659
33.284,0.00728297233581543,35.04498685014659
33.281,0.0072830915451049805,34.728235556048574
33.281,0.007282733917236328,34.728235556048574
33.281,0.007284283638000488,34.728235556048574
33.281,0.007284402847290039,34.728235556048574
33.281,0.007283687591552734,34.728235556048574
33.281,0.007283210754394531,34.728235556048574
33.274,0.007284402847290039,34.035470963387716
33.274,0.007284402847290039,34.035470963387716
33.274,0.007284283638000488,34.035470963387716
33.274,0.007285356521606445,34.035470963387716
33.274,0.007284283638000488,34.035470963387716
33.274,0.0072841644287109375,34.035470963387716
33.274,0.007285475730895996,33.632895312930415
33.274,0.007284402847290039,33.632895312930415
33.274,0.00728607177734375,33.632895312930415
33.274,0.007285714149475098,33.632895312930415
33.274,0.007286429405212402,33.632895312930415
33.274,0.00728452205657959,33.632895312930415
33.272,0.007286190986633301,33.57070205347513
33.272,0.007287144660949707,33.57070205347513
33.272,0.007286667823791504,33.57070205347513
33.272,0.007286429405212402,33.57070205347513
33.272,0.007285714149475098,33.57070205347513
33.272,0.007287144660949707,33.57070205347513
33.271,0.007286667823791504,33.005123691545066
33.271,0.007288694381713867,33.005123691545066
33.271,0.007286787033081055,33.005123691545066
33.271,0.007286429405212402,33.005123691545066
33.271,0.007286548614501953,33.005123691545066
33.271,0.007287383079528809,33.005123691545066
33.267,0.007287144660949707,32.86623176538387
33.267,0.007287383079528809,32.86623176538387
33.267,0.007287144660949707,32.86623176538387
33.267,0.0072879791259765625,32.86623176538387
33.267,0.007288455963134766,32.86623176538387
33.267,0.0072879791259765625,32.86623176538387
33.267,0.007289886474609375,32.23326542237153
33.267,0.007289290428161621,32.23326542237153
33.267,0.007290244102478027,32.23326542237153
33.267,0.007288336753845215,32.23326542237153
33.267,0.007289409637451172,32.23326542237153
33.267,0.007289886474609375,32.23326542237153
33.261,0.0072907209396362305,32.01886252231003
33.261,0.007291913032531738,32.01886252231003
33.261,0.0072896480560302734,32.01886252231003
33.261,0.007289290428161621,32.01886252231003
33.261,0.007291197776794434,32.01886252231003
33.261,0.007289886474609375,32.01886252231003
33.262,0.007292509078979492,31.526122060300867
33.262,0.007290482521057129,31.526122060300867
33.262,0.007290244102478027,31.526122060300867
33.262,0.007292628288269043,31.526122060300867
33.262,0.007292389869689941,31.526122060300867
33.259,0.0072928667068481445,31.251697531060458
33.259,0.007292985916137695,31.251697531060458
33.259,0.007292985916137695,31.251697531060458
33.259,0.007291436195373535,31.251697531060458
33.259,0.007291555404663086,31.251697531060458
33.259,0.007291555404663086,31.251697531060458
33.256,0.007293701171875,31.086884945331665
33.256,0.0072956085205078125,31.086884945331665
33.256,0.007292747497558594,31.086884945331665
33.256,0.007293581962585449,31.086884945331665
33.256,0.007295370101928711,31.086884945331665
33.256,0.0072934627532958984,31.086884945331665
33.254,0.007293820381164551,30.723008035992684
33.254,0.007295012474060059,30.723008035992684
33.254,0.0072934627532958984,30.723008035992684
33.254,0.007294654846191406,30.723008035992684
33.254,0.007295727729797363,30.723008035992684
33.254,0.00729525089263916,30.723008035992684
33.248,0.007295727729797363,30.42621409382664
33.248,0.007296323776245117,30.42621409382664
33.248,0.007296204566955566,30.42621409382664
33.248,0.007295846939086914,30.42621409382664
33.248,0.007296204566955566,30.42621409382664
33.248,0.007295012474060059,30.42621409382664
33.245,0.007295966148376465,30.02252027647942
33.245,0.007297396659851074,30.02252027647942
33.245,0.007296919822692871,30.02252027647942
33.245,0.007296204566955566,30.02252027647942
33.245,0.007297515869140625,30.02252027647942
33.245,0.007297635078430176,30.02252027647942
33.246,0.007298111915588379,29.853653007353547
33.246,0.007296442985534668,29.853653007353547
33.246,0.007298588752746582,29.853653007353547
33.246,0.007297515869140625,29.853653007353547
33.246,0.007298588752746582,29.853653007353547
33.246,0.007298111915588379,29.853653007353547
33.246,0.007299542427062988,29.580099204002032
33.246,0.0072994232177734375,29.580099204002032
33.246,0.007299304008483887,29.580099204002032
33.246,0.007298946380615234,29.580099204002032
33.246,0.007299900054931641,29.580099204002032
33.246,0.007300376892089844,29.580099204002032
33.242,0.007299661636352539,29.23564616046236
33.242,0.007299542427062988,29.23564616046236
33.242,0.007300972938537598,29.23564616046236
33.242,0.007300019264221191,29.23564616046236
33.242,0.007300734519958496,29.23564616046236
33.242,0.0073015689849853516,29.23564616046236
33.241,0.007300615310668945,28.947273024670736
33.241,0.007302999496459961,28.947273024670736
33.241,0.007301926612854004,28.947273024670736
33.241,0.007301211357116699,28.947273024670736
33.241,0.007302284240722656,28.947273024670736
33.241,0.00730133056640625,28.947273024670736
33.238,0.007300972938537598,28.53701603874211
33.238,0.007302641868591309,28.53701603874211
33.238,0.007303357124328613,28.53701603874211
33.238,0.007303595542907715,28.53701603874211
33.238,0.007303714752197266,28.53701603874211
33.238,0.007302999496459961,28.53701603874211
33.239,0.0073043107986450195,28.301030105466513
33.239,0.007304787635803223,28.301030105466513
33.239,0.007305264472961426,28.301030105466513
33.239,0.007303714752197266,28.301030105466513
33.239,0.0073053836822509766,28.301030105466513
33.239,0.007304072380065918,28.301030105466513
33.236,0.007306575775146484,27.997136623205186
33.236,0.00730586051940918,27.997136623205186
33.236,0.007305145263671875,27.997136623205186
33.236,0.0073049068450927734,27.997136623205186
33.236,0.007304668426513672,27.997136623205186
33.236,0.007303953170776367,27.997136623205186
33.234,0.007307529449462891,27.764799215480814
33.234,0.007305741310119629,27.764799215480814
33.234,0.007306098937988281,27.764799215480814
33.234,0.007307291030883789,27.764799215480814
33.234,0.0073081254959106445,27.764799215480814
33.234,0.007306456565856934,27.764799215480814
33.232,0.007306456565856934,27.477405914305123
33.232,0.007307171821594238,27.477405914305123
33.232,0.0073081254959106445,27.477405914305123
33.232,0.007308840751647949,27.477405914305123
33.232,0.0073091983795166016,27.477405914305123
33.232,0.0073081254959106445,27.477405914305123
33.232,0.007309556007385254,27.51906151395905
33.232,0.0073108673095703125,27.51906151395905
33.232,0.0073091983795166016,27.51906151395905
33.232,0.007309675216674805,27.51906151395905
33.232,0.007309913635253906,27.51906151395905
33.232,0.007307291030883789,27.51906151395905
33.233,0.0073097944259643555,26.987835931173286
33.233,0.0073097944259643555,26.987835931173286
33.233,0.0073108673095703125,26.987835931173286
33.233,0.0073087215423583984,26.987835931173286
33.233,0.007310628890991211,26.987835931173286
33.233,0.007310748100280762,26.987835931173286
33.231,0.007310748100280762,26.760711870462387
33.231,0.007310032844543457,26.760711870462387
33.231,0.007313370704650879,26.760711870462387
33.231,0.007312655448913574,26.760711870462387
33.231,0.007312178611755371,26.760711870462387
33.231,0.007311582565307617,26.760711870462387
33.227,0.007314205169677734,26.478496177976186
33.227,0.0073130130767822266,26.478496177976186
33.227,0.007314085960388184,26.478496177976186
33.227,0.007313370704650879,26.478496177976186
33.227,0.007312178611755371,26.478496177976186
33.227,0.0073136091232299805,26.478496177976186
33.225,0.007313251495361328,26.240408165526837
33.225,0.0073146820068359375,26.240408165526837
33.225,0.007312893867492676,26.240408165526837
33.225,0.0073146820068359375,26.240408165526837
33.225,0.007313847541809082,26.240408165526837
33.225,0.0073157548904418945,26.240408165526837
33.222,0.007315516471862793,25.91447228797986
33.222,0.007314205169677734,25.91447228797986
33.222,0.007314920425415039,25.91447228797986
33.222,0.007316112518310547,25.91447228797986
33.222,0.007316112518310547,25.91447228797986
33.222,0.007315516471862793,25.91447228797986
33.219,0.007317185401916504,25.7490300460287
33.219,0.007316231727600098,25.7490300460287
33.219,0.007317185401916504,25.7490300460287
33.219,0.007314920425415039,25.7490300460287
33.219,0.0073168277740478516,25.7490300460287
33.219,0.0073168277740478516,25.7490300460287
33.215,0.007319211959838867,25.445893717144344
33.215,0.007317543029785156,25.445893717144344
33.215,0.007317543029785156,25.445893717144344
33.215,0.00731813907623291,25.445893717144344
33.215,0.007317662239074707,25.445893717144344
33.215,0.007319450378417969,25.445893717144344
33.211,0.007318615913391113,25.26158897410453
33.211,0.007318973541259766,25.26158897410453
33.211,0.007318854331970215,25.26158897410453
33.211,0.0073195695877075195,25.26158897410453
33.211,0.00731968879699707,25.26158897410453
33.211,0.007318973541259766,25.26158897410453
33.211,0.0073212385177612305,25.155207820524275
33.211,0.007320761680603027,25.155207820524275
33.211,0.007321953773498535,25.155207820524275
33.211,0.007320404052734375,25.155207820524275
33.211,0.007319808006286621,25.155207820524275
33.211,0.0073195695877075195,25.155207820524275
33.211,0.007320523262023926,25.155207820524275
33.211,0.007322192192077637,24.965349275658177
33.211,0.007321953773498535,24.965349275658177
33.211,0.007321953773498535,24.965349275658177
33.211,0.007321953773498535,24.965349275658177
33.211,0.007323622703552246,24.965349275658177
33.208,0.007322907447814941,24.44021682922689
33.208,0.0073244571685791016,24.44021682922689
33.208,0.007323741912841797,24.44021682922689
33.208,0.007322192192077637,24.44021682922689
33.208,0.007322907447814941,24.44021682922689
33.208,0.007322788238525391,24.44021682922689
33.208,0.007323861122131348,24.44021682922689
33.207,0.007324934005737305,24.34442218462758
33.207,0.007324695587158203,24.34442218462758
33.207,0.007325291633605957,24.34442218462758
33.207,0.007324099540710449,24.34442218462758
33.207,0.0073233842849731445,24.34442218462758
33.207,0.0073233842849731445,24.34442218462758
33.205,0.007326006889343262,24.361021351165036
33.205,0.007324934005737305,24.361021351165036
33.205,0.007324337959289551,24.361021351165036
33.205,0.007326602935791016,24.361021351165036
33.205,0.007326245307922363,24.361021351165036
33.205,0.007325887680053711,24.361021351165036
33.202,0.007326602935791016,24.125137597187603
33.202,0.007327079772949219,24.125137597187603
33.202,0.007326841354370117,24.125137597187603
33.202,0.007327675819396973,24.125137597187603
33.202,0.007328510284423828,24.125137597187603
33.202,0.007326602935791016,24.125137597187603
33.202,0.007328510284423828,23.81880775687113
33.202,0.007329225540161133,23.81880775687113
33.202,0.007328391075134277,23.81880775687113
33.202,0.007326960563659668,23.81880775687113
33.202,0.0073288679122924805,23.81880775687113
33.202,0.007326960563659668,23.81880775687113
33.201,0.007327914237976074,23.548987672006113
33.201,0.007329702377319336,23.548987672006113
33.201,0.007328987121582031,23.548987672006113
33.201,0.00732874870300293,23.548987672006113
33.201,0.007329702377319336,23.548987672006113
33.201,0.007329702377319336,23.548987672006113
33.202,0.007331252098083496,23.344417570492407
33.202,0.007329583168029785,23.344417570492407
33.202,0.00733029842376709,23.344417570492407
33.202,0.007332801818847656,23.344417570492407
33.202,0.0073310136795043945,23.344417570492407
33.202,0.007331252098083496,23.344417570492407
33.199,0.0073316097259521484,23.45778792308454
33.199,0.00733184814453125,23.45778792308454
33.199,0.007332205772399902,23.45778792308454
33.199,0.007331728935241699,23.45778792308454
33.199,0.007330060005187988,23.45778792308454
33.199,0.007331252098083496,23.45778792308454
33.196,0.007333517074584961,22.862985376624287
33.196,0.007333040237426758,22.862985376624287
33.196,0.007332563400268555,22.862985376624287
33.196,0.007332205772399902,22.862985376624287
33.196,0.0073320865631103516,22.862985376624287
33.196,0.0073320865631103516,22.862985376624287
33.195,0.007332324981689453,22.840351944299975
33.195,0.007334232330322266,22.840351944299975
33.195,0.007335186004638672,22.840351944299975
33.195,0.007334589958190918,22.840351944299975
33.195,0.007333278656005859,22.840351944299975
33.195,0.007335066795349121,22.840351944299975
33.193,0.0073359012603759766,22.850615251252172
33.193,0.007336020469665527,22.850615251252172
33.193,0.007335186004638672,22.850615251252172
33.193,0.007334113121032715,22.850615251252172
33.193,0.007334351539611816,22.850615251252172
33.193,0.007335186004638672,22.850615251252172
33.191,0.007337331771850586,22.297166987950717
33.191,0.007335066795349121,22.297166987950717
33.191,0.007337808609008789,22.297166987950717
33.191,0.007337212562561035,22.297166987950717
33.191,0.007336020469665527,22.297166987950717
33.191,0.007336139678955078,22.297166987950717
33.191,0.0073375701904296875,22.112517437687515
33.191,0.00733637809753418,22.112517437687515
33.191,0.007338404655456543,22.112517437687515
33.191,0.00733792781829834,22.112517437687515
33.191,0.007337331771850586,22.112517437687515
33.191,0.007337689399719238,22.112517437687515
33.188,0.007338523864746094,22.159121841431336
33.188,0.007339835166931152,22.159121841431336
33.188,0.007340550422668457,22.159121841431336
33.188,0.0073394775390625,22.159121841431336
33.188,0.0073403120040893555,22.159121841431336
33.188,0.007340073585510254,22.159121841431336
33.185,0.0073403120040893555,21.797332273969097
33.185,0.007340192794799805,21.797332273969097
33.185,0.0073394775390625,21.797332273969097
33.185,0.007340669631958008,21.797332273969097
33.185,0.00734102725982666,21.797332273969097
33.185,0.007339596748352051,21.797332273969097
33.181,0.007340073585510254,21.6792381500877
33.181,0.007341742515563965,21.6792381500877
33.181,0.007340788841247559,21.6792381500877
33.181,0.007340788841247559,21.6792381500877
33.181,0.007342696189880371,21.6792381500877
33.181,0.007342338562011719,21.6792381500877
33.181,0.007343769073486328,21.67042866406849
33.181,0.007342815399169922,21.67042866406849
33.181,0.007342696189880371,21.67042866406849
33.181,0.007343292236328125,21.67042866406849
33.181,0.007342100143432617,21.67042866406849
33.181,0.007341861724853516,21.67042866406849
33.178,0.007342100143432617,21.210889610986843
33.178,0.007344484329223633,21.210889610986843
33.178,0.0073441267013549805,21.210889610986843
33.178,0.007342338562011719,21.210889610986843
33.178,0.007344841957092285,21.210889610986843
33.178,0.007343649864196777,21.210889610986843
33.179,0.007344365119934082,20.964910100840612
33.179,0.007345080375671387,20.964910100840612
33.179,0.007345795631408691,20.964910100840612
33.179,0.007344603538513184,20.964910100840612
33.179,0.00734555721282959,20.964910100840612
33.179,0.00734400749206543,20.964910100840612
33.178,0.007346153259277344,21.001660394175353
33.178,0.007346391677856445,21.001660394175353
33.178,0.007348060607910156,21.001660394175353
33.178,0.007345795631408691,21.001660394175353
33.178,0.0073451995849609375,21.001660394175353
33.178,0.007346987724304199,21.001660394175353
33.178,0.007348060607910156,20.908401303004368
33.178,0.007348060607910156,20.908401303004368
33.178,0.007346749305725098,20.908401303004368
33.178,0.007346749305725098,20.908401303004368
33.178,0.007347226142883301,20.908401303004368
33.178,0.007347226142883301,20.908401303004368
33.176,0.007346987724304199,20.3787881150022
33.176,0.007348060607910156,20.3787881150022
33.176,0.007347464561462402,20.3787881150022
33.176,0.007348418235778809,20.3787881150022
33.176,0.007349610328674316,20.3787881150022
33.176,0.007348895072937012,20.3787881150022
33.172,0.00735020637512207,20.580622470786913
33.172,0.007350444793701172,20.580622470786913
33.172,0.007349491119384766,20.580622470786913
33.172,0.007349491119384766,20.580622470786913
33.172,0.007349133491516113,20.580622470786913
33.172,0.007348537445068359,20.580622470786913
33.168,0.0073506832122802734,20.21377212305664
33.168,0.007351279258728027,20.21377212305664
33.168,0.007350921630859375,20.21377212305664
33.168,0.007350564002990723,20.21377212305664
33.168,0.007350921630859375,20.21377212305664
33.168,0.007350564002990723,20.21377212305664
33.168,0.00735163688659668,19.845868991889887
33.168,0.007352232933044434,19.845868991889887
33.168,0.007349610328674316,19.845868991889887
33.168,0.007351875305175781,19.845868991889887
33.168,0.007352471351623535,19.845868991889887
33.168,0.007352352142333984,19.845868991889887
33.163,0.007353663444519043,19.918465327699547
33.163,0.00735163688659668,19.918465327699547
33.163,0.0073539018630981445,19.918465327699547
33.163,0.007352590560913086,19.918465327699547
33.163,0.00735163688659668,19.918465327699547
33.163,0.007353067398071289,19.918465327699547
33.161,0.0073549747467041016,19.649340676967796
33.161,0.007354021072387695,19.649340676967796
33.161,0.007354021072387695,19.649340676967796
33.161,0.007354378700256348,19.649340676967796
33.161,0.00735318660736084,19.649340676967796
33.161,0.007353067398071289,19.649340676967796
33.161,0.007353425025939941,19.649340676967796
33.16,0.007354855537414551,19.564449796194236
33.16,0.007354736328125,19.564449796194236
33.16,0.007354259490966797,19.564449796194236
33.16,0.007354855537414551,19.564449796194236
33.16,0.007355690002441406,19.564449796194236
33.16,0.007355332374572754,19.564449796194236
33.159,0.007357001304626465,19.482113674729376
33.159,0.007355093955993652,19.482113674729376
33.159,0.007357120513916016,19.482113674729376
33.159,0.007355690002441406,19.482113674729376
33.159,0.0073555707931518555,19.482113674729376
33.159,0.0073566436767578125,19.482113674729376
33.158,0.007357358932495117,19.172741956663025
33.158,0.007357239723205566,19.172741956663025
33.158,0.007357358932495117,19.172741956663025
33.158,0.007357358932495117,19.172741956663025
33.158,0.007357239723205566,19.172741956663025
33.158,0.0073566436767578125,19.172741956663025
33.158,0.007358908653259277,18.880218939991664
33.158,0.007357001304626465,18.880218939991664
33.158,0.0073577165603637695,18.880218939991664
33.158,0.007358670234680176,18.880218939991664
33.158,0.007359981536865234,18.880218939991664
33.158,0.007358193397521973,18.880218939991664
33.157,0.007358908653259277,18.740852186190427
33.157,0.007359623908996582,18.740852186190427
33.157,0.0073583126068115234,18.740852186190427
33.157,0.0073583126068115234,18.740852186190427
33.157,0.007362008094787598,18.744949602812135
33.157,0.007360577583312988,18.744949602812135
33.157,0.007361650466918945,18.744949602812135
33.157,0.007360339164733887,18.744949602812135
33.157,0.007360219955444336,18.744949602812135
33.157,0.007359862327575684,18.744949602812135
33.157,0.007361173629760742,18.50500330256462
33.157,0.007361412048339844,18.50500330256462
33.157,0.007360935211181641,18.50500330256462
33.157,0.00736236572265625,18.50500330256462
33.157,0.007362484931945801,18.50500330256462
33.157,0.007362008094787598,18.50500330256462
33.154,0.007364153861999512,18.451942636719426
33.154,0.007362008094787598,18.451942636719426
33.154,0.007362842559814453,18.451942636719426
33.154,0.007362723350524902,18.451942636719426
33.154,0.0073621273040771484,18.451942636719426
33.154,0.007363557815551758,18.451942636719426
33.152,0.007364511489868164,18.106810595106854
33.152,0.007364034652709961,18.106810595106854
33.152,0.007363677024841309,18.106810595106854
33.152,0.007363557815551758,18.106810595106854
33.152,0.007364511489868164,18.106810595106854
33.152,0.007363796234130859,18.106810595106854
33.15,0.007364869117736816,18.089953046550168
33.15,0.007364034652709961,18.089953046550168
33.15,0.007365107536315918,18.089953046550168
33.15,0.007364392280578613,18.089953046550168
33.15,0.007364153861999512,18.089953046550168
33.15,0.007365703582763672,18.089953046550168
33.147,0.00736546516418457,18.041128751430456
33.147,0.0073659420013427734,18.041128751430456
33.147,0.007365226745605469,18.041128751430456
33.147,0.007366180419921875,18.041128751430456
33.147,0.007366180419921875,18.041128751430456
33.147,0.0073659420013427734,18.041128751430456
33.147,0.007367730140686035,18.06735011154355
33.147,0.0073659420013427734,18.06735011154355
33.147,0.007367610931396484,18.06735011154355
33.147,0.007367253303527832,18.06735011154355
33.147,0.007366538047790527,18.06735011154355
33.147,0.0073670148849487305,18.06735011154355
33.144,0.007367610931396484,17.54459965357085
33.144,0.0073670148849487305,17.54459965357085
33.144,0.007367849349975586,17.54459965357085
33.144,0.0073670148849487305,17.54459965357085
33.144,0.007367849349975586,17.54459965357085
33.144,0.007367372512817383,17.54459965357085
33.141,0.007369041442871094,17.372126581253696
33.141,0.007367491722106934,17.372126581253696
33.141,0.007367610931396484,17.372126581253696
33.141,0.007367968559265137,17.372126581253696
33.141,0.007369637489318848,17.372126581253696
33.141,0.007369637489318848,17.372126581253696
33.141,0.007369637489318848,17.44462162782449
33.141,0.007369399070739746,17.44462162782449
33.141,0.0073697566986083984,17.44462162782449
33.141,0.0073697566986083984,17.44462162782449
33.141,0.007369041442871094,17.44462162782449
33.141,0.007370114326477051,17.44462162782449
33.14,0.007368564605712891,17.009069440208194
33.14,0.007369279861450195,17.009069440208194
33.14,0.0073699951171875,17.009069440208194
33.14,0.007371306419372559,17.009069440208194
33.138,0.007372140884399414,17.232656495601343
33.138,0.007372021675109863,17.232656495601343
33.138,0.007370352745056152,17.232656495601343
33.138,0.007372021675109863,17.232656495601343
33.138,0.007371783256530762,17.232656495601343
33.138,0.007371783256530762,17.232656495601343
33.136,0.007372379302978516,16.843175955747775
33.136,0.00737309455871582,16.843175955747775
33.136,0.007372140884399414,16.843175955747775
33.136,0.007372021675109863,16.843175955747775
33.136,0.007372260093688965,16.843175955747775
33.136,0.007374167442321777,16.843175955747775
33.133,0.007373690605163574,16.824695605384743
33.133,0.007374405860900879,16.824695605384743
33.133,0.0073746442794799805,16.824695605384743
33.133,0.0073735713958740234,16.824695605384743
33.133,0.0073740482330322266,16.824695605384743
33.133,0.007372617721557617,16.824695605384743
33.133,0.007373809814453125,16.686050672027925
33.133,0.0073757171630859375,16.686050672027925
33.133,0.0073740482330322266,16.686050672027925
33.133,0.007374763488769531,16.686050672027925
33.133,0.007375836372375488,16.686050672027925
33.133,0.007374882698059082,16.686050672027925
33.133,0.007375478744506836,16.411460235370015
33.133,0.0073735713958740234,16.411460235370015
33.133,0.007375836372375488,16.411460235370015
33.133,0.007375597953796387,16.411460235370015
33.133,0.00737452507019043,16.411460235370015
33.133,0.007375955581665039,16.411460235370015
33.133,0.007377505302429199,16.442299457088474
33.133,0.007376194000244141,16.442299457088474
33.133,0.007375478744506836,16.442299457088474
33.133,0.0073757171630859375,16.442299457088474
33.133,0.007375001907348633,16.442299457088474
33.133,0.0073767900466918945,16.442299457088474
33.133,0.007376432418823242,16.265344453298432
33.133,0.00737607479095459,16.265344453298432
33.133,0.007377147674560547,16.265344453298432
33.133,0.00737762451171875,16.265344453298432
33.133,0.007377028465270996,16.265344453298432
33.133,0.007377743721008301,16.265344453298432
33.132,0.007378816604614258,16.073149258842424
33.132,0.007379412651062012,16.073149258842424
33.132,0.0073778629302978516,16.073149258842424
33.132,0.0073773860931396484,16.073149258842424
33.132,0.007376194000244141,16.073149258842424
33.132,0.007379770278930664,16.073149258842424
33.132,0.0073784589767456055,16.073149258842424
33.128,0.007379412651062012,15.865113753535866
33.128,0.00737917423248291,15.865113753535866
33.128,0.007379055023193359,15.865113753535866
33.128,0.007379651069641113,15.865113753535866
33.128,0.007380485534667969,15.865113753535866
33.128,0.0073806047439575195,15.865113753535866
33.126,0.007380843162536621,15.694436693066388
33.126,0.007379889488220215,15.694436693066388
33.126,0.007379651069641113,15.694436693066388
33.126,0.0073806047439575195,15.694436693066388
33.126,0.0073812007904052734,15.694436693066388
33.126,0.007380008697509766,15.694436693066388
33.125,0.007381916046142578,15.556286367397131
33.125,0.007381439208984375,15.556286367397131
33.125,0.007380008697509766,15.556286367397131
33.125,0.0073795318603515625,15.556286367397131
33.125,0.0073795318603515625,15.556286367397131
33.125,0.007382035255432129,15.556286367397131
33.123,0.007382631301879883,15.539246458554569
33.123,0.0073816776275634766,15.539246458554569
33.123,0.007381319999694824,15.539246458554569
33.123,0.007381916046142578,15.539246458554569
33.123,0.007381081581115723,15.539246458554569
33.123,0.007381558418273926,15.539246458554569
33.124,0.007381916046142578,15.276569585384113
33.124,0.007382631301879883,15.276569585384113
33.124,0.00738215446472168,15.276569585384113
33.124,0.007383465766906738,15.276569585384113
33.124,0.007382750511169434,15.276569585384113
33.124,0.007382988929748535,15.276569585384113
33.123,0.0073833465576171875,14.958842745124807
33.123,0.0073850154876708984,14.958842745124807
33.123,0.007382631301879883,14.958842745124807
33.123,0.007384777069091797,14.958842745124807
33.123,0.007384300231933594,14.958842745124807
33.123,0.0073833465576171875,14.958842745124807
33.123,0.007385134696960449,15.099996668206039
33.123,0.007384896278381348,15.099996668206039
33.123,0.00738525390625,15.099996668206039
33.123,0.007383823394775391,15.099996668206039
33.123,0.007382988929748535,15.099996668206039
33.123,0.007384538650512695,15.099996668206039
33.122,0.007385134696960449,14.849362836556697
33.122,0.0073860883712768555,14.849362836556697
33.122,0.007385373115539551,14.849362836556697
33.122,0.007386207580566406,14.849362836556697
33.122,0.0073850154876708984,14.849362836556697
33.122,0.00738525390625,14.849362836556697
33.119,0.007385969161987305,14.527695630236558
33.119,0.007384777069091797,14.527695630236558
33.119,0.007386445999145508,14.527695630236558
33.119,0.007386684417724609,14.527695630236558
33.119,0.007386565208435059,14.527695630236558
33.119,0.007386922836303711,14.527695630236558
33.117,0.007389068603515625,14.602891650162473
33.117,0.0073871612548828125,14.602891650162473
33.117,0.0073871612548828125,14.602891650162473
33.117,0.0073871612548828125,14.602891650162473
33.117,0.007387518882751465,14.602891650162473
33.117,0.007387518882751465,14.602891650162473
33.118,0.007389068603515625,14.589371576161703
33.118,0.00738835334777832,14.589371576161703
33.118,0.007386922836303711,14.589371576161703
33.118,0.0073882341384887695,14.589371576161703
33.118,0.007388591766357422,14.589371576161703
33.118,0.0073882341384887695,14.589371576161703
33.115,0.007387638092041016,14.3956577754167
33.115,0.0073882341384887695,14.3956577754167
33.115,0.0073888301849365234,14.3956577754167
33.115,0.007389545440673828,14.3956577754167
33.115,0.007389068603515625,14.3956577754167
33.115,0.007389545440673828,14.3956577754167
33.111,0.0073899030685424805,14.389285942163525
33.111,0.007389664649963379,14.389285942163525
33.111,0.007390141487121582,14.389285942163525
33.111,0.0073888301849365234,14.389285942163525
33.111,0.0073899030685424805,14.389285942163525
33.111,0.007388591766357422,14.389285942163525
33.109,0.007388949394226074,14.108011395681174
33.109,0.007390260696411133,14.108011395681174
33.109,0.007390737533569336,14.108011395681174
33.109,0.007391214370727539,14.108011395681174
33.109,0.007390379905700684,14.108011395681174
33.109,0.0073899030685424805,14.108011395681174
33.108,0.007390856742858887,13.86223413277746
33.108,0.007391691207885742,13.86223413277746
33.108,0.007390618324279785,13.86223413277746
33.108,0.007390260696411133,13.86223413277746
33.108,0.007390379905700684,13.86223413277746
33.108,0.007391810417175293,13.86223413277746
33.107,0.0073926448822021484,13.989299628645151
33.107,0.007390141487121582,13.989299628645151
33.107,0.007392525672912598,13.989299628645151
33.107,0.007391929626464844,13.989299628645151
33.107,0.007391214370727539,13.989299628645151
33.107,0.007391095161437988,13.989299628645151
33.104,0.007392287254333496,13.694099340576871
33.104,0.007392287254333496,13.694099340576871
33.104,0.007392168045043945,13.694099340576871
33.104,0.007394671440124512,13.694099340576871
33.104,0.007391214370727539,13.694099340576871
33.104,0.00739288330078125,13.694099340576871
33.104,0.007392764091491699,13.664284522962674
33.104,0.007394194602966309,13.664284522962674
33.104,0.007394194602966309,13.664284522962674
33.104,0.007393836975097656,13.664284522962674
33.104,0.007392525672912598,13.664284522962674
33.104,0.007395148277282715,13.664284522962674
33.103,0.007393360137939453,13.69479404331818
33.103,0.007394194602966309,13.69479404331818
33.103,0.00739598274230957,13.69479404331818
33.103,0.007394671440124512,13.69479404331818
33.103,0.007395267486572266,13.69479404331818
33.103,0.00739443302154541,13.69479404331818
33.1,0.007393360137939453,13.463426151965397
33.1,0.007395505905151367,13.463426151965397
33.1,0.007395625114440918,13.463426151965397
33.1,0.007396101951599121,13.463426151965397
33.1,0.007395744323730469,13.463426151965397
33.1,0.007396340370178223,13.463426151965397
33.098,0.0073958635330200195,13.261568495887381
33.098,0.007396221160888672,13.261568495887381
33.098,0.007395744323730469,13.261568495887381
33.098,0.0073958635330200195,13.261568495887381
33.098,0.007395505905151367,13.261568495887381
33.098,0.007395386695861816,13.261568495887381
33.098,0.007396817207336426,13.258266367144525
33.098,0.007397651672363281,13.258266367144525
33.098,0.007395744323730469,13.258266367144525
33.098,0.0073964595794677734,13.258266367144525
33.098,0.007397294044494629,13.258266367144525
33.098,0.007395505905151367,13.258266367144525
33.098,0.007395744323730469,12.952606431537344
33.098,0.007396221160888672,12.952606431537344
33.098,0.007398128509521484,12.952606431537344
33.098,0.007396697998046875,12.952606431537344
33.098,0.0073975324630737305,12.952606431537344
33.098,0.00739896297454834,12.952606431537344
33.097,0.0073996782302856445,12.91883249495619
33.097,0.007397770881652832,12.91883249495619
33.097,0.007398009300231934,12.91883249495619
33.097,0.007398247718811035,12.91883249495619
33.097,0.007398366928100586,12.91883249495619
33.097,0.007398128509521484,12.91883249495619
33.097,0.007398366928100586,12.810864270066507
33.097,0.007398843765258789,12.810864270066507
33.097,0.007399797439575195,12.810864270066507
33.097,0.0073986053466796875,12.810864270066507
33.097,0.007398366928100586,12.810864270066507
33.097,0.007397890090942383,12.810864270066507
33.097,0.007398724555969238,12.711398209014538
33.097,0.007399082183837891,12.711398209014538
33.097,0.007399320602416992,12.711398209014538
33.097,0.0073986053466796875,12.711398209014538
33.097,0.007398486137390137,12.711398209014538
33.097,0.007400631904602051,12.711398209014538
33.097,0.007400155067443848,12.711398209014538
33.099,0.0074007511138916016,12.60127351598593
33.099,0.007400035858154297,12.60127351598593
33.099,0.0074007511138916016,12.60127351598593
33.099,0.0074005126953125,12.60127351598593
33.099,0.007400631904602051,12.60127351598593
33.099,0.0074013471603393555,12.60127351598593
33.095,0.007401466369628906,12.440719316314137
33.095,0.007402181625366211,12.440719316314137
33.095,0.00740206241607666,12.440719316314137
33.095,0.00740206241607666,12.440719316314137
33.095,0.007401108741760254,12.440719316314137
33.095,0.007400631904602051,12.440719316314137
33.091,0.007401585578918457,12.138719474886992
33.091,0.007403016090393066,12.138719474886992
33.091,0.007402181625366211,12.138719474886992
33.091,0.007401704788208008,12.138719474886992
33.091,0.007401943206787109,12.138719474886992
33.091,0.007402300834655762,12.138719474886992
33.089,0.00740206241607666,12.220619859675416
33.089,0.007403135299682617,12.220619859675416
33.089,0.0074034929275512695,12.220619859675416
33.089,0.007401943206787109,12.220619859675416
33.089,0.007403135299682617,12.220619859675416
33.089,0.007402896881103516,12.220619859675416
33.082,0.007403135299682617,12.176503986463814
33.082,0.007402539253234863,12.176503986463814
33.082,0.007402777671813965,12.176503986463814
33.082,0.007403016090393066,12.176503986463814
33.082,0.007403254508972168,12.176503986463814
33.082,0.007404208183288574,12.176503986463814
33.082,0.007403969764709473,12.104610339722768
33.082,0.007402896881103516,12.104610339722768
33.082,0.007404208183288574,12.104610339722768
33.082,0.0074040889739990234,12.104610339722768
33.082,0.007403254508972168,12.104610339722768
33.082,0.0074034929275512695,12.104610339722768
33.084,0.007404923439025879,11.98111426280457
33.084,0.007405281066894531,11.98111426280457
33.084,0.007403731346130371,11.98111426280457
33.084,0.007403969764709473,11.98111426280457
33.084,0.007405281066894531,11.98111426280457
33.084,0.007403969764709473,11.98111426280457
33.085,0.007404208183288574,11.763596990554383
33.085,0.007404446601867676,11.763596990554383
33.085,0.007406473159790039,11.763596990554383
33.085,0.007405877113342285,11.763596990554383
33.085,0.0074045658111572266,11.763596990554383
33.085,0.007404685020446777,11.763596990554383
33.088,0.0074040889739990234,11.805727721018483
33.088,0.0074062347412109375,11.805727721018483
33.088,0.007405519485473633,11.805727721018483
33.088,0.007405281066894531,11.805727721018483
33.088,0.007405996322631836,11.805727721018483
33.088,0.007406711578369141,11.805727721018483
33.086,0.007407188415527344,11.588715524193459
33.086,0.007406830787658691,11.588715524193459
33.086,0.0074073076248168945,11.588715524193459
33.086,0.007406473159790039,11.588715524193459
33.086,0.007406949996948242,11.588715524193459
33.086,0.007406353950500488,11.588715524193459
33.084,0.007408618927001953,11.582635351129772
33.084,0.007406830787658691,11.582635351129772
33.084,0.007407784461975098,11.582635351129772
33.084,0.007407069206237793,11.582635351129772
33.084,0.007406353950500488,11.582635351129772
33.084,0.007406830787658691,11.582635351129772
33.081,0.007407546043395996,11.482769388213118
33.081,0.0074083805084228516,11.482769388213118
33.081,0.0074089765548706055,11.482769388213118
33.081,0.007408022880554199,11.482769388213118
33.081,0.007407069206237793,11.482769388213118
33.081,0.007406949996948242,11.482769388213118
33.079,0.007406949996948242,11.19416971457994
33.079,0.0074083805084228516,11.19416971457994
33.079,0.007408618927001953,11.19416971457994
33.079,0.0074079036712646484,11.19416971457994
33.079,0.00740814208984375,11.19416971457994
33.079,0.007408022880554199,11.19416971457994
33.078,0.007408618927001953,11.174282342460524
33.078,0.007409334182739258,11.174282342460524
33.078,0.007409334182739258,11.174282342460524
33.078,0.007409811019897461,11.174282342460524
33.078,0.007408738136291504,11.174282342460524
33.078,0.00740969181060791,11.174282342460524
33.078,0.007411479949951172,11.099995114138455
33.078,0.007409930229187012,11.099995114138455
33.078,0.007410764694213867,11.099995114138455
33.078,0.007409453392028809,11.099995114138455
33.078,0.0074089765548706055,11.099995114138455
33.078,0.007411003112792969,11.099995114138455
33.08,0.007410645484924316,11.023523678336561
33.08,0.007409453392028809,11.023523678336561
33.08,0.007411360740661621,11.023523678336561
33.08,0.007410168647766113,11.023523678336561
33.08,0.007409453392028809,11.023523678336561
33.08,0.007409453392028809,11.023523678336561
33.077,0.00740969181060791,10.84131048331486
33.077,0.007411479949951172,10.84131048331486
33.077,0.007411003112792969,10.84131048331486
33.077,0.007411837577819824,10.84131048331486
33.077,0.007411003112792969,10.84131048331486
33.077,0.007411479949951172,10.84131048331486
33.077,0.007411837577819824,10.61944262911423
33.077,0.007412314414978027,10.61944262911423
33.077,0.0074117183685302734,10.61944262911423
33.077,0.007411956787109375,10.61944262911423
33.077,0.00741124153137207,10.61944262911423
33.077,0.007411479949951172,10.61944262911423
33.074,0.007411360740661621,10.47784504881686
33.074,0.00741267204284668,10.47784504881686
33.074,0.007414102554321289,10.47784504881686
33.074,0.007412910461425781,10.47784504881686
33.074,0.007411599159240723,10.47784504881686
33.074,0.007413268089294434,10.47784504881686
33.074,0.007413268089294434,10.360395268745
33.074,0.00741422176361084,10.360395268745
33.074,0.007414579391479492,10.360395268745
33.074,0.007411837577819824,10.360395268745
33.074,0.0074127912521362305,10.360395268745
33.074,0.007413268089294434,10.360395268745
33.07,0.007414698600769043,10.39984269471594
33.07,0.007413148880004883,10.39984269471594
33.07,0.00741422176361084,10.39984269471594
33.07,0.007414698600769043,10.39984269471594
33.07,0.007412075996398926,10.39984269471594
33.07,0.0074121952056884766,10.39984269471594
33.07,0.007415294647216797,10.283391592929167
33.07,0.00741422176361084,10.283391592929167
33.07,0.0074138641357421875,10.283391592929167
33.07,0.007415056228637695,10.283391592929167
33.07,0.007413744926452637,10.283391592929167
33.07,0.007414102554321289,10.283391592929167
33.067,0.007414460182189941,10.215555645955309
33.067,0.007415413856506348,10.215555645955309
33.067,0.007413506507873535,10.215555645955309
33.067,0.007416248321533203,10.215555645955309
33.067,0.0074149370193481445,10.215555645955309
33.067,0.007415652275085449,10.215555645955309
33.067,0.007414579391479492,10.11078412514121
33.067,0.007414579391479492,10.11078412514121
33.067,0.007414579391479492,10.11078412514121
33.067,0.00741422176361084,10.11078412514121
33.067,0.007415413856506348,10.11078412514121
33.067,0.007415890693664551,10.11078412514121
33.065,0.007414698600769043,9.976523458147755
33.065,0.007416486740112305,9.976523458147755
33.065,0.007413983345031738,9.976523458147755
33.065,0.007416367530822754,9.976523458147755
33.065,0.007415175437927246,9.976523458147755
33.065,0.007415294647216797,9.976523458147755
33.066,0.007415175437927246,9.837489829007328
33.066,0.0074149370193481445,9.837489829007328
33.066,0.007417798042297363,9.837489829007328
33.066,0.007417798042297363,9.837489829007328
33.063,0.0074160099029541016,9.804637626675635
33.063,0.007416129112243652,9.804637626675635
33.063,0.007416725158691406,9.804637626675635
33.063,0.007416367530822754,9.804637626675635
33.063,0.0074166059494018555,9.804637626675635
33.063,0.007416129112243652,9.804637626675635
33.064,0.007418155670166016,9.71620021442515
33.064,0.007418036460876465,9.71620021442515
33.064,0.0074166059494018555,9.71620021442515
33.064,0.007417559623718262,9.71620021442515
33.064,0.007418394088745117,9.71620021442515
33.064,0.007417201995849609,9.71620021442515
33.064,0.00741732120513916,9.71620021442515
33.063,0.007418155670166016,9.581243354608763
33.063,0.007418274879455566,9.581243354608763
33.063,0.007418155670166016,9.581243354608763
33.063,0.007418394088745117,9.581243354608763
33.063,0.00741887092590332,9.581243354608763
33.063,0.007418394088745117,9.581243354608763
33.059,0.007418274879455566,9.534241082495852
33.059,0.007419705390930176,9.534241082495852
33.059,0.007418036460876465,9.534241082495852
33.059,0.007419466972351074,9.534241082495852
33.059,0.00741887092590332,9.534241082495852
33.059,0.007418155670166016,9.534241082495852
33.064,0.007418155670166016,9.359761156661236
33.064,0.007417201995849609,9.359761156661236
33.064,0.0074198246002197266,9.359761156661236
33.064,0.0074193477630615234,9.359761156661236
33.064,0.0074187517166137695,9.359761156661236
33.064,0.007419586181640625,9.359761156661236
33.062,0.0074193477630615234,9.440585492909925
33.062,0.007419705390930176,9.440585492909925
33.062,0.0074193477630615234,9.440585492909925
33.062,0.007420659065246582,9.440585492909925
33.062,0.007417440414428711,9.440585492909925
33.062,0.007421731948852539,9.300832560175223
33.062,0.0074204206466674805,9.300832560175223
33.062,0.007420659065246582,9.300832560175223
33.062,0.0074204206466674805,9.300832560175223
33.062,0.007419228553771973,9.300832560175223
33.062,0.0074198246002197266,9.300832560175223
33.062,0.007420897483825684,8.831500152726273
33.062,0.007420778274536133,8.831500152726273
33.062,0.007421374320983887,8.831500152726273
33.062,0.007420778274536133,8.831500152726273
33.062,0.007421255111694336,8.831500152726273
33.057,0.007422208786010742,9.030558548461606
33.057,0.007419943809509277,9.030558548461606
33.057,0.0074204206466674805,9.030558548461606
33.057,0.007422208786010742,9.030558548461606
33.057,0.0074214935302734375,9.030558548461606
33.057,0.007419943809509277,9.030558548461606
33.052,0.007421970367431641,8.963245479758697
33.052,0.007421135902404785,8.963245479758697
33.052,0.007422208786010742,8.963245479758697
33.052,0.007422804832458496,8.963245479758697
33.051,0.007422089576721191,8.868200430198682
33.051,0.00742185115814209,8.868200430198682
33.051,0.007422447204589844,8.868200430198682
33.051,0.0074225664138793945,8.868200430198682
33.051,0.007421255111694336,8.868200430198682
33.051,0.00742185115814209,8.868200430198682
33.049,0.007421970367431641,8.634464190549684
33.049,0.0074225664138793945,8.634464190549684
33.049,0.007422804832458496,8.634464190549684
33.049,0.00742185115814209,8.634464190549684
33.049,0.007421374320983887,8.634464190549684
33.049,0.007422327995300293,8.634464190549684
33.049,0.007423877716064453,8.552157734919172
33.049,0.0074225664138793945,8.552157734919172
33.049,0.007422208786010742,8.552157734919172
33.049,0.00742340087890625,8.552157734919172
33.049,0.007421970367431641,8.552157734919172
33.049,0.007423996925354004,8.552157734919172
33.049,0.007424712181091309,8.57039991235944
33.049,0.007424354553222656,8.57039991235944
33.049,0.007422924041748047,8.57039991235944
33.049,0.007422804832458496,8.57039991235944
33.049,0.007423758506774902,8.57039991235944
33.049,0.00742495059967041,8.57039991235944
33.049,0.007424473762512207,8.356620956858132
33.049,0.007425189018249512,8.356620956858132
33.049,0.007424712181091309,8.356620956858132
33.049,0.00742495059967041,8.356620956858132
33.049,0.007424354553222656,8.356620956858132
33.049,0.007425189018249512,8.356620956858132
33.051,0.007424354553222656,8.406605545317412
33.051,0.007424473762512207,8.406605545317412
33.051,0.007423520088195801,8.406605545317412
33.051,0.007425069808959961,8.406605545317412
33.051,0.00742495059967041,8.406605545317412
33.051,0.00742495059967041,8.406605545317412
33.047,0.007425427436828613,8.223266446729546
33.047,0.007425189018249512,8.223266446729546
33.047,0.007424592971801758,8.223266446729546
33.047,0.007425069808959961,8.223266446729546
33.047,0.007426619529724121,8.223266446729546
33.047,0.007425427436828613,8.223266446729546
33.048,0.007425904273986816,8.091858923923665
33.048,0.0074242353439331055,8.091858923923665
33.048,0.007426023483276367,8.091858923923665
33.048,0.007425665855407715,8.091858923923665
33.048,0.007427096366882324,8.091858923923665
33.048,0.0074269771575927734,8.091858923923665
33.048,0.00742650032043457,8.076108622689352
33.048,0.0074242353439331055,8.076108622689352
33.048,0.00742495059967041,8.076108622689352
33.048,0.007425785064697266,8.076108622689352
33.048,0.007426619529724121,8.076108622689352
33.048,0.007426142692565918,8.076108622689352
33.043,0.007426261901855469,8.154043655546674
33.043,0.0074274539947509766,8.154043655546674
33.043,0.0074274539947509766,8.154043655546674
33.043,0.007426738739013672,8.154043655546674
33.043,0.007425546646118164,8.154043655546674
33.047,0.007427692413330078,8.138983536961323
33.047,0.0074274539947509766,8.138983536961323
33.047,0.00742793083190918,8.138983536961323
33.047,0.007426619529724121,8.138983536961323
33.047,0.007427811622619629,7.800807120843293
33.047,0.007428884506225586,7.800807120843293
33.047,0.007428288459777832,7.800807120843293
33.047,0.00742793083190918,7.800807120843293
33.044,0.007426857948303223,7.824841478845562
33.044,0.00742948055267334,7.824841478845562
33.044,0.007428765296936035,7.824841478845562
33.044,0.007428407669067383,7.824841478845562
33.044,0.00742793083190918,7.824841478845562
33.044,0.007428407669067383,7.778796491720135
33.044,0.0074291229248046875,7.778796491720135
33.044,0.007428526878356934,7.778796491720135
33.044,0.0074291229248046875,7.778796491720135
33.041,0.007429718971252441,7.7132141427835785
33.041,0.0074291229248046875,7.7132141427835785
33.041,0.007429718971252441,7.7132141427835785
33.041,0.007428169250488281,7.7132141427835785
33.041,0.007430434226989746,7.7132141427835785
33.041,0.0074301958084106445,7.399317948811994
33.041,0.007428884506225586,7.399317948811994
33.041,0.007429718971252441,7.399317948811994
33.041,0.007429003715515137,7.399317948811994
33.041,0.007429361343383789,7.399317948811994
33.041,0.007429242134094238,7.399317948811994
33.039,0.007430434226989746,7.421046170058947
33.039,0.007429599761962891,7.421046170058947
33.039,0.0074301958084106445,7.421046170058947
33.039,0.0074312686920166016,7.421046170058947
33.038,0.007430553436279297,7.348854462858639
33.036,0.0074318647384643555,7.222264157536673
33.036,0.00743257999420166,7.222264157536673
33.036,0.007431626319885254,7.222264157536673
33.036,0.0074307918548583984,7.222264157536673
33.036,0.007430672645568848,7.2019916934664
33.036,0.0074310302734375,7.2019916934664
33.035,0.0074312686920166016,7.04873584930459
33.035,0.007431983947753906,7.04873584930459
33.035,0.007433652877807617,7.04873584930459
33.035,0.007433414459228516,7.04873584930459
33.034,0.007431983947753906,6.918368858855348
33.034,0.007431745529174805,6.918368858855348
33.034,0.007433652877807617,6.918368858855348
33.034,0.0074329376220703125,6.918368858855348
33.034,0.007432460784912109,6.918368858855348
33.035,0.007433652877807617,6.972959254058287
33.035,0.007433652877807617,6.972959254058287
33.035,0.007431983947753906,6.972959254058287
33.034,0.007433533668518066,6.866204508280816
33.034,0.007433176040649414,6.866204508280816
33.033,0.007434964179992676,6.597809999553777
33.033,0.007433652877807617,6.597809999553777
33.033,0.007433652877807617,6.597809999553777
33.036,0.0074356794357299805,6.530416600570318
33.036,0.007433414459228516,6.530416600570318
33.036,0.007434725761413574,6.530416600570318
33.033,0.0074346065521240234,6.279124869903336
33.033,0.007433891296386719,6.279124869903336
33.033,0.00743412971496582,6.279124869903336
33.033,0.007435441017150879,6.279124869903336
33.032,0.007435202598571777,6.538650814275454
33.031,0.00743556022644043,6.237653235595051
33.031,0.007434368133544922,6.237653235595051
33.031,0.007434368133544922,6.237653235595051
33.031,0.0074367523193359375,6.237653235595051
33.029,0.007435798645019531,6.335046397439563
33.029,0.007436037063598633,6.3497220511553945
33.029,0.007435202598571777,6.3497220511553945
33.029,0.007436513900756836,6.3497220511553945
33.029,0.007436513900756836,6.3497220511553945
33.025,0.007435202598571777,6.315452045781491
33.025,0.0074367523193359375,6.315452045781491
33.024,0.007436275482177734,6.198621198738022
33.024,0.00743710994720459,6.198621198738022
33.024,0.007436037063598633,6.198621198738022
33.024,0.007436513900756836,6.198621198738022
33.025,0.0074378252029418945,6.200846484836898
33.025,0.007437586784362793,5.889993297594094
33.025,0.00743710994720459,5.889993297594094
33.025,0.007437348365783691,5.889993297594094
33.025,0.007438302040100098,5.7249048793188475
33.025,0.007437705993652344,5.7249048793188475
33.025,0.007438182830810547,5.892670095456962
33.025,0.0074384212493896484,5.892670095456962
33.025,0.0074384212493896484,5.892670095456962
33.025,0.007437944412231445,5.892670095456962
33.025,0.007439255714416504,5.892670095456962
33.024,0.007440447807312012,5.602440826172071
33.02,0.007439374923706055,5.481474750534379
33.02,0.007439851760864258,5.481474750534379
33.02,0.007439255714416504,5.481474750534379
33.019,0.007439255714416504,5.506627754063815
33.018,0.007441878318786621,5.430655100679971
33.017,0.007439970970153809,5.524782662501713
33.015,0.007442831993103027,4.796104249224402
33.015,0.007440447807312012,4.796104249224402
33.015,0.007441282272338867,4.796104249224402
33.014,0.0074427127838134766,5.0887740952341085
33.011,0.007444262504577637,4.636473112042654
33.011,0.007444620132446289,4.636473112042654
33.01,0.007444262504577637,4.569818671764341
33.008,0.00744473934173584,4.431226360657373
33.009,0.007444262504577637,4.176844164154467
33.009,0.0074443817138671875,4.3606300138409
33.009,0.007444858551025391,4.3606300138409
33.01,0.007445335388183594,4.2616707563357625
33.01,0.007447242736816406,4.2616707563357625
33.01,0.0074462890625,4.2616707563357625
33.01,0.0074454545974731445,4.2616707563357625
33.006,0.0074460506439208984,4.1326795555196965
33.006,0.007445573806762695,4.1326795555196965
33.006,0.0074462890625,4.1326795555196965
33.009,0.0074460506439208984,4.092345117885213
33.009,0.007446646690368652,4.092345117885213
33.009,0.007446765899658203,4.092345117885213
33.009,0.007447004318237305,3.962028443174136
33.009,0.007445573806762695,3.962028443174136
33.009,0.0074462890625,3.962028443174136
33.008,0.007447481155395508,3.898821283404957
33.004,0.007447481155395508,3.886052958268493
33.004,0.00744783878326416,3.886052958268493
33.002,0.007446765899658203,3.8549029310975853
33.002,0.007447004318237305,3.8549029310975853
33.002,0.007448792457580566,3.8549029310975853
33.002,0.007446646690368652,3.8549029310975853
33.002,0.007447361946105957,3.7809509777725534
33.002,0.0074481964111328125,3.7809509777725534
33.001,0.007447242736816406,3.6719067701175314
33.001,0.007448315620422363,3.6719067701175314
33.001,0.00744783878326416,3.6719067701175314
33.004,0.00744783878326416,3.69841269715008
33.004,0.007448554039001465,3.69841269715008
33.004,0.00744783878326416,3.69841269715008
33.004,0.00744783878326416,3.69841269715008
33.004,0.007448554039001465,3.494253471688903
33.004,0.007449150085449219,3.494253471688903
33.005,0.007449984550476074,3.698224335269964
33.005,0.007448792457580566,3.698224335269964
33.005,0.007449150085449219,3.698224335269964
33.002,0.007449507713317871,3.192808450445232
32.996,0.007449746131896973,3.220397915541843
32.996,0.0074503421783447266,3.220397915541843
32.996,0.0074503421783447266,3.220397915541843
32.996,0.007448911666870117,3.220397915541843
32.999,0.007447957992553711,3.2783387722172206
32.999,0.007449984550476074,3.2783387722172206
32.999,0.0074509382247924805,3.2783387722172206
32.999,0.007451057434082031,3.2783387722172206
32.999,0.007449984550476074,3.2783387722172206
32.997,0.007450580596923828,3.2599548031400927
32.997,0.007451295852661133,3.2599548031400927
32.997,0.007451653480529785,3.2599548031400927
32.997,0.007449746131896973,3.2599548031400927
32.997,0.00744938850402832,3.2599548031400927
32.997,0.007449746131896973,3.2599548031400927
32.997,0.007450103759765625,3.37136136526214
32.997,0.007450461387634277,3.37136136526214
32.997,0.007451534271240234,3.37136136526214
32.998,0.007449984550476074,3.282800866255351
32.998,0.007451176643371582,3.282800866255351
32.998,0.007450580596923828,3.282800866255351
32.998,0.0074503421783447266,3.282800866255351
32.998,0.00745081901550293,3.282800866255351
32.997,0.007449626922607422,2.836408093115744
32.997,0.007451534271240234,2.836408093115744
32.997,0.007451415061950684,2.836408093115744
32.995,0.007451653480529785,3.0937068208476264
32.995,0.007451772689819336,3.0937068208476264
32.995,0.0074503421783447266,3.0937068208476264
32.995,0.007450461387634277,3.0937068208476264
32.995,0.00745236873626709,2.8825262959738795
32.995,0.007451415061950684,2.8825262959738795
32.995,0.007452249526977539,2.8825262959738795
32.995,0.007450222969055176,2.8825262959738795
32.995,0.007451772689819336,2.8825262959738795
32.995,0.007450580596923828,3.010763903866825
32.995,0.007451295852661133,3.010763903866825
32.995,0.007452130317687988,3.010763903866825
32.995,0.007452249526977539,3.010763903866825
32.996,0.007451415061950684,2.91894440722257
32.996,0.007452964782714844,2.91894440722257
32.996,0.007452249526977539,2.91894440722257
32.996,0.007452845573425293,2.91894440722257
32.996,0.007452249526977539,2.91894440722257
32.996,0.007451415061950684,2.91894440722257
32.996,0.007452249526977539,2.8286646364262853
32.996,0.0074520111083984375,2.8286646364262853
32.996,0.007452607154846191,2.8286646364262853
32.996,0.0074520111083984375,2.8286646364262853
32.995,0.007452845573425293,2.694899239924689
32.995,0.007453203201293945,2.694899239924689
32.995,0.007452726364135742,2.694899239924689
32.995,0.007452845573425293,2.694899239924689
32.995,0.0074541568756103516,2.5078871107913985
32.995,0.00745236873626709,2.5078871107913985
32.995,0.0074520111083984375,2.5078871107913985
32.995,0.007452249526977539,2.5078871107913985
32.995,0.007454037666320801,2.5078871107913985
32.995,0.007453203201293945,2.5078871107913985
32.994,0.0074536800384521484,2.496392215930531
32.994,0.0074530839920043945,2.496392215930531
32.994,0.007451891899108887,2.496392215930531
32.994,0.007453203201293945,2.496392215930531
32.994,0.007453441619873047,2.496392215930531
32.994,0.007454991340637207,2.4632159897837793
32.994,0.007453322410583496,2.4632159897837793
32.994,0.007453560829162598,2.4632159897837793
32.994,0.0074536800384521484,2.4632159897837793
32.992,0.0074541568756103516,2.503418439589934
32.992,0.007454872131347656,2.503418439589934
32.992,0.007452964782714844,2.503418439589934
32.992,0.007455110549926758,2.503418439589934
32.992,0.007454276084899902,2.503418439589934
32.992,0.007454872131347656,2.503418439589934
32.989,0.007454514503479004,2.263493891322142
32.989,0.007453441619873047,2.263493891322142
32.989,0.007454037666320801,2.263493891322142
32.989,0.0074536800384521484,2.263493891322142
32.986,0.007454991340637207,2.523540719241856
32.986,0.007453441619873047,2.523540719241856
32.986,0.007453799247741699,2.523540719241856
32.986,0.00745391845703125,2.523540719241856
32.985,0.0074536800384521484,2.234566391720115
32.985,0.007454633712768555,2.234566391720115
32.986,0.007454037666320801,2.334848624272391
32.986,0.007456302642822266,2.334848624272391
32.986,0.007454514503479004,2.334848624272391
32.986,0.007455229759216309,2.334848624272391
32.986,0.007453799247741699,2.1248984895770837
32.986,0.0074541568756103516,2.1248984895770837
32.986,0.007454991340637207,2.1248984895770837
32.984,0.007454991340637207,2.2364898522247794
32.984,0.007454633712768555,2.2364898522247794
32.984,0.007456183433532715,2.2364898522247794
32.984,0.007456064224243164,2.2364898522247794
32.982,0.007455945014953613,2.025151853351484
32.982,0.0074558258056640625,2.025151853351484
32.982,0.007456660270690918,2.025151853351484
32.982,0.0074541568756103516,2.025151853351484
32.982,0.0074558258056640625,2.025151853351484
32.982,0.007454872131347656,2.025151853351484
32.981,0.007455348968505859,1.8839293508591373
32.981,0.007455945014953613,1.8839293508591373
32.979,0.00745546817779541,2.0079086822538095
32.979,0.007456302642822266,2.0079086822538095
32.979,0.007454514503479004,2.0079086822538095
32.979,0.007455110549926758,2.0079086822538095
32.979,0.007455110549926758,2.0079086822538095
32.982,0.007456541061401367,1.841225377403457
32.982,0.007456421852111816,1.841225377403457
32.982,0.007456064224243164,1.841225377403457
32.982,0.007456779479980469,1.841225377403457
32.982,0.007455945014953613,1.841225377403457
32.985,0.007456183433532715,1.7651812196692795
32.985,0.007454991340637207,1.7651812196692795
32.985,0.007455945014953613,1.7651812196692795
32.985,0.007456660270690918,1.7651812196692795
32.985,0.007456302642822266,1.7651812196692795
32.987,0.0074558258056640625,1.8091615361902968
32.987,0.007455587387084961,1.8091615361902968
32.987,0.007457256317138672,1.8091615361902968
32.987,0.00745701789855957,1.8091615361902968
32.987,0.007457852363586426,1.8091615361902968
32.987,0.007455945014953613,1.8091615361902968
32.987,0.007457613945007324,1.8091615361902968
32.987,0.0074574947357177734,1.7410606753554756
32.987,0.007456302642822266,1.7410606753554756
32.987,0.0074568986892700195,1.7410606753554756
32.987,0.007457375526428223,1.7410606753554756
32.987,0.007456421852111816,1.7410606753554756
32.987,0.007457613945007324,1.7410606753554756
32.986,0.0074558258056640625,1.6961355919568926
32.986,0.0074574947357177734,1.6961355919568926
32.986,0.007457137107849121,1.6961355919568926
32.986,0.007457256317138672,1.6961355919568926
32.986,0.007457137107849121,1.6961355919568926
32.983,0.007458090782165527,1.6537941589142282
32.983,0.007457256317138672,1.6537941589142282
32.983,0.007457852363586426,1.6537941589142282
32.983,0.0074574947357177734,1.6537941589142282
32.983,0.0074574947357177734,1.6537941589142282
32.983,0.007457137107849121,1.6537941589142282
32.982,0.007456541061401367,1.5337776841283195
32.982,0.007457256317138672,1.5337776841283195
32.982,0.007457733154296875,1.5337776841283195
32.982,0.007457256317138672,1.5337776841283195
32.982,0.007456660270690918,1.505467228481113
32.982,0.007457613945007324,1.505467228481113
32.982,0.007457137107849121,1.505467228481113
32.982,0.00745844841003418,1.505467228481113
32.982,0.007458090782165527,1.505467228481113
32.976,0.0074579715728759766,1.610022527953997
32.976,0.007458209991455078,1.610022527953997
32.976,0.0074574947357177734,1.610022527953997
32.976,0.007457733154296875,1.610022527953997
32.976,0.007457852363586426,1.610022527953997
32.976,0.007458209991455078,1.610022527953997
32.976,0.007457733154296875,1.442036744692887
32.976,0.007459521293640137,1.442036744692887
32.976,0.007457852363586426,1.442036744692887
32.976,0.0074579715728759766,1.442036744692887
32.976,0.007458925247192383,1.442036744692887
32.976,0.007458925247192383,1.442036744692887
32.974,0.007458090782165527,1.2883852086881828
32.974,0.007459044456481934,1.2883852086881828
32.974,0.007459163665771484,1.2883852086881828
32.974,0.007457613945007324,1.2883852086881828
32.974,0.007459282875061035,1.2883852086881828
32.974,0.007457613945007324,1.3157768237710268
32.974,0.0074596405029296875,1.3157768237710268
32.974,0.0074585676193237305,1.3157768237710268
32.974,0.0074585676193237305,1.3157768237710268
32.974,0.007459163665771484,1.3157768237710268
32.977,0.007459521293640137,1.0074492871814007
32.977,0.007458806037902832,1.0074492871814007
32.977,0.0074596405029296875,1.0074492871814007
32.977,0.007457733154296875,1.0074492871814007
32.977,0.007459521293640137,1.0074492871814007
32.977,0.007458090782165527,1.0074492871814007
32.976,0.00745999813079834,1.1568862360828454
32.976,0.007459521293640137,1.1568862360828454
32.976,0.007459759712219238,1.1568862360828454
32.976,0.007459878921508789,1.1568862360828454
32.976,0.007460594177246094,1.1568862360828454
32.974,0.0074596405029296875,0.9416657427544992
32.974,0.007457256317138672,0.9416657427544992
32.974,0.007457375526428223,0.9416657427544992
32.974,0.007459282875061035,0.9416657427544992
32.974,0.0074585676193237305,0.9416657427544992
32.974,0.007459402084350586,0.9416657427544992
32.974,0.007458209991455078,1.1800366829402613
32.974,0.007459521293640137,1.1800366829402613
32.974,0.007460355758666992,1.1800366829402613
32.974,0.007459163665771484,1.1800366829402613
32.974,0.007459402084350586,1.1800366829402613
32.974,0.0074607133865356445,1.1800366829402613
32.975,0.007460355758666992,0.929445201318619
32.975,0.007460594177246094,0.929445201318619
32.975,0.007460474967956543,0.929445201318619
32.975,0.007460236549377441,0.929445201318619
32.975,0.007460594177246094,0.929445201318619
32.975,0.007459878921508789,0.7767899623507395
32.975,0.007460474967956543,0.7767899623507395
32.975,0.007460355758666992,0.7767899623507395
32.975,0.007459282875061035,0.7767899623507395
32.975,0.007460594177246094,0.7767899623507395
32.975,0.007459878921508789,0.7767899623507395
32.974,0.007460355758666992,0.6533478461552122
32.974,0.007459521293640137,0.6533478461552122
32.974,0.0074596405029296875,0.6533478461552122
32.974,0.007460474967956543,0.6533478461552122
32.974,0.007460474967956543,0.6533478461552122
32.975,0.007459878921508789,0.9413980276345033
32.975,0.007460117340087891,0.9413980276345033
32.975,0.007459878921508789,0.9413980276345033
32.975,0.007459521293640137,0.9413980276345033
32.975,0.007460474967956543,0.9413980276345033
32.975,0.007460355758666992,0.9413980276345033
32.976,0.007460951805114746,0.7480154268847063
32.976,0.007461071014404297,0.7480154268847063
32.976,0.0074596405029296875,0.7480154268847063
32.976,0.007459759712219238,0.7480154268847063
32.976,0.007459759712219238,0.7480154268847063
32.976,0.007460594177246094,0.7480154268847063
32.977,0.007460355758666992,0.8491057061536846
32.977,0.007460236549377441,0.8491057061536846
32.977,0.007460474967956543,0.8491057061536846
32.977,0.007461190223693848,0.8491057061536846
32.977,0.007460355758666992,0.8491057061536846
32.977,0.007459402084350586,0.8491057061536846
32.976,0.007462024688720703,0.8018718470599544
32.976,0.007460832595825195,0.8018718470599544
32.976,0.007459878921508789,0.8018718470599544
32.976,0.007461071014404297,0.8018718470599544
32.976,0.007460832595825195,0.8018718470599544
32.976,0.007460236549377441,0.8018718470599544
32.976,0.007460117340087891,0.7997378375288005
32.976,0.007461905479431152,0.7997378375288005
32.976,0.007462739944458008,0.7997378375288005
32.976,0.007461905479431152,0.7997378375288005
32.976,0.0074607133865356445,0.7997378375288005
32.976,0.007460594177246094,0.7997378375288005
32.975,0.0074615478515625,0.43839462934961926
32.975,0.007460832595825195,0.43839462934961926
32.975,0.0074613094329833984,0.43839462934961926
32.975,0.007460832595825195,0.43839462934961926
32.975,0.007459402084350586,0.43839462934961926
32.975,0.00745999813079834,0.43839462934961926
32.975,0.0074615478515625,0.5767163399729962
32.975,0.0074607133865356445,0.5767163399729962
32.975,0.007461190223693848,0.5767163399729962
32.975,0.007462024688720703,0.5767163399729962
32.975,0.0074607133865356445,0.5767163399729962
32.975,0.007462263107299805,0.5767163399729962
32.975,0.0074617862701416016,0.45175067435751215
32.975,0.00745999813079834,0.45175067435751215
32.975,0.007461190223693848,0.45175067435751215
32.975,0.007462143898010254,0.45175067435751215
32.975,0.007460951805114746,0.45175067435751215
32.975,0.007460594177246094,0.45175067435751215
32.972,0.007461190223693848,0.392278233335813
32.972,0.00745999813079834,0.392278233335813
32.972,0.007460594177246094,0.392278233335813
32.972,0.007462024688720703,0.392278233335813
32.972,0.007461190223693848,0.392278233335813
32.972,0.0074613094329833984,0.392278233335813
32.972,0.007461071014404297,0.38502186857004617
32.972,0.007461071014404297,0.38502186857004617
32.972,0.007460832595825195,0.38502186857004617
32.972,0.007459759712219238,0.38502186857004617
32.972,0.007461428642272949,0.38502186857004617
32.972,0.007462263107299805,0.38502186857004617
32.972,0.007460951805114746,0.5873763642512362
32.972,0.0074617862701416016,0.5873763642512362
32.972,0.0074607133865356445,0.5873763642512362
32.972,0.007460951805114746,0.5873763642512362
32.972,0.007462143898010254,0.5873763642512362
32.968,0.0074613094329833984,0.42968318070077505
32.968,0.007461905479431152,0.42968318070077505
32.968,0.007462024688720703,0.42968318070077505
32.968,0.007462143898010254,0.42968318070077505
32.968,0.007460951805114746,0.42968318070077505
32.969,0.0074615478515625,0.37404020438188956
32.969,0.007461190223693848,0.37404020438188956
32.969,0.007462620735168457,0.37404020438188956
32.969,0.007461428642272949,0.37404020438188956
32.969,0.007462501525878906,0.37404020438188956
32.969,0.007461667060852051,0.37404020438188956
32.969,0.007462859153747559,0.10317202840469619
32.969,0.007462024688720703,0.10317202840469619
32.969,0.007461905479431152,0.10317202840469619
32.969,0.007461190223693848,0.10317202840469619
32.969,0.007460951805114746,0.10317202840469619
32.969,0.00745999813079834,0.10317202840469619
32.967,0.007461667060852051,0.35605346893427603
32.967,0.0074615478515625,0.35605346893427603
32.967,0.007461190223693848,0.35605346893427603
32.967,0.0074613094329833984,0.35605346893427603
32.967,0.007462978363037109,0.35605346893427603
32.967,0.007461190223693848,0.35605346893427603
32.968,0.007309317588806152,0.1660679824115654
32.968,0.007329821586608887,0.1660679824115654
32.968,0.0073136091232299805,0.1660679824115654
32.968,0.007462143898010254,0.1660679824115654
32.968,0.007461071014404297,0.1660679824115654
32.968,0.007461428642272949,0.1660679824115654
32.341,0.007316946983337402,0.025660667910275325
32.341,0.007319450378417969,0.025660667910275325
32.341,0.00731968879699707,0.025660667910275325
32.341,0.007323741912841797,0.025660667910275325
32.341,0.007324576377868652,0.025660667910275325
32.341,0.0073250532150268555,0.025660667910275325
32.385,0.007329702377319336,0.058663416933747214
32.385,0.007328629493713379,0.058663416933747214
32.385,0.007329225540161133,0.058663416933747214
32.385,0.0073261260986328125,0.058663416933747214
32.385,0.007326364517211914,0.058663416933747214
32.385,0.007327079772949219,0.058663416933747214
32.39,0.007330060005187988,0.09355962460858303
32.39,0.007331252098083496,0.09355962460858303
32.39,0.0073310136795043945,0.09355962460858303
32.39,0.0072820186614990234,0.09355962460858303
32.39,0.007176637649536133,0.09355962460858303
32.39,0.007183551788330078,0.09355962460858303
31.814,0.007189154624938965,0.05386658758009766
31.814,0.00719141960144043,0.05386658758009766
31.814,0.0071942806243896484,0.05386658758009766
31.814,0.007194638252258301,0.05386658758009766
31.814,0.007196903228759766,0.05386658758009766
31.814,0.007186412811279297,0.05386658758009766
31.839,0.007201671600341797,0.03943276931037998
31.839,0.007199883460998535,0.03943276931037998
31.839,0.007201671600341797,0.03943276931037998
31.839,0.007199645042419434,0.03943276931037998
31.839,0.007197260856628418,0.03943276931037998
31.839,0.007197260856628418,0.03943276931037998
31.853,0.0072021484375,0.279392947990011
31.853,0.007202625274658203,0.279392947990011
31.853,0.0072019100189208984,0.279392947990011
31.853,0.007202625274658203,0.279392947990011
31.853,0.007048606872558594,0.279392947990011
31.853,0.007053732872009277,0.279392947990011
31.256,0.007058501243591309,0.22465400176577965
31.256,0.007062554359436035,0.22465400176577965
31.256,0.007064461708068848,0.22465400176577965
31.256,0.007067203521728516,0.22465400176577965
31.256,0.007067322731018066,0.22465400176577965
31.256,0.007068753242492676,0.22465400176577965
31.3,0.007073044776916504,0.31795340251083215
31.3,0.0070732831954956055,0.31795340251083215
31.3,0.007072329521179199,0.31795340251083215
31.3,0.007072567939758301,0.31795340251083215
31.3,0.007071256637573242,0.31795340251083215
31.3,0.007068753242492676,0.31795340251083215
31.31,0.007074594497680664,0.6223366088772928
31.31,0.007074832916259766,0.6223366088772928
31.31,0.007075071334838867,0.6223366088772928
31.31,0.00692903995513916,0.6223366088772928
31.31,0.006932735443115234,0.6223366088772928
30.759,0.006947994232177734,0.754357098981739
30.759,0.006942629814147949,0.754357098981739
30.759,0.00693964958190918,0.754357098981739
30.759,0.00693666934967041,0.754357098981739
30.759,0.006941676139831543,0.754357098981739
30.782,0.006947755813598633,0.8885651360617404
30.782,0.006947994232177734,0.8885651360617404
30.782,0.006948590278625488,0.8885651360617404
30.782,0.00695037841796875,0.8885651360617404
30.793,0.006808757781982422,1.1959750787529932
30.793,0.006952643394470215,1.1959750787529932
30.793,0.006950974464416504,1.1959750787529932
30.793,0.0069512128829956055,1.1959750787529932
30.793,0.006953239440917969,1.1959750787529932
30.247,0.006810426712036133,1.2525955492722118
30.264,0.0068236589431762695,1.5506126833880944
30.264,0.006824851036071777,1.5506126833880944
30.269,0.006680727005004883,1.8701726759725477
30.269,0.006825566291809082,1.8701726759725477
30.269,0.006827235221862793,1.8701726759725477
30.269,0.006691694259643555,1.8701726759725477
29.72,0.006685376167297363,2.011641020826305
29.72,0.006693840026855469,2.011641020826305
29.192,0.006569266319274902,2.805010672415036
29.192,0.006575345993041992,2.805010672415036
29.233,0.006577849388122559,3.016527300143717
29.233,0.0065805912017822266,3.016527300143717
29.244,0.006582021713256836,3.055166198572038
29.244,0.006582856178283691,3.055166198572038
29.244,0.006580829620361328,3.055166198572038
29.244,0.006581544876098633,3.055166198572038
29.259,0.0065839290618896484,3.3988529928317823
29.259,0.006582736968994141,3.3988529928317823
29.259,0.006584644317626953,3.3988529928317823
29.259,0.006583809852600098,3.3988529928317823
29.266,0.006584525108337402,3.4953240863197603
29.266,0.006583690643310547,3.4953240863197603
29.266,0.0065850019454956055,3.4953240863197603
29.266,0.0065833330154418945,3.4953240863197603
29.279,0.006583571434020996,3.670333122621504
29.279,0.006584048271179199,3.670333122621504
29.279,0.006584048271179199,3.670333122621504
29.279,0.0065850019454956055,3.670333122621504
29.285,0.006583690643310547,3.7942634161257613
29.285,0.00658416748046875,3.7942634161257613
29.285,0.006584644317626953,3.7942634161257613
29.285,0.0065844058990478516,3.7942634161257613
29.285,0.006584763526916504,3.610918869380069
29.285,0.00658416748046875,3.610918869380069
29.285,0.006584644317626953,3.610918869380069
29.287,0.006584286689758301,3.8124713448927823
29.287,0.0065850019454956055,3.8124713448927823
29.287,0.006584286689758301,3.8124713448927823
29.287,0.006584644317626953,3.8124713448927823
29.287,0.006583809852600098,3.8124713448927823
29.287,0.0065844058990478516,3.8124713448927823
29.292,0.006583213806152344,3.7473531065910146
29.292,0.006583571434020996,3.7473531065910146
29.292,0.006584286689758301,3.7473531065910146
29.291,0.0065833330154418945,3.674390561100764
29.291,0.006582379341125488,3.674390561100764
29.291,0.0065844058990478516,3.674390561100764
29.293,0.00658261775970459,3.612737767498973
29.293,0.006583094596862793,3.612737767498973
29.293,0.006583571434020996,3.612737767498973
29.293,0.006583213806152344,3.612737767498973
29.292,0.006584286689758301,3.5333218282523697
29.292,0.006584286689758301,3.5333218282523697
29.292,0.006582975387573242,3.5333218282523697
29.292,0.0065811872482299805,3.5333218282523697
29.29,0.0065811872482299805,3.563655439555035
29.29,0.006580352783203125,3.488814933167841
29.29,0.006581664085388184,3.488814933167841
29.29,0.006581544876098633,3.488814933167841
29.29,0.006582140922546387,3.1754712148892277
29.29,0.0065805912017822266,3.1754712148892277
29.291,0.0065801143646240234,2.974086201750559
29.281,0.006580233573913574,2.6599377642310857
29.282,0.006578207015991211,2.496259221049139
29.28,0.006578922271728516,2.2688574412432008
29.28,0.006578207015991211,2.2688574412432008
29.277,0.006579875946044922,2.20025327362037
29.277,0.006578564643859863,2.20025327362037
29.277,0.006579875946044922,2.20025327362037
29.277,0.006578803062438965,2.0817057140796487
29.277,0.006579279899597168,2.0817057140796487
29.278,0.006578326225280762,2.0031367585705984
29.278,0.006579041481018066,2.0031367585705984
29.278,0.00657963752746582,2.0031367585705984
29.279,0.006578803062438965,1.6579518186546633
29.279,0.006578683853149414,1.6579518186546633
29.279,0.006578564643859863,1.6579518186546633
29.279,0.006577491760253906,1.6579518186546633
29.279,0.0065795183181762695,1.6579518186546633
29.28,0.0065784454345703125,1.801503839012399
29.28,0.006578564643859863,1.801503839012399
29.279,0.006579279899597168,1.6161725785779346
29.279,0.006578803062438965,1.6161725785779346
29.279,0.006577610969543457,1.6161725785779346
29.279,0.006579875946044922,1.6161725785779346
29.279,0.006580352783203125,1.6161725785779346
29.279,0.00657808780670166,1.64358456178693
29.279,0.006578803062438965,1.64358456178693
29.279,0.006578564643859863,1.64358456178693
29.279,0.0065773725509643555,1.64358456178693
29.279,0.006578683853149414,1.64358456178693
29.282,0.006578564643859863,1.4377657996165503
29.282,0.006579279899597168,1.4377657996165503
29.282,0.0065795183181762695,1.4377657996165503
29.282,0.0065784454345703125,1.4377657996165503
29.281,0.006578207015991211,1.1655501491167821
29.281,0.00657963752746582,1.1655501491167821
29.281,0.006579279899597168,1.1655501491167821
29.281,0.006578803062438965,1.2231732693186292
29.281,0.006579041481018066,1.2231732693186292
29.281,0.006578564643859863,1.2231732693186292
29.281,0.006577134132385254,1.2231732693186292
29.281,0.006579875946044922,1.2231732693186292
29.281,0.0065784454345703125,1.2231732693186292
29.279,0.00657808780670166,1.162146740681629
29.279,0.006578207015991211,1.162146740681629
29.279,0.006578803062438965,1.162146740681629
29.279,0.00657808780670166,1.162146740681629
29.279,0.006578922271728516,1.162146740681629
29.279,0.006578803062438965,1.162146740681629
29.277,0.006578922271728516,0.8073353277412316
29.277,0.006578803062438965,0.8073353277412316
29.277,0.00657808780670166,0.8073353277412316
29.277,0.00657963752746582,0.8073353277412316
29.277,0.006577849388122559,0.8073353277412316
29.277,0.006578207015991211,0.8073353277412316
29.276,0.00657963752746582,0.630327092068113
29.276,0.006577968597412109,0.630327092068113
29.276,0.006578803062438965,0.630327092068113
29.276,0.006577491760253906,0.630327092068113
29.276,0.006578803062438965,0.630327092068113
29.276,0.006580471992492676,0.630327092068113
29.275,0.0065795183181762695,0.9194460068657224
29.275,0.006578326225280762,0.9194460068657224
29.275,0.006578207015991211,0.9194460068657224
29.275,0.006577849388122559,0.9194460068657224
29.275,0.0065784454345703125,0.9194460068657224
29.274,0.0065784454345703125,0.4990574144300801
29.274,0.006578326225280762,0.4990574144300801
29.274,0.006578207015991211,0.4990574144300801
29.274,0.006578564643859863,0.4990574144300801
29.274,0.006578564643859863,0.4990574144300801
29.272,0.006578207015991211,0.5191083767611799
29.272,0.006579041481018066,0.5191083767611799
29.272,0.006578207015991211,0.5191083767611799
29.272,0.00657808780670166,0.5191083767611799
29.272,0.006578683853149414,0.5191083767611799
29.272,0.006578803062438965,0.5191083767611799
29.275,0.006578922271728516,0.5905584617599078
29.275,0.006578922271728516,0.5905584617599078
29.275,0.006579279899597168,0.5905584617599078
29.275,0.006578683853149414,0.5905584617599078
29.275,0.006578803062438965,0.5905584617599078
29.275,0.006578207015991211,0.5905584617599078
29.274,0.006578803062438965,0.43066448270173474
29.274,0.0065784454345703125,0.43066448270173474
29.274,0.0065784454345703125,0.43066448270173474
29.274,0.006579399108886719,0.43066448270173474
29.274,0.006579875946044922,0.43066448270173474
29.274,0.006579399108886719,0.43066448270173474
29.274,0.006579995155334473,0.09495378142443789
29.274,0.006579279899597168,0.09495378142443789
29.274,0.006578326225280762,0.09495378142443789
29.274,0.006579875946044922,0.09495378142443789
29.274,0.00657808780670166,0.09495378142443789
29.274,0.00657808780670166,0.09495378142443789
29.273,0.006577491760253906,0.5363890638367261
29.273,0.006579756736755371,0.5363890638367261
29.273,0.006579160690307617,0.5363890638367261
29.273,0.0065784454345703125,0.5363890638367261
29.273,0.006579756736755371,0.5363890638367261
29.273,0.006578922271728516,0.5363890638367261
29.269,0.006577491760253906,0.2936403600501043
29.269,0.006578803062438965,0.2936403600501043
29.269,0.006579279899597168,0.2936403600501043
29.269,0.006579995155334473,0.2936403600501043
29.269,0.0065801143646240234,0.2936403600501043
29.269,0.00657808780670166,0.2936403600501043
29.267,0.006579041481018066,0.23423246626951988
29.267,0.006578207015991211,0.23423246626951988
29.267,0.00657808780670166,0.23423246626951988
29.267,0.006578207015991211,0.23423246626951988
29.267,0.006578326225280762,0.23423246626951988
29.267,0.006578326225280762,0.23423246626951988
29.267,0.0065784454345703125,0.06307930489478997
29.267,0.006579399108886719,0.06307930489478997
29.267,0.006578326225280762,0.06307930489478997
29.267,0.006578564643859863,0.06307930489478997
29.267,0.006577968597412109,0.06307930489478997
29.264,0.006578922271728516,0.049313118171287584
29.264,0.006579399108886719,0.049313118171287584
29.264,0.006578803062438965,0.049313118171287584
29.264,0.0065784454345703125,0.049313118171287584
29.264,0.006580352783203125,0.049313118171287584
29.264,0.006578803062438965,0.049313118171287584
29.269,0.006580471992492676,-0.03832455499734255
29.269,0.006579995155334473,-0.03832455499734255
29.269,0.006577610969543457,-0.03832455499734255
29.269,0.006578922271728516,-0.03832455499734255
29.269,0.006579160690307617,-0.03832455499734255
29.269,0.006578922271728516,-0.03832455499734255
29.272,0.006579399108886719,-0.1600015324419961
29.272,0.006580352783203125,-0.1600015324419961
29.272,0.006579875946044922,-0.1600015324419961
29.272,0.0065801143646240234,-0.1600015324419961
29.272,0.0065795183181762695,-0.1600015324419961
29.272,0.006581544876098633,0.3482114139915007
29.272,0.006581664085388184,0.3482114139915007
29.272,0.006580352783203125,0.3482114139915007
29.272,0.006580710411071777,0.3482114139915007
29.272,0.006579041481018066,0.3482114139915007
29.274,0.006580710411071777,0.8218023308060909
29.274,0.00657963752746582,0.8218023308060909
29.274,0.0065805912017822266,0.8218023308060909
29.274,0.006581664085388184,0.8218023308060909
29.277,0.0065811872482299805,1.6852382423981522
29.277,0.006582975387573242,1.6852382423981522
29.277,0.006581902503967285,1.6852382423981522
29.277,0.006582736968994141,1.6852382423981522
29.282,0.00658416748046875,3.440679500821658
29.282,0.006586670875549316,3.440679500821658
29.29,0.006586313247680664,4.2526232449028045
29.29,0.006585240364074707,4.2526232449028045
29.29,0.006585955619812012,4.2526232449028045
29.3,0.0065882205963134766,4.757932449640359
29.3,0.0065877437591552734,4.757932449640359
29.3,0.006587624549865723,4.757932449640359
29.309,0.006589293479919434,5.844519181575186
29.309,0.006590843200683594,5.844519181575186
29.309,0.006591200828552246,5.844519181575186
29.309,0.006590127944946289,5.844519181575186
29.309,0.006590604782104492,5.844519181575186
29.309,0.006589651107788086,5.844519181575186
29.313,0.0065920352935791016,6.548687914556826
29.313,0.0065915584564208984,6.548687914556826
29.313,0.006592392921447754,6.548687914556826
29.313,0.006592154502868652,6.548687914556826
29.313,0.006593465805053711,6.548687914556826
29.313,0.006593585014343262,6.548687914556826
29.323,0.006592988967895508,6.769143280690142
29.323,0.0065926313400268555,6.769143280690142
29.323,0.006593465805053711,6.769143280690142
29.323,0.006594181060791016,6.769143280690142
29.323,0.006594657897949219,6.769143280690142
29.323,0.006592869758605957,6.769143280690142
29.323,0.006593108177185059,6.769143280690142
29.327,0.0065937042236328125,8.247326212947383
29.327,0.006595015525817871,8.247326212947383
29.327,0.006594419479370117,8.247326212947383
29.327,0.0065947771072387695,8.247326212947383
29.327,0.006595134735107422,8.247326212947383
29.327,0.006594061851501465,8.247326212947383
29.333,0.0065958499908447266,8.818769612552131
29.333,0.006595253944396973,8.818769612552131
29.333,0.0065953731536865234,8.818769612552131
29.333,0.006597280502319336,8.818769612552131
29.333,0.0065947771072387695,8.818769612552131
29.333,0.006595492362976074,8.818769612552131
29.345,0.006597161293029785,9.20354417204494
29.345,0.006596088409423828,9.20354417204494
29.345,0.006596684455871582,9.20354417204494
29.345,0.00659489631652832,9.20354417204494
29.345,0.0065958499908447266,9.20354417204494
29.345,0.0065947771072387695,9.20354417204494
29.355,0.00659632682800293,10.658089233919657
29.355,0.006596922874450684,10.658089233919657
29.355,0.006596803665161133,10.658089233919657
29.355,0.006596088409423828,10.658089233919657
29.355,0.006596922874450684,10.658089233919657
29.355,0.006596207618713379,10.658089233919657
29.36,0.006597995758056641,11.5185632040675
29.36,0.006596684455871582,11.5185632040675
29.36,0.006597161293029785,11.5185632040675
29.36,0.006597399711608887,11.5185632040675
29.36,0.006597757339477539,11.5185632040675
29.36,0.00659787654876709,11.5185632040675
29.365,0.006598830223083496,11.778596773541722
29.365,0.00659787654876709,11.778596773541722
29.365,0.006598711013793945,11.778596773541722
29.365,0.006598353385925293,11.778596773541722
29.365,0.006598949432373047,11.778596773541722
29.365,0.006598353385925293,11.778596773541722
29.373,0.006599068641662598,12.86887312164546
29.373,0.006598114967346191,12.86887312164546
29.373,0.006597161293029785,12.86887312164546
29.373,0.006597161293029785,12.86887312164546
29.373,0.006596565246582031,12.86887312164546
29.373,0.006599068641662598,12.86887312164546
29.382,0.006599068641662598,13.753893968848056
29.382,0.006597042083740234,13.753893968848056
29.382,0.006599068641662598,13.753893968848056
29.382,0.006598711013793945,13.753893968848056
29.382,0.006597399711608887,13.753893968848056
29.382,0.006597280502319336,13.753893968848056
29.386,0.006598472595214844,14.144559993341579
29.386,0.006598949432373047,14.144559993341579
29.386,0.006598353385925293,14.144559993341579
29.386,0.006600499153137207,14.144559993341579
29.386,0.006598472595214844,14.144559993341579
29.386,0.006599903106689453,14.144559993341579
29.4,0.006598711013793945,15.599428397440942
29.4,0.006599307060241699,15.599428397440942
29.4,0.006599068641662598,15.599428397440942
29.4,0.006599068641662598,15.599428397440942
29.405,0.006600379943847656,15.761517250009067
29.405,0.006597995758056641,15.761517250009067
29.405,0.006599545478820801,15.761517250009067
29.405,0.0065991878509521484,15.761517250009067
29.405,0.006599783897399902,15.761517250009067
29.405,0.006599068641662598,15.761517250009067
29.411,0.006599068641662598,16.750699057729186
29.411,0.006598353385925293,16.750699057729186
29.411,0.006599068641662598,16.750699057729186
29.411,0.006598472595214844,16.750699057729186
29.411,0.006600499153137207,16.750699057729186
29.411,0.0065996646881103516,16.750699057729186
29.411,0.0066002607345581055,17.52641513154608
29.411,0.006598711013793945,17.52641513154608
29.411,0.006597995758056641,17.52641513154608
29.411,0.006598353385925293,17.52641513154608
29.411,0.006600022315979004,17.52641513154608
29.411,0.006599307060241699,17.52641513154608
29.414,0.0065991878509521484,17.853372982727898
29.414,0.00659942626953125,17.853372982727898
29.414,0.006597280502319336,17.853372982727898
29.414,0.006598830223083496,17.853372982727898
29.414,0.00659942626953125,17.853372982727898
29.414,0.006598830223083496,17.853372982727898
29.422,0.006599307060241699,18.83285698694563
29.422,0.006599068641662598,18.83285698694563
29.422,0.006598472595214844,18.83285698694563
29.422,0.006597638130187988,18.83285698694563
29.427,0.00659942626953125,19.512245763108403
29.427,0.006599068641662598,19.512245763108403
29.427,0.0065985918045043945,19.512245763108403
29.427,0.006599068641662598,19.512245763108403
29.427,0.006597995758056641,19.512245763108403
29.427,0.0065991878509521484,19.512245763108403
29.431,0.006598234176635742,19.67989527999366
29.431,0.00659787654876709,19.67989527999366
29.431,0.006597995758056641,19.67989527999366
29.431,0.006598830223083496,19.67989527999366
29.431,0.0065985918045043945,19.67989527999366
29.431,0.006597042083740234,19.67989527999366
29.435,0.006596922874450684,20.719874241623998
29.435,0.006597638130187988,20.719874241623998
29.435,0.006597161293029785,20.719874241623998
29.435,0.006597399711608887,20.719874241623998
29.435,0.006597161293029785,20.719874241623998
29.435,0.006596684455871582,20.719874241623998
29.443,0.00659787654876709,21.375123957774612
29.443,0.006597042083740234,21.375123957774612
29.443,0.006597161293029785,21.375123957774612
29.443,0.006597161293029785,21.375123957774612
29.443,0.006597161293029785,21.375123957774612
29.443,0.00659787654876709,21.375123957774612
29.45,0.0065964460372924805,21.960477756089848
29.45,0.006596565246582031,21.960477756089848
29.45,0.006597399711608887,21.960477756089848
29.45,0.006597399711608887,21.960477756089848
29.45,0.006599068641662598,21.960477756089848
29.45,0.006596922874450684,21.960477756089848
29.45,0.006596803665161133,22.79688954428768
29.45,0.006596565246582031,22.79688954428768
29.45,0.006596088409423828,22.79688954428768
29.45,0.006597280502319336,22.79688954428768
29.45,0.006596922874450684,22.79688954428768
29.45,0.006597161293029785,22.79688954428768
29.461,0.00659787654876709,23.56260236923338
29.461,0.006596803665161133,23.56260236923338
29.461,0.006595969200134277,23.56260236923338
29.461,0.006595969200134277,23.56260236923338
29.461,0.006596088409423828,23.56260236923338
29.461,0.006595492362976074,23.56260236923338
29.469,0.006596207618713379,23.83597083864302
29.469,0.006595253944396973,23.83597083864302
29.469,0.006597161293029785,23.83597083864302
29.469,0.00659632682800293,23.83597083864302
29.469,0.006595134735107422,23.83597083864302
29.469,0.006597161293029785,23.83597083864302
29.476,0.006595969200134277,24.759063388423495
29.476,0.006595253944396973,24.759063388423495
29.476,0.006594419479370117,24.759063388423495
29.476,0.006595492362976074,24.759063388423495
29.479,0.0065958499908447266,25.63020764906064
29.479,0.006595492362976074,25.63020764906064
29.479,0.006595730781555176,25.63020764906064
29.479,0.006594657897949219,25.63020764906064
29.479,0.0065953731536865234,25.63020764906064
29.479,0.006594181060791016,25.63020764906064
29.482,0.006593108177185059,25.91325780253202
29.482,0.006594538688659668,25.91325780253202
29.482,0.0065947771072387695,25.91325780253202
29.482,0.006594181060791016,25.91325780253202
29.482,0.006594061851501465,25.91325780253202
29.482,0.006594419479370117,25.91325780253202
29.485,0.0065947771072387695,27.07542645049481
29.485,0.006594419479370117,27.07542645049481
29.485,0.0065947771072387695,27.07542645049481
29.485,0.006593585014343262,27.07542645049481
29.485,0.006593465805053711,27.07542645049481
29.485,0.006593227386474609,27.07542645049481
29.49,0.006592154502868652,27.37523125102272
29.49,0.006591200828552246,27.37523125102272
29.49,0.006592154502868652,27.37523125102272
29.49,0.006592869758605957,27.37523125102272
29.49,0.0065926313400268555,27.37523125102272
29.49,0.006593585014343262,27.37523125102272
29.49,0.006591916084289551,27.37523125102272
29.496,0.006591081619262695,27.893447300850866
29.496,0.006591320037841797,27.893447300850866
29.496,0.006592154502868652,27.893447300850866
29.496,0.006593465805053711,27.893447300850866
29.496,0.006591677665710449,27.893447300850866
29.496,0.006592869758605957,27.893447300850866
29.501,0.006590604782104492,29.281148364222023
29.501,0.006589174270629883,29.281148364222023
29.501,0.006590366363525391,29.281148364222023
29.501,0.006589770317077637,29.281148364222023
29.501,0.006590843200683594,29.281148364222023
29.501,0.006590127944946289,29.281148364222023
29.51,0.006590485572814941,29.75877384187682
29.51,0.006588578224182129,29.75877384187682
29.51,0.006589770317077637,29.75877384187682
29.51,0.006589293479919434,29.75877384187682
29.51,0.006589055061340332,29.75877384187682
29.51,0.006589055061340332,29.75877384187682
29.513,0.006587028503417969,29.96058656306129
29.513,0.0065888166427612305,29.96058656306129
29.513,0.006588578224182129,29.96058656306129
29.513,0.006587624549865723,29.96058656306129
29.513,0.006589412689208984,29.96058656306129
29.513,0.006587862968444824,29.96058656306129
29.515,0.0065888166427612305,30.928461360512237
29.515,0.006586790084838867,30.928461360512237
29.515,0.006586194038391113,30.928461360512237
29.515,0.006587862968444824,30.928461360512237
29.515,0.006586790084838867,30.928461360512237
29.515,0.006586313247680664,30.928461360512237
29.517,0.006586313247680664,31.295466807787975
29.517,0.00658571720123291,31.295466807787975
29.517,0.006585836410522461,31.295466807787975
29.517,0.006586313247680664,31.295466807787975
29.517,0.006586194038391113,31.295466807787975
29.517,0.006585359573364258,31.295466807787975
29.521,0.006584644317626953,31.612056242412855
29.521,0.006584286689758301,31.612056242412855
29.521,0.006584644317626953,31.612056242412855
29.521,0.006586194038391113,31.612056242412855
29.521,0.006585478782653809,31.612056242412855
29.521,0.006585240364074707,31.612056242412855
29.53,0.006582021713256836,32.65828900437098
29.53,0.006584286689758301,32.65828900437098
29.53,0.006584286689758301,32.65828900437098
29.53,0.006582140922546387,32.65828900437098
29.53,0.006584644317626953,32.65828900437098
29.53,0.006583213806152344,32.65828900437098
29.53,0.00658261775970459,33.07707832321624
29.53,0.006582379341125488,33.07707832321624
29.53,0.0065811872482299805,33.07707832321624
29.53,0.006581306457519531,33.07707832321624
29.53,0.006580948829650879,33.07707832321624
29.53,0.006582736968994141,33.07707832321624
29.536,0.00657963752746582,33.38167846752675
29.536,0.006581783294677734,33.38167846752675
29.536,0.006579995155334473,33.38167846752675
29.536,0.006580352783203125,33.38167846752675
29.536,0.006580352783203125,33.38167846752675
29.536,0.006581902503967285,33.38167846752675
29.54,0.00657963752746582,34.07247067366262
29.54,0.006580233573913574,34.07247067366262
29.54,0.006580471992492676,34.07247067366262
29.54,0.006578207015991211,34.07247067366262
29.54,0.006580471992492676,34.07247067366262
29.54,0.006579279899597168,34.07247067366262
29.542,0.006578326225280762,34.92568600780384
29.542,0.006579756736755371,34.92568600780384
29.542,0.006577610969543457,34.92568600780384
29.542,0.006578207015991211,34.92568600780384
29.542,0.006577134132385254,34.92568600780384
29.542,0.006577968597412109,34.92568600780384
29.544,0.006575226783752441,35.15464251427615
29.544,0.006576061248779297,35.15464251427615
29.544,0.0065767765045166016,35.15464251427615
29.544,0.0065762996673583984,35.15464251427615
29.544,0.006577491760253906,35.15464251427615
29.544,0.006575465202331543,35.15464251427615
29.548,0.0065762996673583984,35.52409531700773
29.548,0.0065765380859375,35.52409531700773
29.548,0.006575226783752441,35.52409531700773
29.548,0.006575584411621094,35.52409531700773
29.548,0.006574869155883789,35.52409531700773
29.548,0.006574392318725586,35.52409531700773
29.55,0.006573677062988281,36.167042926001045
29.55,0.006574153900146484,36.167042926001045
29.55,0.006573915481567383,36.167042926001045
29.55,0.0065735578536987305,36.167042926001045
29.55,0.0065729618072509766,36.167042926001045
29.55,0.006573200225830078,36.167042926001045
29.56,0.006571412086486816,36.23814535878165
29.56,0.006570696830749512,36.23814535878165
29.56,0.006571173667907715,36.23814535878165
29.56,0.0065718889236450195,36.23814535878165
29.56,0.0065708160400390625,36.23814535878165
29.56,0.0065724849700927734,36.23814535878165
29.564,0.00657045841217041,37.03933809049699
29.564,0.006570696830749512,37.03933809049699
29.564,0.00657045841217041,37.03933809049699
29.564,0.006571650505065918,37.03933809049699
29.564,0.006570577621459961,37.03933809049699
29.564,0.006569385528564453,37.03933809049699
29.564,0.006569981575012207,37.702854529215195
29.564,0.00656890869140625,37.702854529215195
29.564,0.006569266319274902,37.702854529215195
29.564,0.006568312644958496,37.702854529215195
29.564,0.0065691471099853516,37.702854529215195
29.564,0.0065686702728271484,37.702854529215195
29.568,0.006569266319274902,37.86702270427031
29.568,0.006567478179931641,37.86702270427031
29.568,0.006567239761352539,37.86702270427031
29.568,0.0065680742263793945,37.86702270427031
29.568,0.006570339202880859,37.86702270427031
29.568,0.00656735897064209,37.86702270427031
29.57,0.006567239761352539,38.46743487540856
29.57,0.006568789482116699,38.46743487540856
29.57,0.006566286087036133,38.46743487540856
29.57,0.006566524505615234,38.46743487540856
29.57,0.006564736366271973,38.46743487540856
29.57,0.006566047668457031,38.46743487540856
29.576,0.006565093994140625,38.87163792778617
29.576,0.006564497947692871,38.87163792778617
29.576,0.0065648555755615234,38.87163792778617
29.576,0.006565213203430176,38.87163792778617
29.576,0.006564140319824219,38.87163792778617
29.576,0.006565093994140625,38.87163792778617
29.581,0.006564497947692871,39.138733347199114
29.581,0.0065631866455078125,39.138733347199114
29.581,0.006562709808349609,39.138733347199114
29.581,0.00656437873840332,39.138733347199114
29.581,0.006564140319824219,39.138733347199114
29.581,0.006564021110534668,39.138733347199114
29.582,0.006562709808349609,39.61059400934103
29.582,0.0065631866455078125,39.61059400934103
29.582,0.006562590599060059,39.61059400934103
29.582,0.006562709808349609,39.61059400934103
29.582,0.006560325622558594,39.61059400934103
29.582,0.006562709808349609,39.61059400934103
29.588,0.006561160087585449,40.16929009371711
29.588,0.006561875343322754,40.16929009371711
29.588,0.0065604448318481445,40.16929009371711
29.588,0.006561279296875,40.16929009371711
29.588,0.006559133529663086,40.16929009371711
29.588,0.00655972957611084,40.16929009371711
29.594,0.006558895111083984,40.311559347706236
29.594,0.006559610366821289,40.311559347706236
29.594,0.0065593719482421875,40.311559347706236
29.594,0.0065593719482421875,40.311559347706236
29.594,0.006558060646057129,40.311559347706236
29.595,0.006557464599609375,41.124047843076674
29.595,0.006558895111083984,41.124047843076674
29.595,0.006555676460266113,41.124047843076674
29.595,0.006557345390319824,41.124047843076674
29.595,0.006556034088134766,41.124047843076674
29.595,0.006556391716003418,41.124047843076674
29.599,0.00655519962310791,41.30937629293753
29.599,0.006556987762451172,41.30937629293753
29.599,0.006556391716003418,41.30937629293753
29.599,0.006554365158081055,41.30937629293753
29.599,0.006555914878845215,41.30937629293753
29.599,0.006554007530212402,41.30937629293753
29.601,0.006553173065185547,41.625939084947085
29.601,0.006553530693054199,41.625939084947085
29.601,0.006552934646606445,41.625939084947085
29.601,0.006554841995239258,41.625939084947085
29.601,0.006554722785949707,41.625939084947085
29.601,0.006553292274475098,41.625939084947085
29.607,0.006551027297973633,42.08663465040942
29.607,0.00655055046081543,42.08663465040942
29.607,0.006552219390869141,42.08663465040942
29.607,0.006552338600158691,42.08663465040942
29.607,0.006552219390869141,42.08663465040942
29.607,0.006552338600158691,42.08663465040942
29.61,0.006551384925842285,42.73900638901027
29.61,0.006549477577209473,42.73900638901027
29.61,0.006548643112182617,42.73900638901027
29.61,0.006549715995788574,42.73900638901027
29.61,0.006547808647155762,42.73900638901027
29.61,0.006548523902893066,42.73900638901027
29.612,0.006547689437866211,42.709997647418476
29.612,0.006548047065734863,42.709997647418476
29.612,0.006547093391418457,42.709997647418476
29.612,0.006548523902893066,42.709997647418476
29.612,0.006549954414367676,42.709997647418476
29.612,0.006546735763549805,42.709997647418476
29.617,0.0065441131591796875,43.63758074698844
29.617,0.006546139717102051,43.63758074698844
29.617,0.006546378135681152,43.63758074698844
29.617,0.006546735763549805,43.63758074698844
29.617,0.006547093391418457,43.63758074698844
29.617,0.006546616554260254,43.63758074698844
29.62,0.0065451860427856445,43.76910414224331
29.62,0.006543159484863281,43.76910414224331
29.62,0.006542801856994629,43.76910414224331
29.62,0.006543755531311035,43.76910414224331
29.62,0.00654292106628418,43.76910414224331
29.62,0.00654292106628418,43.76910414224331
29.626,0.0065419673919677734,44.19729312269493
29.626,0.006541252136230469,44.19729312269493
29.626,0.006541013717651367,44.19729312269493
29.626,0.00654292106628418,44.19729312269493
29.626,0.0065413713455200195,44.19729312269493
29.626,0.006542801856994629,44.19729312269493
29.628,0.0065392255783081055,44.78745300700065
29.628,0.0065402984619140625,44.78745300700065
29.628,0.0065386295318603516,44.78745300700065
29.628,0.006539702415466309,44.78745300700065
29.628,0.006540536880493164,44.78745300700065
29.628,0.006540060043334961,44.78745300700065
29.633,0.006539344787597656,44.81035791128367
29.633,0.006539463996887207,44.81035791128367
29.633,0.006538748741149902,44.81035791128367
29.633,0.006340980529785156,44.81035791128367
29.633,0.00639498233795166,44.81035791128367
29.633,0.006400585174560547,44.81035791128367
29.065,0.006410837173461914,45.08104773678203
29.065,0.006409287452697754,45.08104773678203
29.065,0.006410121917724609,45.08104773678203
29.065,0.006408810615539551,45.08104773678203
29.065,0.00640416145324707,45.08104773678203
29.065,0.0064078569412231445,45.08104773678203
29.077,0.006411314010620117,45.82174224726204
29.077,0.006409406661987305,45.82174224726204
29.077,0.006412029266357422,45.82174224726204
29.077,0.006410837173461914,45.82174224726204
29.077,0.006411552429199219,45.82174224726204
29.077,0.006410360336303711,45.82174224726204
29.091,0.006411552429199219,46.06676456351305
29.091,0.006409645080566406,46.06676456351305
29.091,0.006411552429199219,46.06676456351305
29.091,0.006410956382751465,46.06676456351305
29.091,0.00626826286315918,46.06676456351305
29.091,0.0062770843505859375,46.06676456351305
28.549,0.00628662109375,46.004764618370025
28.549,0.006286025047302246,46.004764618370025
28.549,0.006285667419433594,46.004764618370025
28.549,0.0062836408615112305,46.004764618370025
28.549,0.006284117698669434,46.004764618370025
28.549,0.006279468536376953,46.004764618370025
28.564,0.006287097930908203,46.329474547935554
28.564,0.006287097930908203,46.329474547935554
28.564,0.006288647651672363,46.329474547935554
28.564,0.0062885284423828125,46.329474547935554
28.564,0.006287097930908203,46.329474547935554
28.564,0.0062863826751708984,46.329474547935554
28.577,0.0062863826751708984,46.4628861952616
28.577,0.006289362907409668,46.4628861952616
28.577,0.006287097930908203,46.4628861952616
28.577,0.006287813186645508,46.4628861952616
28.577,0.006145000457763672,46.4628861952616
28.577,0.0061533451080322266,46.4628861952616
28.036,0.006162762641906738,46.56326995244186
28.036,0.006162762641906738,46.56326995244186
28.036,0.0061637163162231445,46.56326995244186
28.036,0.006159543991088867,46.56326995244186
28.036,0.006156563758850098,46.56326995244186
28.036,0.00616002082824707,46.56326995244186
28.06,0.006164908409118652,46.27120642326835
28.06,0.0061643123626708984,46.27120642326835
28.06,0.006164193153381348,46.27120642326835
28.06,0.006163835525512695,46.27120642326835
28.06,0.006164073944091797,46.27120642326835
28.06,0.006165266036987305,46.27120642326835
28.074,0.0061643123626708984,46.21990516164547
28.074,0.00616455078125,46.21990516164547
28.074,0.006165146827697754,46.21990516164547
28.074,0.00616455078125,46.21990516164547
28.074,0.006032347679138184,46.21990516164547
28.074,0.0060329437255859375,46.21990516164547
27.581,0.006043195724487305,46.247120261269934
27.581,0.00604248046875,46.247120261269934
27.581,0.006043553352355957,46.247120261269934
27.581,0.006039977073669434,46.247120261269934
27.581,0.0060427188873291016,46.247120261269934
27.581,0.006037116050720215,46.247120261269934
27.586,0.0060460567474365234,45.98640310716639
27.586,0.006045818328857422,45.98640310716639
27.586,0.006045341491699219,45.98640310716639
27.586,0.006044507026672363,45.98640310716639
27.586,0.006045103073120117,45.98640310716639
27.586,0.0060454607009887695,45.98640310716639
27.587,0.006046652793884277,45.71406443861398
27.587,0.006043672561645508,45.71406443861398
27.587,0.006047368049621582,45.71406443861398
27.587,0.006046414375305176,45.71406443861398
27.587,0.005932927131652832,45.71406443861398
27.587,0.005918264389038086,45.71406443861398
27.054,0.0059282779693603516,45.49911257388393
27.054,0.00592803955078125,45.49911257388393
27.054,0.005928635597229004,45.49911257388393
27.054,0.005924344062805176,45.49911257388393
27.054,0.00592648983001709,45.49911257388393
27.054,0.005921125411987305,45.49911257388393
27.095,0.005930304527282715,45.059393550151256
27.095,0.005931258201599121,45.059393550151256
27.095,0.00593113899230957,45.059393550151256
27.095,0.0059310197830200195,45.059393550151256
27.095,0.005929350852966309,45.059393550151256
27.095,0.005930423736572266,45.059393550151256
27.095,0.005932331085205078,45.059393550151256
27.107,0.005930662155151367,45.17355283884777
27.107,0.005930662155151367,45.17355283884777
27.107,0.005806922912597656,45.17355283884777
27.107,0.005929470062255859,45.17355283884777
26.604,0.005811214447021484,44.577231479174
26.604,0.0058106184005737305,44.577231479174
26.604,0.005813717842102051,44.577231479174
26.604,0.005814671516418457,44.577231479174
26.604,0.005815982818603516,44.577231479174
26.604,0.005815982818603516,44.577231479174
26.614,0.005816936492919922,44.64858183761277
26.614,0.0058176517486572266,44.64858183761277
26.614,0.005817055702209473,44.64858183761277
26.614,0.0058176517486572266,44.64858183761277
26.614,0.005817532539367676,44.64858183761277
26.614,0.005816102027893066,44.64858183761277
26.622,0.005816817283630371,44.18440584464753
26.622,0.00581812858581543,44.18440584464753
26.622,0.005819082260131836,44.18440584464753
26.622,0.005816936492919922,44.18440584464753
26.622,0.005689144134521484,44.18440584464753
26.622,0.005693197250366211,44.18440584464753
26.125,0.005697488784790039,43.79880934224175
26.125,0.005699038505554199,43.79880934224175
26.125,0.005699872970581055,43.79880934224175
26.125,0.00570225715637207,43.79880934224175
26.125,0.005702018737792969,43.79880934224175
26.125,0.005704045295715332,43.79880934224175
26.128,0.005704283714294434,43.690923117291476
26.128,0.005704402923583984,43.690923117291476
26.128,0.0057032108306884766,43.690923117291476
26.128,0.005704045295715332,43.690923117291476
26.128,0.005702614784240723,43.690923117291476
26.128,0.005704998970031738,43.690923117291476
26.143,0.005575895309448242,43.305021644505345
26.143,0.005704522132873535,43.305021644505345
26.143,0.005705118179321289,43.305021644505345
26.143,0.005704641342163086,43.305021644505345
26.143,0.005704760551452637,43.305021644505345
26.143,0.005565047264099121,43.305021644505345
25.618,0.005580306053161621,42.95396164379159
25.618,0.005581498146057129,42.95396164379159
25.618,0.005583524703979492,42.95396164379159
25.618,0.005584597587585449,42.95396164379159
25.618,0.005585908889770508,42.95396164379159
25.618,0.005586981773376465,42.95396164379159
25.638,0.005589604377746582,42.95183577810944
25.638,0.005589485168457031,42.95183577810944
25.638,0.005587935447692871,42.95183577810944
25.638,0.00558924674987793,42.95183577810944
25.638,0.005589127540588379,42.95183577810944
25.638,0.005587339401245117,42.95183577810944
25.647,0.005589723587036133,42.42747441328247
25.647,0.0055893659591674805,42.42747441328247
25.647,0.005589485168457031,42.42747441328247
25.647,0.005587458610534668,42.42747441328247
25.647,0.005444645881652832,42.42747441328247
25.647,0.005469322204589844,42.42747441328247
25.121,0.005473017692565918,42.10601250510059
25.121,0.005475640296936035,42.10601250510059
25.121,0.0054776668548583984,42.10601250510059
25.121,0.0054781436920166016,42.10601250510059
25.121,0.005479931831359863,42.10601250510059
25.121,0.005479216575622559,42.10601250510059
25.166,0.0054825544357299805,42.11740256830048
25.166,0.005483508110046387,42.11740256830048
25.166,0.005482196807861328,42.11740256830048
25.166,0.0054808855056762695,42.11740256830048
25.166,0.005481362342834473,42.11740256830048
25.166,0.0054808855056762695,42.11740256830048
25.187,0.005483508110046387,41.818624814151164
25.187,0.0054814815521240234,41.818624814151164
25.187,0.005483031272888184,41.818624814151164
25.187,0.005481839179992676,41.818624814151164
25.187,0.0054825544357299805,41.818624814151164
25.187,0.005481243133544922,41.818624814151164
25.188,0.005481719970703125,41.443623849220955
25.188,0.005483388900756836,41.443623849220955
25.188,0.00548243522644043,41.443623849220955
25.188,0.00548243522644043,41.443623849220955
25.188,0.005482196807861328,41.443623849220955
25.188,0.005481600761413574,41.443623849220955
25.193,0.005481839179992676,41.157860177265334
25.193,0.0054819583892822266,41.157860177265334
25.193,0.005482196807861328,41.157860177265334
25.193,0.005482196807861328,41.157860177265334
25.193,0.005482196807861328,41.157860177265334
25.193,0.005483388900756836,41.157860177265334
25.201,0.005482912063598633,40.80766711500862
25.201,0.00548100471496582,40.80766711500862
25.201,0.0054808855056762695,40.80766711500862
25.201,0.005481719970703125,40.80766711500862
25.201,0.005482673645019531,40.80766711500862
25.201,0.005481362342834473,40.80766711500862
25.201,0.005481600761413574,40.98438185764918
25.201,0.005481123924255371,40.98438185764918
25.201,0.005483508110046387,40.98438185764918
25.201,0.0054808855056762695,40.98438185764918
25.201,0.005481600761413574,40.98438185764918
25.201,0.005483150482177734,40.98438185764918
25.206,0.005483269691467285,41.16092906731814
25.206,0.005480408668518066,41.16092906731814
25.206,0.005481719970703125,41.16092906731814
25.206,0.005481600761413574,41.16092906731814
25.206,0.005482196807861328,41.16092906731814
25.206,0.005481719970703125,41.16092906731814
25.208,0.005481839179992676,41.17839180572153
25.208,0.005481600761413574,41.17839180572153
25.208,0.0054819583892822266,41.17839180572153
25.208,0.005481719970703125,41.17839180572153
25.208,0.005482077598571777,41.17839180572153
25.208,0.005481123924255371,41.17839180572153
25.213,0.005483269691467285,41.48942459007834
25.213,0.005482673645019531,41.48942459007834
25.213,0.005482077598571777,41.48942459007834
25.213,0.005483150482177734,41.48942459007834
25.213,0.0054836273193359375,41.48942459007834
25.213,0.005481839179992676,41.48942459007834
25.216,0.005482673645019531,41.68599214785556
25.216,0.00548243522644043,41.68599214785556
25.216,0.005482673645019531,41.68599214785556
25.216,0.005482316017150879,41.68599214785556
25.216,0.00548243522644043,41.68599214785556
25.216,0.00548243522644043,41.68599214785556
25.218,0.005483269691467285,42.142842182106996
25.218,0.005481600761413574,42.142842182106996
25.218,0.005482673645019531,42.142842182106996
25.218,0.005481600761413574,42.142842182106996
25.218,0.0054814815521240234,42.142842182106996
25.218,0.005482673645019531,42.142842182106996
25.221,0.005482912063598633,42.692370510859845
25.221,0.00548243522644043,42.692370510859845
25.221,0.005484104156494141,42.692370510859845
25.221,0.0054825544357299805,42.692370510859845
25.221,0.005481600761413574,42.692370510859845
25.221,0.005482912063598633,42.692370510859845
25.221,0.005483269691467285,42.95786045644401
25.221,0.005483508110046387,42.95786045644401
25.221,0.005484223365783691,42.95786045644401
25.221,0.005483031272888184,42.95786045644401
25.221,0.005483031272888184,42.95786045644401
25.221,0.005484223365783691,42.95786045644401
25.221,0.005483031272888184,42.95786045644401
25.223,0.005482077598571777,43.30856167439085
25.223,0.005483388900756836,43.30856167439085
25.223,0.005483150482177734,43.30856167439085
25.223,0.005482316017150879,43.30856167439085
25.223,0.0054847002029418945,43.30856167439085
25.223,0.005482316017150879,43.30856167439085
25.226,0.005481362342834473,44.10363574750649
25.226,0.005483746528625488,44.10363574750649
25.226,0.00548243522644043,44.10363574750649
25.226,0.005482792854309082,44.10363574750649
25.226,0.005483150482177734,44.10363574750649
25.226,0.005482792854309082,44.10363574750649
25.232,0.0054819583892822266,44.356958255479555
25.232,0.005483031272888184,44.356958255479555
25.232,0.0054825544357299805,44.356958255479555
25.232,0.005482912063598633,44.356958255479555
25.232,0.005482196807861328,44.356958255479555
25.232,0.005482673645019531,44.356958255479555
25.237,0.0054825544357299805,45.34445871609924
25.237,0.005482077598571777,45.34445871609924
25.237,0.005481839179992676,45.34445871609924
25.237,0.005481243133544922,45.34445871609924
25.237,0.005480408668518066,45.34445871609924
25.237,0.005353808403015137,45.34445871609924
24.751,0.0053708553314208984,45.83555386160084
24.751,0.00537264347076416,45.83555386160084
24.751,0.005377411842346191,45.83555386160084
24.751,0.005376935005187988,45.83555386160084
24.751,0.005376935005187988,45.83555386160084
24.751,0.005380034446716309,45.83555386160084
24.801,0.005381584167480469,45.80259151331357
24.801,0.005381941795349121,45.80259151331357
24.801,0.005381107330322266,45.80259151331357
24.801,0.005382895469665527,45.80259151331357
24.801,0.005379676818847656,45.80259151331357
24.801,0.0053806304931640625,45.80259151331357
24.803,0.005381941795349121,46.49178822438637
24.803,0.005382657051086426,46.49178822438637
24.803,0.005380868911743164,46.49178822438637
24.803,0.0053817033767700195,46.49178822438637
24.803,0.005381107330322266,46.49178822438637
24.803,0.005382418632507324,46.49178822438637
24.809,0.005382895469665527,46.99946905344423
24.809,0.005382180213928223,46.99946905344423
24.809,0.0053822994232177734,46.99946905344423
24.809,0.005384087562561035,46.99946905344423
24.809,0.005382657051086426,46.99946905344423
24.809,0.005381345748901367,46.99946905344423
24.816,0.00538182258605957,47.21536992352426
24.816,0.005381226539611816,47.21536992352426
24.816,0.005381226539611816,47.21536992352426
24.816,0.005380868911743164,47.21536992352426
24.816,0.005381107330322266,47.21536992352426
24.816,0.005381345748901367,47.21536992352426
24.823,0.005380511283874512,47.51148613657054
24.823,0.0053817033767700195,47.51148613657054
24.823,0.005380749702453613,47.51148613657054
24.823,0.005380988121032715,47.51148613657054
24.823,0.005381226539611816,47.51148613657054
24.823,0.005380034446716309,47.51148613657054
24.822,0.00538027286529541,47.621568754773726
24.822,0.00538027286529541,47.621568754773726
24.822,0.005380153656005859,47.621568754773726
24.822,0.005381464958190918,47.621568754773726
24.822,0.0053795576095581055,47.621568754773726
24.822,0.005380153656005859,47.621568754773726
24.822,0.005379438400268555,47.86360626972781
24.822,0.005378007888793945,47.86360626972781
24.822,0.0053784847259521484,47.86360626972781
24.822,0.005379199981689453,47.86360626972781
24.822,0.0053795576095581055,47.86360626972781
24.822,0.005379676818847656,47.86360626972781
24.824,0.005378603935241699,47.90429582524031
24.824,0.005378246307373047,47.90429582524031
24.824,0.005378842353820801,47.90429582524031
24.824,0.005379438400268555,47.90429582524031
24.824,0.005378007888793945,47.90429582524031
24.824,0.005376577377319336,47.90429582524031
24.826,0.0053768157958984375,47.465895577641916
24.826,0.005375981330871582,47.465895577641916
24.826,0.00537872314453125,47.465895577641916
24.826,0.0053768157958984375,47.465895577641916
24.826,0.005375862121582031,47.465895577641916
24.826,0.005375504493713379,47.465895577641916
24.833,0.005374908447265625,47.571027456042316
24.833,0.005375385284423828,47.571027456042316
24.833,0.005375266075134277,47.571027456042316
24.833,0.0053757429122924805,47.571027456042316
24.833,0.005375981330871582,47.571027456042316
24.833,0.005377054214477539,47.571027456042316
24.833,0.00537419319152832,47.245960265943935
24.833,0.00537264347076416,47.245960265943935
24.833,0.005374431610107422,47.245960265943935
24.833,0.005375385284423828,47.245960265943935
24.833,0.005374312400817871,47.245960265943935
24.833,0.005372047424316406,47.245960265943935
24.831,0.005375266075134277,46.82236204558068
24.831,0.005373835563659668,46.82236204558068
24.831,0.005373358726501465,46.82236204558068
24.831,0.0053708553314208984,46.82236204558068
24.831,0.00537419319152832,46.82236204558068
24.831,0.005372047424316406,46.82236204558068
24.83,0.005369901657104492,46.79835696639304
24.83,0.005372166633605957,46.79835696639304
24.83,0.005369782447814941,46.79835696639304
24.83,0.0053713321685791016,46.79835696639304
24.83,0.005372524261474609,46.79835696639304
24.83,0.005371809005737305,46.79835696639304
24.826,0.005370140075683594,45.93818460625151
24.826,0.0053713321685791016,45.93818460625151
24.826,0.005370140075683594,45.93818460625151
24.826,0.005371212959289551,45.93818460625151
24.826,0.005369067192077637,45.93818460625151
24.826,0.005370497703552246,45.93818460625151
24.827,0.005370140075683594,45.36891523853059
24.827,0.005370140075683594,45.36891523853059
24.827,0.005369067192077637,45.36891523853059
24.827,0.005368947982788086,45.36891523853059
24.827,0.00536954402923584,45.36891523853059
24.827,0.005368590354919434,45.36891523853059
24.823,0.005368947982788086,45.29201542945104
24.823,0.005370020866394043,45.29201542945104
24.823,0.005369424819946289,45.29201542945104
24.823,0.005368947982788086,45.29201542945104
24.823,0.0053675174713134766,45.29201542945104
24.823,0.005367279052734375,45.29201542945104
24.818,0.005368232727050781,44.684268834434604
24.818,0.005367159843444824,44.684268834434604
24.818,0.005367636680603027,44.684268834434604
24.818,0.005366921424865723,44.684268834434604
24.818,0.00536799430847168,44.684268834434604
24.818,0.005367279052734375,44.684268834434604
24.816,0.005366921424865723,44.188325189585015
24.816,0.005367279052734375,44.188325189585015
24.816,0.0053681135177612305,44.188325189585015
24.816,0.0053664445877075195,44.188325189585015
24.816,0.005367159843444824,44.188325189585015
24.816,0.0053653717041015625,44.188325189585015
24.813,0.005366206169128418,43.679453958011905
24.813,0.0053664445877075195,43.679453958011905
24.813,0.005367398262023926,43.679453958011905
24.813,0.005366683006286621,43.679453958011905
24.813,0.0053653717041015625,43.679453958011905
24.813,0.005365610122680664,42.78303841287697
24.813,0.00536656379699707,42.78303841287697
24.813,0.005367279052734375,42.78303841287697
24.813,0.005365490913391113,42.78303841287697
24.813,0.00536501407623291,42.78303841287697
24.813,0.0053653717041015625,42.78303841287697
24.811,0.0053637027740478516,42.63260337185412
24.811,0.00536501407623291,42.63260337185412
24.811,0.005366921424865723,42.63260337185412
24.811,0.005364775657653809,42.63260337185412
24.811,0.005365967750549316,42.63260337185412
24.811,0.005366921424865723,42.63260337185412
24.811,0.005365729331970215,41.791303849025084
24.811,0.005365967750549316,41.791303849025084
24.811,0.005363821983337402,41.791303849025084
24.811,0.005364537239074707,41.791303849025084
24.811,0.005365252494812012,41.791303849025084
24.811,0.005364894866943359,41.791303849025084
24.808,0.005365848541259766,41.57927859740627
24.808,0.005364418029785156,41.57927859740627
24.808,0.005365610122680664,41.57927859740627
24.808,0.005363941192626953,41.57927859740627
24.808,0.005365133285522461,41.57927859740627
24.808,0.005364179611206055,41.57927859740627
24.807,0.00536501407623291,40.93507717313358
24.807,0.005365490913391113,40.93507717313358
24.807,0.005364179611206055,40.93507717313358
24.807,0.00536501407623291,40.93507717313358
24.807,0.005364656448364258,40.93507717313358
24.807,0.005364418029785156,40.93507717313358
24.807,0.005363583564758301,40.175746578788406
24.807,0.005365252494812012,40.175746578788406
24.807,0.005365967750549316,40.175746578788406
24.807,0.005365133285522461,40.175746578788406
24.807,0.005365252494812012,40.175746578788406
24.807,0.005364179611206055,40.175746578788406
24.807,0.0053642988204956055,40.13970626331809
24.807,0.005364775657653809,40.13970626331809
24.807,0.005364060401916504,40.13970626331809
24.807,0.005366086959838867,40.13970626331809
24.807,0.005366325378417969,40.13970626331809
24.807,0.005364179611206055,40.13970626331809
24.808,0.005364418029785156,39.268577331125016
24.808,0.005364418029785156,39.268577331125016
24.808,0.005365967750549316,39.268577331125016
24.808,0.005364775657653809,39.268577331125016
24.808,0.005365252494812012,39.268577331125016
24.808,0.00536501407623291,39.268577331125016
24.805,0.0053653717041015625,38.84400871097537
24.805,0.005365729331970215,38.84400871097537
24.805,0.005364179611206055,38.84400871097537
24.805,0.005365729331970215,38.84400871097537
24.805,0.005364656448364258,38.84400871097537
24.805,0.005364179611206055,38.84400871097537
24.801,0.0053653717041015625,38.43791852095831
24.801,0.005366206169128418,38.43791852095831
24.801,0.005364775657653809,38.43791852095831
24.801,0.005364894866943359,38.43791852095831
24.801,0.00536501407623291,38.43791852095831
24.801,0.005364775657653809,38.43791852095831
24.8,0.0053670406341552734,37.82170120295676
24.8,0.005366206169128418,37.82170120295676
24.8,0.005365490913391113,37.82170120295676
24.8,0.005366325378417969,37.82170120295676
24.8,0.005366802215576172,37.82170120295676
24.8,0.005365967750549316,37.82170120295676
24.793,0.00536656379699707,37.409546123667106
24.793,0.0053664445877075195,37.409546123667106
24.793,0.005365729331970215,37.409546123667106
24.793,0.005364537239074707,37.409546123667106
24.793,0.00536656379699707,37.409546123667106
24.793,0.005365848541259766,37.409546123667106
24.791,0.005366802215576172,37.28925345084606
24.791,0.005367159843444824,37.28925345084606
24.791,0.005366921424865723,37.28925345084606
24.791,0.005365729331970215,37.28925345084606
24.789,0.005366086959838867,36.58803755445059
24.789,0.005367875099182129,36.58803755445059
24.789,0.005367279052734375,36.58803755445059
24.789,0.005367875099182129,36.58803755445059
24.789,0.00536656379699707,36.58803755445059
24.789,0.005367159843444824,36.58803755445059
24.785,0.005368709564208984,36.156904782533594
24.785,0.005367636680603027,36.156904782533594
24.785,0.005367279052734375,36.156904782533594
24.785,0.005366921424865723,36.156904782533594
24.785,0.005366325378417969,36.156904782533594
24.785,0.00536799430847168,36.156904782533594
24.787,0.005368709564208984,35.675886473382775
24.787,0.005367875099182129,35.675886473382775
24.787,0.005368351936340332,35.675886473382775
24.787,0.005367636680603027,35.675886473382775
24.787,0.005369901657104492,35.4899393576086
24.787,0.005367875099182129,35.4899393576086
24.787,0.005367279052734375,35.4899393576086
24.787,0.0053681135177612305,35.4899393576086
24.787,0.005368471145629883,35.4899393576086
24.787,0.00536799430847168,35.4899393576086
24.788,0.005370378494262695,35.01525013668849
24.788,0.005368828773498535,35.01525013668849
24.788,0.0053702592849731445,35.01525013668849
24.788,0.005368828773498535,35.01525013668849
24.788,0.005367636680603027,35.01525013668849
24.788,0.005369305610656738,35.01525013668849
24.788,0.005368709564208984,34.39952017440058
24.788,0.00536954402923584,34.39952017440058
24.788,0.005369663238525391,34.39952017440058
24.788,0.005370140075683594,34.39952017440058
24.788,0.005370497703552246,34.39952017440058
24.788,0.005369305610656738,34.39952017440058
24.788,0.00537109375,34.21870096319997
24.788,0.0053708553314208984,34.21870096319997
24.788,0.0053708553314208984,34.21870096319997
24.788,0.005370497703552246,34.21870096319997
24.788,0.00537109375,34.21870096319997
24.788,0.005369901657104492,34.21870096319997
24.787,0.00537109375,33.834841126999294
24.787,0.005370497703552246,33.834841126999294
24.787,0.005371570587158203,33.834841126999294
24.787,0.005370736122131348,33.834841126999294
24.787,0.005371451377868652,33.834841126999294
24.787,0.005373120307922363,33.834841126999294
24.787,0.005372047424316406,33.530791386301324
24.787,0.005371451377868652,33.530791386301324
24.787,0.00537109375,33.530791386301324
24.787,0.00537264347076416,33.530791386301324
24.787,0.0053713321685791016,33.530791386301324
24.787,0.005372047424316406,33.530791386301324
24.787,0.005372881889343262,33.16666565252045
24.787,0.005372285842895508,33.16666565252045
24.787,0.0053730010986328125,33.16666565252045
24.787,0.005372166633605957,33.16666565252045
24.787,0.005371570587158203,33.16666565252045
24.787,0.005372405052185059,33.16666565252045
24.784,0.005373477935791016,32.76814926746091
24.784,0.005373597145080566,32.76814926746091
24.784,0.0053746700286865234,32.76814926746091
24.784,0.0053719282150268555,32.76814926746091
24.784,0.005371689796447754,32.76814926746091
24.784,0.005373835563659668,32.76814926746091
24.782,0.005372405052185059,32.41170653152314
24.782,0.005373716354370117,32.41170653152314
24.782,0.005374789237976074,32.41170653152314
24.782,0.00537419319152832,32.41170653152314
24.782,0.005373597145080566,32.41170653152314
24.782,0.005375385284423828,32.41170653152314
24.782,0.00537562370300293,32.41170653152314
24.778,0.005374312400817871,32.10316158671105
24.778,0.0053751468658447266,32.10316158671105
24.778,0.005374908447265625,32.10316158671105
24.778,0.005373120307922363,32.10316158671105
24.778,0.005374908447265625,32.10316158671105
24.778,0.005374908447265625,32.10316158671105
24.777,0.0053751468658447266,31.581364415630112
24.777,0.0053751468658447266,31.581364415630112
24.777,0.0053746700286865234,31.581364415630112
24.777,0.00537562370300293,31.581364415630112
24.777,0.0053768157958984375,31.581364415630112
24.777,0.00537562370300293,31.581364415630112
24.771,0.005376338958740234,31.21521287700812
24.771,0.00537562370300293,31.21521287700812
24.771,0.005377531051635742,31.21521287700812
24.771,0.005375862121582031,31.21521287700812
24.771,0.005374908447265625,31.21521287700812
24.771,0.005377292633056641,31.21521287700812
24.774,0.0053778886795043945,31.332702656208127
24.774,0.005376458168029785,31.332702656208127
24.774,0.005377769470214844,31.332702656208127
24.774,0.005376458168029785,31.332702656208127
24.774,0.005378127098083496,30.606858398848814
24.774,0.0053778886795043945,30.606858398848814
24.774,0.005377650260925293,30.606858398848814
24.774,0.005376338958740234,30.606858398848814
24.774,0.005377292633056641,30.606858398848814
24.774,0.00537717342376709,30.606858398848814
24.772,0.0053784847259521484,30.463774822743815
24.772,0.005377650260925293,30.463774822743815
24.772,0.00537717342376709,30.463774822743815
24.772,0.005378842353820801,30.463774822743815
24.772,0.005379199981689453,30.463774822743815
24.772,0.005379796028137207,30.463774822743815
24.771,0.0053789615631103516,30.09629136751685
24.771,0.005379080772399902,30.09629136751685
24.771,0.005379438400268555,30.09629136751685
24.771,0.005379080772399902,30.09629136751685
24.771,0.005379199981689453,30.09629136751685
24.771,0.005380034446716309,30.09629136751685
24.77,0.005380749702453613,29.751802717496577
24.77,0.0053806304931640625,29.751802717496577
24.77,0.005380153656005859,29.751802717496577
24.77,0.005379319190979004,29.751802717496577
24.77,0.005381464958190918,29.751802717496577
24.77,0.005380034446716309,29.751802717496577
24.768,0.005381584167480469,29.62410095471885
24.768,0.005380988121032715,29.62410095471885
24.768,0.0053817033767700195,29.62410095471885
24.768,0.005381107330322266,29.62410095471885
24.768,0.005380511283874512,29.62410095471885
24.768,0.005380868911743164,29.62410095471885
24.768,0.005380988121032715,29.300124630705103
24.768,0.005381941795349121,29.300124630705103
24.768,0.005381941795349121,29.300124630705103
24.768,0.005381345748901367,29.300124630705103
24.768,0.005381584167480469,29.300124630705103
24.768,0.005383849143981934,29.300124630705103
24.765,0.005383133888244629,29.208632215163277
24.765,0.005383133888244629,29.208632215163277
24.765,0.005383610725402832,29.208632215163277
24.765,0.005382895469665527,29.208632215163277
24.765,0.005381584167480469,29.208632215163277
24.765,0.005382657051086426,29.208632215163277
24.765,0.005383610725402832,28.878783523037253
24.765,0.005384683609008789,28.878783523037253
24.765,0.005385041236877441,28.878783523037253
24.765,0.005383729934692383,28.878783523037253
24.765,0.005383968353271484,28.878783523037253
24.765,0.005383491516113281,28.878783523037253
24.764,0.005384206771850586,28.386784014262112
24.764,0.005384325981140137,28.386784014262112
24.764,0.005383849143981934,28.386784014262112
24.764,0.0053844451904296875,28.386784014262112
24.764,0.005384087562561035,28.386784014262112
24.764,0.005383968353271484,28.386784014262112
24.761,0.005386233329772949,28.172823137062217
24.761,0.005385637283325195,28.172823137062217
24.761,0.005385637283325195,28.172823137062217
24.761,0.005385279655456543,28.172823137062217
24.761,0.005383968353271484,28.172823137062217
24.761,0.005383014678955078,28.172823137062217
24.762,0.0053855180740356445,28.04949796715727
24.762,0.0053865909576416016,28.04949796715727
24.762,0.005387067794799805,28.04949796715727
24.762,0.005386710166931152,28.04949796715727
24.762,0.005386710166931152,28.04949796715727
24.762,0.0053871870040893555,28.04949796715727
24.759,0.0053855180740356445,27.697502733075375
24.759,0.0053865909576416016,27.697502733075375
24.759,0.005386948585510254,27.697502733075375
24.759,0.005386948585510254,27.697502733075375
24.759,0.0053865909576416016,27.697502733075375
24.759,0.005388379096984863,27.697502733075375
24.76,0.005388021469116211,27.303676143967806
24.76,0.005388617515563965,27.303676143967806
24.76,0.005388975143432617,27.303676143967806
24.76,0.005387783050537109,27.303676143967806
24.76,0.005387425422668457,27.303676143967806
24.76,0.005387306213378906,27.303676143967806
24.758,0.0053882598876953125,27.209142449636445
24.758,0.0053893327713012695,27.209142449636445
24.758,0.005388855934143066,27.209142449636445
24.758,0.005388617515563965,27.209142449636445
24.758,0.005389094352722168,27.209142449636445
24.758,0.005389213562011719,27.209142449636445
24.756,0.005388736724853516,26.981168508859223
24.756,0.0053893327713012695,26.981168508859223
24.756,0.005389690399169922,26.981168508859223
24.756,0.0053910017013549805,26.981168508859223
24.756,0.0053904056549072266,26.981168508859223
24.756,0.005389809608459473,26.981168508859223
24.757,0.005393028259277344,26.591317710995007
24.757,0.005390048027038574,26.591317710995007
24.757,0.0053920745849609375,26.591317710995007
24.757,0.0053899288177490234,26.591317710995007
24.757,0.0053904056549072266,26.591317710995007
24.757,0.0053904056549072266,26.591317710995007
24.757,0.005391836166381836,26.57097578348954
24.757,0.005393028259277344,26.57097578348954
24.757,0.0053920745849609375,26.57097578348954
24.757,0.005391359329223633,26.57097578348954
24.757,0.005389690399169922,26.57097578348954
24.757,0.005392789840698242,26.57097578348954
24.756,0.005390048027038574,26.256289430994862
24.756,0.005392909049987793,26.256289430994862
24.756,0.005392313003540039,26.256289430994862
24.756,0.005390763282775879,26.256289430994862
24.756,0.005391478538513184,26.256289430994862
24.756,0.005392313003540039,26.256289430994862
24.752,0.005393505096435547,25.924314771164845
24.752,0.005393505096435547,25.924314771164845
24.752,0.005394458770751953,25.924314771164845
24.752,0.005393385887145996,25.924314771164845
24.752,0.005393505096435547,25.924314771164845
24.752,0.005393028259277344,25.924314771164845
24.749,0.005394101142883301,25.91375750954017
24.749,0.005395293235778809,25.91375750954017
24.749,0.005393266677856445,25.91375750954017
24.749,0.005392789840698242,25.91375750954017
24.749,0.005393505096435547,25.91375750954017
24.749,0.005394339561462402,25.91375750954017
24.749,0.00539553165435791,25.91375750954017
24.749,0.005394577980041504,25.563972822347488
24.749,0.005396008491516113,25.563972822347488
24.749,0.0053942203521728516,25.563972822347488
24.749,0.005394101142883301,25.563972822347488
24.749,0.0053942203521728516,25.563972822347488
24.749,0.0053958892822265625,25.563972822347488
24.747,0.005396246910095215,25.36843493744596
24.747,0.005395293235778809,25.36843493744596
24.747,0.005396008491516113,25.36843493744596
24.747,0.00539553165435791,25.36843493744596
24.747,0.0053969621658325195,25.36843493744596
24.747,0.005395650863647461,25.36843493744596
24.746,0.005396604537963867,25.085156033134666
24.746,0.005397319793701172,25.085156033134666
24.746,0.005397677421569824,25.085156033134666
24.746,0.005396246910095215,25.085156033134666
24.746,0.005396485328674316,25.085156033134666
24.746,0.005396008491516113,25.085156033134666
24.744,0.005397796630859375,24.989490131271943
24.744,0.005397319793701172,24.989490131271943
24.744,0.0053975582122802734,24.989490131271943
24.744,0.005396008491516113,24.989490131271943
24.744,0.005396485328674316,24.989490131271943
24.744,0.005397319793701172,24.989490131271943
24.744,0.005398273468017578,24.697159454345474
24.744,0.005397677421569824,24.697159454345474
24.744,0.005398154258728027,24.697159454345474
24.744,0.005398750305175781,24.697159454345474
24.744,0.005398750305175781,24.697159454345474
24.744,0.0053986310958862305,24.697159454345474
24.746,0.005399584770202637,24.756430516130898
24.746,0.0053986310958862305,24.756430516130898
24.746,0.0053997039794921875,24.756430516130898
24.746,0.005399584770202637,24.756430516130898
24.746,0.005398392677307129,24.756430516130898
24.746,0.005398750305175781,24.756430516130898
24.748,0.005399584770202637,24.258958254777625
24.748,0.005401253700256348,24.258958254777625
24.748,0.005400300025939941,24.258958254777625
24.748,0.0053997039794921875,24.258958254777625
24.748,0.005399942398071289,24.258958254777625
24.748,0.005400657653808594,24.258958254777625
24.746,0.005401134490966797,24.146257845375303
24.746,0.005400896072387695,24.146257845375303
24.746,0.005400180816650391,24.146257845375303
24.746,0.005401492118835449,24.146257845375303
24.746,0.005400180816650391,24.146257845375303
24.746,0.005400300025939941,24.146257845375303
24.747,0.0054007768630981445,23.87401844838628
24.747,0.005401492118835449,23.87401844838628
24.747,0.005401134490966797,23.87401844838628
24.747,0.005400657653808594,23.87401844838628
24.747,0.005401134490966797,23.87401844838628
24.747,0.005401015281677246,23.87401844838628
24.745,0.005401253700256348,23.739265096784578
24.745,0.005402326583862305,23.739265096784578
24.745,0.005402922630310059,23.739265096784578
24.745,0.005403399467468262,23.739265096784578
24.745,0.005400538444519043,23.739265096784578
24.745,0.0054018497467041016,23.739265096784578
24.743,0.005402803421020508,23.520657467850715
24.743,0.00540316104888916,23.520657467850715
24.743,0.005403280258178711,23.520657467850715
24.743,0.0054024457931518555,23.520657467850715
24.743,0.005403399467468262,23.520657467850715
24.743,0.005402922630310059,23.520657467850715
24.743,0.005402922630310059,23.259326348533634
24.743,0.005404353141784668,23.259326348533634
24.743,0.005405068397521973,23.259326348533634
24.743,0.005402565002441406,23.259326348533634
24.743,0.005402803421020508,23.259326348533634
24.743,0.005404353141784668,23.259326348533634
24.741,0.005404949188232422,22.98460056000195
24.741,0.005405306816101074,22.98460056000195
24.741,0.00540471076965332,22.98460056000195
24.741,0.005403041839599609,22.98460056000195
24.741,0.005404353141784668,22.98460056000195
24.741,0.0054051876068115234,22.98460056000195
24.739,0.005403757095336914,22.937155263200076
24.739,0.005404949188232422,22.937155263200076
24.739,0.005405306816101074,22.937155263200076
24.739,0.005406975746154785,22.937155263200076
24.739,0.005405783653259277,22.937155263200076
24.739,0.005405545234680176,22.937155263200076
24.739,0.0054062604904174805,22.837523940193794
24.739,0.0054056644439697266,22.837523940193794
24.739,0.005405306816101074,22.837523940193794
24.739,0.005406379699707031,22.837523940193794
24.739,0.0054056644439697266,22.837523940193794
24.739,0.0054062604904174805,22.837523940193794
24.739,0.005406618118286133,22.631799055769797
24.739,0.005406975746154785,22.631799055769797
24.739,0.005406856536865234,22.631799055769797
24.739,0.005408048629760742,22.631799055769797
24.739,0.005406618118286133,22.631799055769797
24.739,0.005406498908996582,22.631799055769797
24.737,0.005407810211181641,22.211339278195908
24.737,0.005408048629760742,22.211339278195908
24.737,0.005408048629760742,22.211339278195908
24.737,0.005407810211181641,22.211339278195908
24.737,0.005407571792602539,22.211339278195908
24.737,0.005407929420471191,22.211339278195908
24.738,0.005409121513366699,22.281963199463725
24.738,0.005408883094787598,22.281963199463725
24.738,0.0054094791412353516,22.281963199463725
24.738,0.005409836769104004,22.281963199463725
24.738,0.005409359931945801,22.281963199463725
24.738,0.005409121513366699,22.281963199463725
24.737,0.005409121513366699,22.11679314689605
24.737,0.005409955978393555,22.11679314689605
24.737,0.005410313606262207,22.11679314689605
24.737,0.005409121513366699,22.11679314689605
24.737,0.005408048629760742,22.11679314689605
24.737,0.005410313606262207,22.11679314689605
24.738,0.005410194396972656,21.658016200535428
24.738,0.005411386489868164,21.658016200535428
24.738,0.005410432815551758,21.658016200535428
24.738,0.005409359931945801,21.658016200535428
24.738,0.0054100751876831055,21.658016200535428
24.738,0.00540924072265625,21.658016200535428
24.736,0.0054111480712890625,21.53112371808608
24.736,0.005411624908447266,21.53112371808608
24.736,0.005409598350524902,21.53112371808608
24.736,0.005410909652709961,21.53112371808608
24.736,0.00541234016418457,21.53112371808608
24.736,0.005411982536315918,21.53112371808608
24.731,0.005411028861999512,21.142184163582705
24.731,0.005412101745605469,21.142184163582705
24.731,0.005411505699157715,21.142184163582705
24.731,0.005410671234130859,21.142184163582705
24.731,0.0054111480712890625,21.142184163582705
24.731,0.005413055419921875,21.142184163582705
24.73,0.005413532257080078,21.4310014888312
24.73,0.005413532257080078,21.4310014888312
24.73,0.005412578582763672,21.4310014888312
24.73,0.005411744117736816,21.4310014888312
24.73,0.005411028861999512,21.4310014888312
24.73,0.0054122209548950195,21.4310014888312
24.731,0.005411863327026367,20.793464592289336
24.731,0.0054132938385009766,20.793464592289336
24.731,0.005412101745605469,20.793464592289336
24.731,0.005411982536315918,20.793464592289336
24.731,0.00541377067565918,20.793464592289336
24.731,0.005412936210632324,20.793464592289336
24.731,0.005415439605712891,20.785834209677184
24.731,0.0054128170013427734,20.785834209677184
24.731,0.005413532257080078,20.785834209677184
24.731,0.005414009094238281,20.785834209677184
24.731,0.005414366722106934,20.785834209677184
24.731,0.005414724349975586,20.785834209677184
24.731,0.005413055419921875,20.785834209677184
24.731,0.0054149627685546875,20.732495437759333
24.731,0.005414128303527832,20.732495437759333
24.731,0.005414009094238281,20.732495437759333
24.731,0.0054138898849487305,20.732495437759333
24.731,0.005413174629211426,20.732495437759333
24.731,0.005414605140686035,20.732495437759333
24.734,0.005414605140686035,20.490930630505055
24.734,0.005414724349975586,20.490930630505055
24.734,0.005414724349975586,20.490930630505055
24.734,0.005414128303527832,20.490930630505055
24.734,0.0054166316986083984,20.490930630505055
24.734,0.005415558815002441,20.490930630505055
24.733,0.0054149627685546875,20.34564326921564
24.733,0.005416154861450195,20.34564326921564
24.733,0.005415916442871094,20.34564326921564
24.733,0.005415439605712891,20.34564326921564
24.733,0.005414843559265137,20.34564326921564
24.733,0.0054166316986083984,20.34564326921564
24.735,0.005417943000793457,20.163508803721623
24.735,0.005415916442871094,20.163508803721623
24.735,0.0054160356521606445,20.163508803721623
24.735,0.005415439605712891,20.163508803721623
24.735,0.005415201187133789,20.163508803721623
24.735,0.005416393280029297,20.163508803721623
24.735,0.0054177045822143555,20.062148289259607
24.735,0.005417346954345703,20.062148289259607
24.735,0.005419015884399414,20.062148289259607
24.735,0.0054177045822143555,20.062148289259607
24.735,0.005418062210083008,20.062148289259607
24.735,0.0054177045822143555,20.062148289259607
24.732,0.005418062210083008,19.97629855683184
24.732,0.005418658256530762,19.97629855683184
24.732,0.005417466163635254,19.97629855683184
24.732,0.005417943000793457,19.97629855683184
24.732,0.005418181419372559,19.97629855683184
24.732,0.0054187774658203125,19.97629855683184
24.73,0.005418658256530762,19.533226470024083
24.73,0.005419373512268066,19.533226470024083
24.73,0.005419015884399414,19.533226470024083
24.73,0.005417823791503906,19.533226470024083
24.73,0.005418062210083008,19.533226470024083
24.73,0.005417823791503906,19.533226470024083
24.726,0.0054171085357666016,19.424587903465444
24.726,0.005419611930847168,19.424587903465444
24.726,0.005418896675109863,19.424587903465444
24.726,0.0054198503494262695,19.424587903465444
24.726,0.005418658256530762,19.424587903465444
24.726,0.005419015884399414,19.424587903465444
24.722,0.005420684814453125,19.257045436793327
24.722,0.005420207977294922,19.257045436793327
24.722,0.005419731140136719,19.257045436793327
24.722,0.005420207977294922,19.257045436793327
24.722,0.00541841983795166,19.257045436793327
24.722,0.005421161651611328,19.257045436793327
24.725,0.005420327186584473,19.12724460570103
24.725,0.00541996955871582,19.12724460570103
24.725,0.005420684814453125,19.12724460570103
24.725,0.005421996116638184,19.12724460570103
24.725,0.005420207977294922,19.12724460570103
24.725,0.005420088768005371,19.12724460570103
24.725,0.005421280860900879,18.883912370181704
24.725,0.005420804023742676,18.883912370181704
24.725,0.005420684814453125,18.883912370181704
24.725,0.005421757698059082,18.883912370181704
24.725,0.005421638488769531,18.883912370181704
24.725,0.0054204463958740234,18.883912370181704
24.725,0.005422472953796387,18.695255004512898
24.725,0.005423545837402344,18.695255004512898
24.725,0.0054225921630859375,18.695255004512898
24.725,0.0054209232330322266,18.695255004512898
24.725,0.005421161651611328,18.695255004512898
24.725,0.005422353744506836,18.695255004512898
24.725,0.005423426628112793,18.653125300626854
24.725,0.0054236650466918945,18.653125300626854
24.725,0.005423069000244141,18.653125300626854
24.725,0.0054225921630859375,18.653125300626854
24.725,0.005422830581665039,18.653125300626854
24.725,0.005422472953796387,18.653125300626854
24.723,0.0054236650466918945,18.563676741534827
24.723,0.005421996116638184,18.563676741534827
24.723,0.005423069000244141,18.563676741534827
24.723,0.005423545837402344,18.563676741534827
24.723,0.005423307418823242,18.563676741534827
24.723,0.005422472953796387,18.563676741534827
24.719,0.005424022674560547,18.52309368919183
24.719,0.005424022674560547,18.52309368919183
24.719,0.005425691604614258,18.52309368919183
24.719,0.005423188209533691,18.52309368919183
24.719,0.005425572395324707,18.52309368919183
24.719,0.005424857139587402,18.52309368919183
24.719,0.00542604923248291,18.31084535844486
24.719,0.005424022674560547,18.31084535844486
24.719,0.005424141883850098,18.31084535844486
24.719,0.0054247379302978516,18.31084535844486
24.719,0.005423784255981445,18.31084535844486
24.719,0.0054253339767456055,18.31084535844486
24.718,0.005425810813903809,18.10220366394616
24.718,0.005424380302429199,18.10220366394616
24.718,0.005425214767456055,18.10220366394616
24.718,0.005425214767456055,18.10220366394616
24.718,0.0054247379302978516,18.10220366394616
24.718,0.00542449951171875,18.10220366394616
24.718,0.005425095558166504,18.085775457892595
24.718,0.005425214767456055,18.085775457892595
24.718,0.005425810813903809,18.085775457892595
24.718,0.005425810813903809,18.085775457892595
24.718,0.0054247379302978516,18.085775457892595
24.718,0.005425810813903809,18.085775457892595
24.719,0.005426764488220215,17.795056645810217
24.719,0.005425691604614258,17.795056645810217
24.719,0.0054280757904052734,17.795056645810217
24.719,0.005427122116088867,17.795056645810217
24.719,0.005426645278930664,17.795056645810217
24.719,0.00542604923248291,17.795056645810217
24.72,0.005427837371826172,17.589614194304076
24.72,0.005426764488220215,17.589614194304076
24.72,0.005428314208984375,17.589614194304076
24.72,0.005427360534667969,17.589614194304076
24.72,0.00542759895324707,17.589614194304076
24.72,0.005426883697509766,17.589614194304076
24.718,0.005427718162536621,17.367623830839026
24.718,0.005427360534667969,17.367623830839026
24.718,0.005426764488220215,17.367623830839026
24.718,0.0054280757904052734,17.367623830839026
24.718,0.00542902946472168,17.367623830839026
24.718,0.005427360534667969,17.367623830839026
24.719,0.005427122116088867,17.366818962770665
24.719,0.0054285526275634766,17.366818962770665
24.719,0.005428671836853027,17.366818962770665
24.719,0.005427837371826172,17.366818962770665
24.719,0.0054274797439575195,17.366818962770665
24.719,0.005428433418273926,17.366818962770665
24.719,0.005428671836853027,17.29384384758111
24.719,0.005429506301879883,17.29384384758111
24.719,0.005428791046142578,17.29384384758111
24.719,0.005427837371826172,17.29384384758111
24.719,0.0054291486740112305,17.29384384758111
24.719,0.0054285526275634766,17.29384384758111
24.719,0.005429267883300781,17.054907784419346
24.719,0.0054291486740112305,17.054907784419346
24.719,0.005428791046142578,17.054907784419346
24.719,0.0054291486740112305,17.054907784419346
24.719,0.005430340766906738,17.054907784419346
24.719,0.005430340766906738,17.054907784419346
24.716,0.0054318904876708984,16.755933242766496
24.716,0.0054302215576171875,16.755933242766496
24.716,0.005429267883300781,16.755933242766496
24.716,0.005431175231933594,16.755933242766496
24.716,0.005428910255432129,16.755933242766496
24.716,0.005428910255432129,16.755933242766496
24.716,0.005430340766906738,16.755933242766496
24.714,0.0054318904876708984,16.66982693580374
24.714,0.005430936813354492,16.66982693580374
24.714,0.005430340766906738,16.66982693580374
24.714,0.005429863929748535,16.66982693580374
24.714,0.0054312944412231445,16.66982693580374
24.714,0.005430817604064941,16.66982693580374
24.714,0.005433320999145508,16.498549897360444
24.714,0.005429625511169434,16.498549897360444
24.714,0.005431413650512695,16.498549897360444
24.714,0.0054312944412231445,16.498549897360444
24.714,0.00543212890625,16.498549897360444
24.714,0.005431771278381348,16.498549897360444
24.713,0.0054312944412231445,16.460323722538757
24.713,0.005432605743408203,16.460323722538757
24.713,0.005431175231933594,16.460323722538757
24.713,0.005431532859802246,16.460323722538757
24.713,0.005432724952697754,16.460323722538757
24.713,0.005432486534118652,16.460323722538757
24.712,0.00543367862701416,16.283224078932307
24.712,0.005433320999145508,16.283224078932307
24.712,0.0054312944412231445,16.283224078932307
24.712,0.005431532859802246,16.283224078932307
24.714,0.005433082580566406,16.28925726310065
24.714,0.005432724952697754,16.28925726310065
24.714,0.005433559417724609,16.28925726310065
24.714,0.005433917045593262,16.28925726310065
24.714,0.005434513092041016,16.28925726310065
24.714,0.005432844161987305,16.28925726310065
24.714,0.005433320999145508,16.028647489439766
24.714,0.005434989929199219,16.028647489439766
24.714,0.005433320999145508,16.028647489439766
24.714,0.005434751510620117,16.028647489439766
24.714,0.005433797836303711,16.028647489439766
24.714,0.00543367862701416,16.028647489439766
24.714,0.005435585975646973,15.795238679930284
24.714,0.005433917045593262,15.795238679930284
24.714,0.005433917045593262,15.795238679930284
24.714,0.005433559417724609,15.795238679930284
24.714,0.005434632301330566,15.795238679930284
24.714,0.005434393882751465,15.795238679930284
24.715,0.005434393882751465,15.879823134385617
24.715,0.005435466766357422,15.879823134385617
24.715,0.005434751510620117,15.879823134385617
24.715,0.005434870719909668,15.879823134385617
24.715,0.005433559417724609,15.879823134385617
24.715,0.005435347557067871,15.879823134385617
24.712,0.00543522834777832,15.605708276237996
24.712,0.005435824394226074,15.605708276237996
24.712,0.005436897277832031,15.605708276237996
24.712,0.005434393882751465,15.605708276237996
24.712,0.00543522834777832,15.605708276237996
24.712,0.005435824394226074,15.605708276237996
24.709,0.005434989929199219,15.815935184126173
24.709,0.005435585975646973,15.815935184126173
24.709,0.005436301231384277,15.815935184126173
24.709,0.005436897277832031,15.815935184126173
24.709,0.00543522834777832,15.815935184126173
24.709,0.005434751510620117,15.815935184126173
24.71,0.005436420440673828,15.23445888130497
24.71,0.005437135696411133,15.23445888130497
24.71,0.0054357051849365234,15.23445888130497
24.71,0.005436420440673828,15.23445888130497
24.71,0.005437493324279785,15.23445888130497
24.71,0.005435824394226074,15.23445888130497
24.708,0.005436062812805176,15.03066377525466
24.708,0.005436539649963379,15.03066377525466
24.708,0.0054367780685424805,15.03066377525466
24.708,0.005436062812805176,15.03066377525466
24.708,0.005437254905700684,15.03066377525466
24.708,0.005437970161437988,15.03066377525466
24.708,0.0054378509521484375,15.039191507705503
24.708,0.005436420440673828,15.039191507705503
24.708,0.005439162254333496,15.039191507705503
24.708,0.005438089370727539,15.039191507705503
24.708,0.005438685417175293,15.039191507705503
24.708,0.005438327789306641,15.039191507705503
24.709,0.005437731742858887,15.109987060972351
24.709,0.005437612533569336,15.109987060972351
24.709,0.005437493324279785,15.109987060972351
24.709,0.005437731742858887,15.109987060972351
24.709,0.005439043045043945,15.109987060972351
24.709,0.005437135696411133,15.109987060972351
24.707,0.005437731742858887,14.654356996665523
24.707,0.005438685417175293,14.654356996665523
24.707,0.0054389238357543945,14.654356996665523
24.707,0.005438327789306641,14.654356996665523
24.707,0.005439162254333496,14.654356996665523
24.707,0.005438685417175293,14.654356996665523
24.704,0.005437970161437988,14.660867441430046
24.704,0.005439043045043945,14.660867441430046
24.704,0.0054395198822021484,14.660867441430046
24.704,0.005438804626464844,14.660867441430046
24.704,0.005439162254333496,14.660867441430046
24.704,0.005438804626464844,14.660867441430046
24.705,0.005439162254333496,14.446217172078548
24.705,0.005438804626464844,14.446217172078548
24.705,0.005439043045043945,14.446217172078548
24.705,0.0054395198822021484,14.446217172078548
24.705,0.0054395198822021484,14.446217172078548
24.705,0.005440115928649902,14.446217172078548
24.707,0.005438804626464844,14.625236719294078
24.707,0.005440235137939453,14.625236719294078
24.707,0.005440950393676758,14.625236719294078
24.707,0.005442261695861816,14.625236719294078
24.707,0.005440354347229004,14.625236719294078
24.707,0.005441904067993164,14.625236719294078
24.704,0.00543975830078125,14.57170397183964
24.704,0.005440235137939453,14.57170397183964
24.704,0.005439639091491699,14.57170397183964
24.704,0.00543975830078125,14.57170397183964
24.704,0.005438685417175293,14.57170397183964
24.704,0.00544130802154541,14.57170397183964
24.703,0.005441069602966309,14.217080941612501
24.703,0.005441546440124512,14.217080941612501
24.703,0.005441069602966309,14.217080941612501
24.703,0.005441546440124512,14.217080941612501
24.703,0.0054427385330200195,14.217080941612501
24.703,0.00544130802154541,14.217080941612501
24.703,0.005442142486572266,14.117274603015503
24.703,0.005442261695861816,14.117274603015503
24.703,0.005441904067993164,14.117274603015503
24.703,0.0054416656494140625,14.117274603015503
24.703,0.005443215370178223,14.117274603015503
24.703,0.005441784858703613,14.117274603015503
24.703,0.005442261695861816,14.017045402087529
24.703,0.005442023277282715,14.017045402087529
24.703,0.0054416656494140625,14.017045402087529
24.703,0.005441784858703613,14.017045402087529
24.703,0.0054416656494140625,14.017045402087529
24.703,0.005440831184387207,14.017045402087529
24.706,0.00544285774230957,13.779221006832728
24.706,0.0054433345794677734,13.779221006832728
24.706,0.005443215370178223,13.779221006832728
24.706,0.00544285774230957,13.779221006832728
24.706,0.005442261695861816,13.779221006832728
24.706,0.005443096160888672,13.779221006832728
24.706,0.005442142486572266,13.779221006832728
24.709,0.0054433345794677734,13.83101682387445
24.709,0.005443930625915527,13.83101682387445
24.709,0.005442261695861816,13.83101682387445
24.709,0.005443215370178223,13.83101682387445
24.709,0.005443930625915527,13.83101682387445
24.709,0.005443215370178223,13.83101682387445
24.708,0.005443453788757324,13.641657026065605
24.708,0.005443692207336426,13.641657026065605
24.708,0.005443692207336426,13.641657026065605
24.708,0.005443692207336426,13.641657026065605
24.708,0.0054427385330200195,13.641657026065605
24.708,0.00544428825378418,13.641657026065605
24.706,0.005443692207336426,13.347614257637618
24.706,0.00544428825378418,13.347614257637618
24.706,0.005445241928100586,13.347614257637618
24.706,0.005444884300231934,13.347614257637618
24.706,0.005443930625915527,13.347614257637618
24.706,0.00544428825378418,13.347614257637618
24.705,0.005445003509521484,13.217868698353714
24.705,0.005444526672363281,13.217868698353714
24.705,0.005443930625915527,13.217868698353714
24.705,0.005444884300231934,13.217868698353714
24.705,0.005444526672363281,13.217868698353714
24.705,0.0054444074630737305,13.217868698353714
24.701,0.00544583797454834,13.325599813799824
24.701,0.005444169044494629,13.325599813799824
24.701,0.005445361137390137,13.325599813799824
24.701,0.005444884300231934,13.325599813799824
24.701,0.005445599555969238,13.325599813799824
24.701,0.005444645881652832,13.325599813799824
24.701,0.005446195602416992,13.218653405167991
24.701,0.005445241928100586,13.218653405167991
24.701,0.005444765090942383,13.218653405167991
24.701,0.005444765090942383,13.218653405167991
24.701,0.0054454803466796875,13.218653405167991
24.701,0.005445361137390137,13.218653405167991
24.697,0.005445122718811035,13.117432977164697
24.697,0.005445241928100586,13.117432977164697
24.697,0.005446195602416992,13.117432977164697
24.697,0.005446076393127441,13.117432977164697
24.697,0.005445599555969238,13.117432977164697
24.697,0.005446672439575195,13.117432977164697
24.697,0.0054454803466796875,12.71609421302873
24.697,0.005445241928100586,12.71609421302873
24.697,0.005446434020996094,12.71609421302873
24.697,0.005446195602416992,12.71609421302873
24.697,0.005445122718811035,12.71609421302873
24.697,0.00544583797454834,12.71609421302873
24.697,0.0054471492767333984,12.815507006512373
24.697,0.005448460578918457,12.815507006512373
24.697,0.005444884300231934,12.815507006512373
24.697,0.0054471492767333984,12.815507006512373
24.697,0.005445957183837891,12.815507006512373
24.697,0.0054476261138916016,12.815507006512373
24.696,0.005446434020996094,12.494902719361582
24.696,0.005446791648864746,12.494902719361582
24.696,0.005446672439575195,12.494902719361582
24.696,0.0054471492767333984,12.494902719361582
24.696,0.005446910858154297,12.494902719361582
24.696,0.0054473876953125,12.494902719361582
24.695,0.005447864532470703,12.702131203016718
24.695,0.005448698997497559,12.702131203016718
24.695,0.005448818206787109,12.702131203016718
24.695,0.005446672439575195,12.702131203016718
24.695,0.0054471492767333984,12.702131203016718
24.695,0.0054471492767333984,12.702131203016718
24.696,0.0054473876953125,12.534927177355067
24.696,0.005448460578918457,12.534927177355067
24.696,0.0054492950439453125,12.534927177355067
24.696,0.005446910858154297,12.534927177355067
24.696,0.005449533462524414,12.534927177355067
24.696,0.005449771881103516,12.534927177355067
24.696,0.005447983741760254,12.214446644704983
24.696,0.005448102951049805,12.214446644704983
24.696,0.005448460578918457,12.214446644704983
24.696,0.005449175834655762,12.214446644704983
24.696,0.005448102951049805,12.214446644704983
24.696,0.005449175834655762,12.214446644704983
24.694,0.00544893741607666,12.25887837602943
24.694,0.005448818206787109,12.25887837602943
24.694,0.00544893741607666,12.25887837602943
24.694,0.005448698997497559,12.25887837602943
24.694,0.005449056625366211,12.25887837602943
24.694,0.005447745323181152,12.25887837602943
24.694,0.005449533462524414,12.130504000243498
24.694,0.005449533462524414,12.130504000243498
24.694,0.005449175834655762,12.130504000243498
24.694,0.005450725555419922,12.130504000243498
24.694,0.00545048713684082,12.130504000243498
24.694,0.005448818206787109,12.130504000243498
24.694,0.005450725555419922,12.008549752065651
24.694,0.005449175834655762,12.008549752065651
24.694,0.005450129508972168,12.008549752065651
24.694,0.005451560020446777,12.008549752065651
24.695,0.00545048713684082,12.093734329779927
24.695,0.005450010299682617,12.093734329779927
24.695,0.005451083183288574,12.093734329779927
24.695,0.005449652671813965,12.093734329779927
24.695,0.005449533462524414,12.093734329779927
24.695,0.005449891090393066,12.093734329779927
24.693,0.0054514408111572266,11.947390276444578
24.693,0.00544893741607666,11.947390276444578
24.693,0.005450010299682617,11.947390276444578
24.693,0.00545048713684082,11.947390276444578
24.693,0.005450725555419922,11.947390276444578
24.693,0.005450844764709473,11.947390276444578
24.692,0.005451560020446777,11.535770572653453
24.692,0.005450606346130371,11.535770572653453
24.692,0.00545048713684082,11.535770572653453
24.692,0.0054503679275512695,11.535770572653453
24.692,0.005451798439025879,11.535770572653453
24.692,0.005450129508972168,11.535770572653453
24.691,0.005452156066894531,11.440698205040444
24.691,0.00545191764831543,11.440698205040444
24.691,0.005451798439025879,11.440698205040444
24.691,0.005451560020446777,11.440698205040444
24.691,0.005451083183288574,11.440698205040444
24.691,0.005449771881103516,11.440698205040444
24.692,0.00545191764831543,11.235946334298141
24.692,0.005451321601867676,11.235946334298141
24.692,0.0054520368576049805,11.235946334298141
24.692,0.005452632904052734,11.235946334298141
24.692,0.005451083183288574,11.235946334298141
24.692,0.005451560020446777,11.235946334298141
24.69,0.005452752113342285,11.232388149240817
24.69,0.0054520368576049805,11.232388149240817
24.69,0.005452752113342285,11.232388149240817
24.69,0.005452871322631836,11.232388149240817
24.69,0.0054520368576049805,11.232388149240817
24.69,0.005452513694763184,11.232388149240817
24.689,0.005453228950500488,11.211294637442656
24.689,0.0054531097412109375,11.211294637442656
24.689,0.005452513694763184,11.211294637442656
24.689,0.005452990531921387,11.211294637442656
24.689,0.00545346736907959,11.211294637442656
24.689,0.005452513694763184,11.211294637442656
24.688,0.005452752113342285,11.100777790395785
24.688,0.005452871322631836,11.100777790395785
24.688,0.00545346736907959,11.100777790395785
24.688,0.005453705787658691,11.100777790395785
24.688,0.005451560020446777,11.100777790395785
24.688,0.005452990531921387,11.100777790395785
24.688,0.005453705787658691,10.95197583516061
24.688,0.005451798439025879,10.95197583516061
24.688,0.005452990531921387,10.95197583516061
24.688,0.005453348159790039,10.95197583516061
24.688,0.005453824996948242,10.95197583516061
24.688,0.005454540252685547,10.95197583516061
24.687,0.005454659461975098,10.915376807863685
24.687,0.005453944206237793,10.915376807863685
24.687,0.005453586578369141,10.915376807863685
24.687,0.0054541826248168945,10.915376807863685
24.687,0.005452394485473633,10.915376807863685
24.687,0.005452632904052734,10.915376807863685
24.687,0.0054531097412109375,10.915376807863685
24.685,0.005453348159790039,10.708831063995477
24.685,0.005453944206237793,10.708831063995477
24.685,0.00545501708984375,10.708831063995477
24.685,0.005453944206237793,10.708831063995477
24.685,0.00545501708984375,10.708831063995477
24.685,0.005454063415527344,10.708831063995477
24.688,0.005454301834106445,10.759793944438194
24.688,0.005455493927001953,10.759793944438194
24.688,0.005454301834106445,10.759793944438194
24.688,0.005453228950500488,10.759793944438194
24.688,0.005454540252685547,10.759793944438194
24.688,0.005454301834106445,10.759793944438194
24.691,0.005455374717712402,10.580506347409093
24.691,0.00545501708984375,10.580506347409093
24.691,0.005454540252685547,10.580506347409093
24.691,0.005453228950500488,10.580506347409093
24.691,0.0054547786712646484,10.580506347409093
24.691,0.005455374717712402,10.580506347409093
24.692,0.005455136299133301,10.416976970730817
24.692,0.0054552555084228516,10.416976970730817
24.692,0.005453824996948242,10.416976970730817
24.692,0.005455493927001953,10.416976970730817
24.692,0.005456447601318359,10.416976970730817
24.692,0.005454421043395996,10.416976970730817
24.693,0.005454659461975098,10.40909562507483
24.693,0.005456686019897461,10.40909562507483
24.693,0.00545501708984375,10.40909562507483
24.693,0.005456805229187012,10.40909562507483
24.693,0.005454421043395996,10.40909562507483
24.693,0.005456209182739258,10.40909562507483
24.693,0.005457520484924316,10.38429866208593
24.693,0.005455613136291504,10.38429866208593
24.693,0.005456805229187012,10.38429866208593
24.693,0.005455970764160156,10.38429866208593
24.693,0.005455970764160156,10.38429866208593
24.693,0.0054569244384765625,10.38429866208593
24.693,0.005456328392028809,10.192677933409083
24.693,0.0054569244384765625,10.192677933409083
24.693,0.005457043647766113,10.192677933409083
24.693,0.005455374717712402,10.192677933409083
24.693,0.005457639694213867,10.192677933409083
24.693,0.005456209182739258,10.192677933409083
24.69,0.005455970764160156,9.950725872956902
24.69,0.005455970764160156,9.950725872956902
24.69,0.005456209182739258,9.950725872956902
24.69,0.005455970764160156,9.950725872956902
24.69,0.005457043647766113,9.950725872956902
24.69,0.005456447601318359,9.950725872956902
24.69,0.0054579973220825195,10.196036804290705
24.69,0.005456805229187012,10.196036804290705
24.69,0.005457878112792969,10.196036804290705
24.69,0.005457282066345215,10.196036804290705
24.69,0.005456805229187012,10.196036804290705
24.688,0.005457639694213867,9.807111568979717
24.688,0.005458474159240723,9.807111568979717
24.688,0.005458474159240723,9.807111568979717
24.688,0.005456328392028809,9.807111568979717
24.688,0.0054569244384765625,9.807111568979717
24.688,0.005458950996398926,9.807111568979717
24.686,0.005457639694213867,9.799283645184726
24.686,0.005458354949951172,9.799283645184726
24.686,0.005457878112792969,9.799283645184726
24.686,0.005457282066345215,9.799283645184726
24.686,0.005457758903503418,9.799283645184726
24.686,0.005458474159240723,9.799283645184726
24.686,0.005458831787109375,9.530378329074512
24.686,0.005458354949951172,9.530378329074512
24.686,0.0054569244384765625,9.530378329074512
24.686,0.0054590702056884766,9.530378329074512
24.686,0.005459427833557129,9.530378329074512
24.686,0.005458354949951172,9.530378329074512
24.686,0.005459427833557129,9.685500002695267
24.686,0.005458474159240723,9.685500002695267
24.686,0.00545811653137207,9.685500002695267
24.686,0.005457520484924316,9.685500002695267
24.686,0.00545954704284668,9.685500002695267
24.689,0.0054579973220825195,9.66308025539963
24.689,0.005458354949951172,9.66308025539963
24.689,0.005459308624267578,9.66308025539963
24.689,0.005457878112792969,9.66308025539963
24.689,0.005459427833557129,9.66308025539963
24.689,0.0054590702056884766,9.66308025539963
24.69,0.005460023880004883,9.440684067911151
24.69,0.005458950996398926,9.440684067911151
24.69,0.005460858345031738,9.440684067911151
24.69,0.0054590702056884766,9.440684067911151
24.69,0.00545954704284668,9.440684067911151
24.69,0.00545954704284668,9.440684067911151
24.687,0.005459427833557129,8.968842238177672
24.687,0.005460023880004883,8.968842238177672
24.687,0.005458474159240723,8.968842238177672
24.687,0.005458950996398926,8.968842238177672
24.687,0.005458950996398926,8.968842238177672
24.687,0.005459904670715332,8.968842238177672
24.686,0.0054596662521362305,9.10683166610467
24.686,0.0054607391357421875,9.10683166610467
24.686,0.00546109676361084,9.10683166610467
24.686,0.005460262298583984,9.10683166610467
24.686,0.005459785461425781,9.10683166610467
24.686,0.005460619926452637,9.10683166610467
24.682,0.005460500717163086,8.913567613353111
24.682,0.005460858345031738,8.913567613353111
24.682,0.005460977554321289,8.913567613353111
24.682,0.005459785461425781,8.913567613353111
24.682,0.005461454391479492,8.913567613353111
24.682,0.0054618120193481445,8.913567613353111
24.688,0.005460977554321289,9.117937498992287
24.688,0.0054607391357421875,9.117937498992287
24.688,0.00545954704284668,9.117937498992287
24.688,0.005459904670715332,9.117937498992287
24.688,0.005460262298583984,9.117937498992287
24.688,0.005460977554321289,9.117937498992287
24.689,0.005460858345031738,8.76078308768894
24.689,0.005460619926452637,8.76078308768894
24.689,0.005462288856506348,8.76078308768894
24.689,0.005461335182189941,8.76078308768894
24.689,0.005460858345031738,8.76078308768894
24.689,0.005462050437927246,8.76078308768894
24.691,0.005461454391479492,8.833661802647594
24.691,0.005461454391479492,8.833661802647594
24.691,0.005462169647216797,8.833661802647594
24.691,0.005460858345031738,8.833661802647594
24.691,0.005461454391479492,8.833661802647594
24.688,0.005462169647216797,8.777036873285311
24.688,0.005460023880004883,8.777036873285311
24.688,0.005461454391479492,8.777036873285311
24.688,0.0054607391357421875,8.777036873285311
24.688,0.005461335182189941,8.777036873285311
24.688,0.005460619926452637,8.777036873285311
24.688,0.005461931228637695,8.674814592281262
24.688,0.0054624080657958984,8.674814592281262
24.688,0.005463242530822754,8.674814592281262
24.688,0.005461692810058594,8.674814592281262
24.688,0.0054618120193481445,8.674814592281262
24.685,0.005462169647216797,8.625174059848371
24.685,0.0054618120193481445,8.625174059848371
24.685,0.005461573600769043,8.625174059848371
24.685,0.005462169647216797,8.625174059848371
24.685,0.005463242530822754,8.625174059848371
24.684,0.005462527275085449,8.412429240522416
24.684,0.005462646484375,8.412429240522416
24.684,0.005461931228637695,8.412429240522416
24.684,0.005465507507324219,8.412429240522416
24.684,0.005460977554321289,8.412429240522416
24.684,0.005461931228637695,8.412429240522416
24.679,0.005463361740112305,8.294090898426404
24.679,0.005463361740112305,8.294090898426404
24.679,0.005461692810058594,8.294090898426404
24.678,0.0054634809494018555,8.400651579407649
24.678,0.005463838577270508,8.400651579407649
24.678,0.005462646484375,8.400651579407649
24.678,0.005464076995849609,8.400651579407649
24.678,0.0054628849029541016,8.400651579407649
24.676,0.00546419620513916,8.105233842819644
24.676,0.005464315414428711,8.105233842819644
24.676,0.005463957786560059,8.105233842819644
24.676,0.005463957786560059,8.105233842819644
24.676,0.005462288856506348,8.105233842819644
24.678,0.005463361740112305,7.90534680033826
24.678,0.005463361740112305,7.90534680033826
24.678,0.00546419620513916,7.90534680033826
24.678,0.005463242530822754,7.90534680033826
24.678,0.005462169647216797,7.90534680033826
24.68,0.005464315414428711,7.991318430282439
24.68,0.005465507507324219,7.991318430282439
24.68,0.005464315414428711,7.991318430282439
24.68,0.005463719367980957,7.991318430282439
24.68,0.005463600158691406,7.991318430282439
24.68,0.005464315414428711,7.991318430282439
24.682,0.005465269088745117,7.9286455803770455
24.682,0.005465388298034668,7.9286455803770455
24.682,0.005464076995849609,7.9286455803770455
24.682,0.005465149879455566,7.9286455803770455
24.682,0.005464315414428711,7.9286455803770455
24.682,0.0054645538330078125,7.8563119472775425
24.682,0.005466580390930176,7.8563119472775425
24.682,0.005465388298034668,7.573185937306347
24.682,0.005464911460876465,7.573185937306347
24.682,0.005466103553771973,7.573185937306347
24.682,0.005464673042297363,7.573185937306347
24.682,0.005465507507324219,7.573185937306347
24.68,0.005464911460876465,7.56791117613061
24.68,0.005465865135192871,7.56791117613061
24.68,0.005466580390930176,7.56791117613061
24.68,0.005465149879455566,7.56791117613061
24.68,0.005465507507324219,7.56791117613061
24.68,0.0054672956466674805,7.468629720774889
24.68,0.005466103553771973,7.468629720774889
24.68,0.005465507507324219,7.468629720774889
24.68,0.005466938018798828,7.468629720774889
24.68,0.00546717643737793,7.468629720774889
24.679,0.005466103553771973,7.5264722130418855
24.679,0.005466103553771973,7.5264722130418855
24.679,0.005465507507324219,7.5264722130418855
24.679,0.005466580390930176,7.5264722130418855
24.68,0.0054662227630615234,7.475214551018413
24.68,0.0054666996002197266,7.475214551018413
24.683,0.005466461181640625,7.223164772629328
24.683,0.005466461181640625,7.223164772629328
24.683,0.005467653274536133,7.223164772629328
24.683,0.005467772483825684,7.223164772629328
24.686,0.005466818809509277,7.325683279281602
24.686,0.00546717643737793,7.325683279281602
24.686,0.005468249320983887,7.325683279281602
24.686,0.005467534065246582,7.325683279281602
24.684,0.005467653274536133,7.048622684676921
24.684,0.005467534065246582,7.048622684676921
24.684,0.005467534065246582,7.048622684676921
24.684,0.005468487739562988,7.048622684676921
24.684,0.0054683685302734375,7.048622684676921
24.683,0.0054683685302734375,7.208961063535769
24.683,0.005468487739562988,7.208961063535769
24.683,0.005466580390930176,7.208961063535769
24.683,0.005468249320983887,6.9705888660788995
24.683,0.005467653274536133,6.9705888660788995
24.683,0.005467653274536133,6.9705888660788995
24.683,0.005470156669616699,6.9705888660788995
24.681,0.005468606948852539,6.851942947301714
24.681,0.005467772483825684,6.851942947301714
24.681,0.005468010902404785,6.851942947301714
24.675,0.005468606948852539,6.67279723045378
24.675,0.005470156669616699,6.67279723045378
24.675,0.005467653274536133,6.67279723045378
24.675,0.005468010902404785,6.67279723045378
24.675,0.005468010902404785,6.718384631884772
24.675,0.005468845367431641,6.718384631884772
24.675,0.005468606948852539,6.718384631884772
24.676,0.0054672956466674805,6.688413430798696
24.676,0.005469202995300293,6.688413430798696
24.676,0.005468964576721191,6.688413430798696
24.676,0.005468964576721191,6.688413430798696
24.677,0.005468487739562988,6.5358810708465915
24.677,0.005468964576721191,6.5358810708465915
24.677,0.005468606948852539,6.5358810708465915
24.677,0.005469083786010742,6.5358810708465915
24.677,0.005469679832458496,6.5358810708465915
24.679,0.005469560623168945,6.511468304968982
24.679,0.0054694414138793945,6.511468304968982
24.68,0.005468964576721191,6.388003066745026
24.678,0.005471348762512207,6.2977682975444855
24.678,0.005469918251037598,6.2977682975444855
24.678,0.005471348762512207,6.2977682975444855
24.678,0.005470395088195801,6.2977682975444855
24.677,0.005471467971801758,6.230039567784471
24.677,0.005471229553222656,6.230039567784471
24.677,0.0054705142974853516,6.235043454037332
24.677,0.005470991134643555,6.235043454037332
24.677,0.005470633506774902,6.235043454037332
24.677,0.005470991134643555,6.1246191686091755
24.677,0.005472421646118164,6.1246191686091755
24.676,0.00547027587890625,6.1206781269801205
24.676,0.005471467971801758,6.1206781269801205
24.676,0.0054705142974853516,6.1206781269801205
24.676,0.005470752716064453,6.1206781269801205
24.678,0.005472421646118164,5.981152196967978
24.678,0.005470752716064453,5.981152196967978
24.679,0.005471587181091309,5.755252983829104
24.676,0.005471944808959961,5.976292274914681
24.676,0.005470752716064453,5.976292274914681
24.676,0.005472302436828613,5.976292274914681
24.676,0.005471229553222656,5.976292274914681
24.677,0.0054732561111450195,5.686198054629551
24.677,0.005472064018249512,5.741519020071851
24.677,0.005472064018249512,5.741519020071851
24.681,0.005472421646118164,5.5208884578640305
24.684,0.005472421646118164,5.491740439331876
24.682,0.005474448204040527,5.210932625625897
24.677,0.0054738521575927734,5.536629157963514
24.676,0.005474090576171875,5.179848769497007
24.673,0.005475282669067383,4.676174640101432
24.673,0.005475759506225586,4.676174640101432
24.672,0.00547480583190918,4.64986227711356
24.672,0.00547635555267334,4.64986227711356
24.672,0.005477309226989746,4.64986227711356
24.676,0.00547635555267334,4.425455706735804
24.676,0.005478501319885254,4.425455706735804
24.674,0.005477190017700195,4.336501404074577
24.673,0.00547635555267334,4.364226953361847
24.673,0.0054776668548583984,4.364226953361847
24.673,0.0054770708084106445,4.364226953361847
24.673,0.0054770708084106445,4.364226953361847
24.673,0.00547635555267334,4.364226953361847
24.674,0.0054770708084106445,3.9998599580991083
24.674,0.005478501319885254,4.090080351643044
24.674,0.005477190017700195,4.090080351643044
24.674,0.0054776668548583984,4.090080351643044
24.674,0.0054779052734375,4.112187761980661
24.674,0.0054776668548583984,4.112187761980661
24.676,0.0054779052734375,3.7762510423202356
24.672,0.005476951599121094,3.888126335649772
24.672,0.0054779052734375,3.888126335649772
24.67,0.005477547645568848,3.7781496768948912
24.67,0.0054776668548583984,3.7781496768948912
24.67,0.0054787397384643555,3.7781496768948912
24.67,0.0054779052734375,3.7867596054355155
24.672,0.0054776668548583984,3.611026370169757
24.672,0.0054776668548583984,3.611026370169757
24.672,0.005478978157043457,3.611026370169757
24.672,0.005479335784912109,3.611026370169757
24.672,0.005478858947753906,3.611026370169757
24.675,0.005477786064147949,3.6557295098149267
24.675,0.0054779052734375,3.6557295098149267
24.675,0.005479335784912109,3.6557295098149267
24.675,0.00547945499420166,3.6557295098149267
24.675,0.005479693412780762,3.4435089676797883
24.675,0.005478024482727051,3.4435089676797883
24.675,0.005478978157043457,3.4435089676797883
24.675,0.0054779052734375,3.4435089676797883
24.671,0.005479335784912109,3.3586757593378076
24.671,0.0054798126220703125,3.3586757593378076
24.667,0.005480170249938965,3.478319792829819
24.668,0.00547945499420166,3.1908932428488854
24.668,0.0054781436920166016,3.1908932428488854
24.67,0.005479693412780762,3.2752786393446405
24.67,0.005480647087097168,3.2752786393446405
24.67,0.005478620529174805,3.2752786393446405
24.67,0.005481243133544922,3.2752786393446405
24.67,0.005480170249938965,3.2302576018014273
24.67,0.005480289459228516,3.2302576018014273
24.67,0.005479931831359863,3.2302576018014273
24.67,0.005479931831359863,3.2302576018014273
24.674,0.005480766296386719,3.292727395434257
24.674,0.00548100471496582,3.292727395434257
24.674,0.005480647087097168,3.0928582180337454
24.674,0.005481243133544922,3.0928582180337454
24.674,0.005480408668518066,3.0928582180337454
24.674,0.005480766296386719,3.0928582180337454
24.674,0.005480766296386719,3.0928582180337454
24.673,0.005482077598571777,3.0495369490415385
24.673,0.005481719970703125,3.0495369490415385
24.673,0.005482196807861328,3.0495369490415385
24.678,0.005480527877807617,3.0149165176614154
24.678,0.005481362342834473,3.0149165176614154
24.678,0.005480289459228516,3.0149165176614154
24.678,0.005480289459228516,2.8313965764537423
24.678,0.005480170249938965,2.8313965764537423
24.678,0.005481362342834473,2.8313965764537423
24.678,0.005480408668518066,2.8313965764537423
24.677,0.0054819583892822266,2.7242681352539644
24.677,0.005481839179992676,2.7242681352539644
24.677,0.0054819583892822266,2.7242681352539644
24.677,0.005480647087097168,2.7242681352539644
24.673,0.005481719970703125,2.7704345584695007
24.673,0.005481600761413574,2.7704345584695007
24.673,0.005481243133544922,2.7704345584695007
24.673,0.005482077598571777,2.7704345584695007
24.673,0.0054825544357299805,2.7704345584695007
24.67,0.0054814815521240234,2.9440429473017806
24.67,0.005480647087097168,2.9440429473017806
24.672,0.0054819583892822266,2.7033785723591617
24.672,0.005480527877807617,2.7033785723591617
24.672,0.005482196807861328,2.7033785723591617
24.672,0.005483388900756836,2.7033785723591617
24.672,0.005481600761413574,2.7033785723591617
24.672,0.0054819583892822266,2.7033785723591617
24.67,0.005482316017150879,2.5925893584569764
24.67,0.005481839179992676,2.5925893584569764
24.67,0.005482077598571777,2.5925893584569764
24.67,0.0054825544357299805,2.5925893584569764
24.67,0.005481719970703125,2.5925893584569764
24.671,0.005482077598571777,2.5045772789546317
24.671,0.005482196807861328,2.5045772789546317
24.671,0.0054836273193359375,2.5045772789546317
24.671,0.005481839179992676,2.5045772789546317
24.671,0.005482792854309082,2.5045772789546317
24.671,0.005481719970703125,2.5045772789546317
24.671,0.005482077598571777,2.4289004389348214
24.671,0.0054836273193359375,2.4289004389348214
24.671,0.005483746528625488,2.4289004389348214
24.669,0.0054825544357299805,2.5869425652323934
24.669,0.005483031272888184,2.5869425652323934
24.669,0.00548243522644043,2.5869425652323934
24.669,0.00548100471496582,2.5869425652323934
24.669,0.005480647087097168,2.5869425652323934
24.668,0.005484104156494141,2.5832971072250928
24.668,0.0054825544357299805,2.5832971072250928
24.668,0.005482196807861328,2.5832971072250928
24.668,0.005482316017150879,2.5832971072250928
24.668,0.00548243522644043,2.5832971072250928
24.666,0.0054836273193359375,2.142930292879509
24.666,0.005483388900756836,2.142930292879509
24.666,0.0054825544357299805,2.142930292879509
24.666,0.005483388900756836,2.142930292879509
24.667,0.005483150482177734,2.245541242865804
24.667,0.005484104156494141,2.245541242865804
24.667,0.005482912063598633,2.245541242865804
24.667,0.005483150482177734,2.245541242865804
24.667,0.005482077598571777,2.245541242865804
24.666,0.005482912063598633,2.379259710092758
24.666,0.005482673645019531,2.379259710092758
24.666,0.005483746528625488,2.379259710092758
24.668,0.0054836273193359375,2.1975271285231575
24.668,0.005483865737915039,2.1975271285231575
24.668,0.005483746528625488,2.1975271285231575
24.668,0.005483031272888184,2.1975271285231575
24.668,0.005483388900756836,2.1975271285231575
24.668,0.005483508110046387,2.1975271285231575
24.668,0.005481839179992676,2.0249065797163657
24.668,0.005484819412231445,2.0249065797163657
24.668,0.005482673645019531,2.0249065797163657
24.668,0.005483865737915039,2.0249065797163657
24.67,0.005484580993652344,2.0333666829000796
24.67,0.005484580993652344,2.0333666829000796
24.67,0.005484938621520996,2.0333666829000796
24.67,0.005483269691467285,2.0333666829000796
24.67,0.005484223365783691,2.0333666829000796
24.67,0.005484580993652344,2.0333666829000796
24.671,0.005484819412231445,1.9869777459330575
24.671,0.005484342575073242,1.9869777459330575
24.671,0.0054836273193359375,1.9869777459330575
24.671,0.0054836273193359375,1.9869777459330575
24.671,0.00548398494720459,1.9869777459330575
24.671,0.005482912063598633,1.9869777459330575
24.671,0.005484342575073242,1.8549998390119506
24.671,0.005483508110046387,1.8549998390119506
24.671,0.005484461784362793,1.8549998390119506
24.671,0.005484938621520996,1.8549998390119506
24.671,0.005483865737915039,1.8549998390119506
24.671,0.005483865737915039,1.8549998390119506
24.672,0.005483746528625488,1.825874079381032
24.672,0.005484819412231445,1.825874079381032
24.672,0.005483388900756836,1.825874079381032
24.672,0.00548398494720459,1.825874079381032
24.675,0.00548398494720459,1.6884634229468327
24.675,0.005485892295837402,1.6884634229468327
24.675,0.005484104156494141,1.6884634229468327
24.675,0.005484342575073242,1.6884634229468327
24.677,0.005483865737915039,1.7523528960281838
24.677,0.005484819412231445,1.7523528960281838
24.677,0.005484223365783691,1.7523528960281838
24.677,0.005485057830810547,1.7523528960281838
24.677,0.00548398494720459,1.7523528960281838
24.677,0.005484223365783691,1.7523528960281838
24.675,0.005485653877258301,1.6119961260071807
24.675,0.005484938621520996,1.6119961260071807
24.675,0.005484580993652344,1.6119961260071807
24.675,0.005485653877258301,1.6119961260071807
24.675,0.005486488342285156,1.6119961260071807
24.675,0.005484342575073242,1.6119961260071807
24.672,0.005486726760864258,1.87864664630507
24.672,0.005485892295837402,1.87864664630507
24.672,0.005483865737915039,1.87864664630507
24.672,0.005484342575073242,1.87864664630507
24.672,0.005484342575073242,1.87864664630507
24.674,0.0054857730865478516,1.540494424277831
24.674,0.005486249923706055,1.540494424277831
24.674,0.005485892295837402,1.540494424277831
24.674,0.005484342575073242,1.540494424277831
24.674,0.005485057830810547,1.540494424277831
24.673,0.0054857730865478516,1.486163926491889
24.673,0.005485653877258301,1.486163926491889
24.673,0.005485653877258301,1.486163926491889
24.673,0.005486011505126953,1.486163926491889
24.673,0.0054852962493896484,1.486163926491889
24.675,0.005485177040100098,1.4644815568006286
24.675,0.005484461784362793,1.4644815568006286
24.675,0.0054852962493896484,1.4644815568006286
24.675,0.005484819412231445,1.4644815568006286
24.675,0.005485177040100098,1.4644815568006286
24.676,0.0054852962493896484,1.3658934465164936
24.676,0.005484938621520996,1.3658934465164936
24.676,0.005485653877258301,1.3658934465164936
24.676,0.0054857730865478516,1.3658934465164936
24.676,0.005486965179443359,1.3658934465164936
24.676,0.005484342575073242,1.3658934465164936
24.673,0.005484461784362793,1.2622514621589085
24.673,0.005486726760864258,1.2622514621589085
24.673,0.005485057830810547,1.2622514621589085
24.673,0.005485057830810547,1.2622514621589085
24.673,0.005485415458679199,1.2622514621589085
24.673,0.0054857730865478516,1.2622514621589085
24.672,0.0054852962493896484,1.3042025973010605
24.672,0.005485653877258301,1.3042025973010605
24.672,0.005484819412231445,1.3042025973010605
24.672,0.005486130714416504,1.3042025973010605
24.672,0.005485057830810547,1.3042025973010605
24.671,0.005485653877258301,1.3637204395293088
24.671,0.005486726760864258,1.3637204395293088
24.671,0.005486249923706055,1.3637204395293088
24.671,0.005486845970153809,1.3637204395293088
24.671,0.005486011505126953,1.3637204395293088
24.672,0.005485892295837402,1.0540812026087627
24.672,0.005486965179443359,1.0540812026087627
24.672,0.005488395690917969,1.0540812026087627
24.672,0.005486845970153809,1.0540812026087627
24.672,0.005485415458679199,1.0540812026087627
24.674,0.005485057830810547,1.094986423440391
24.674,0.005486488342285156,1.094986423440391
24.674,0.005486488342285156,1.094986423440391
24.674,0.005486488342285156,1.094986423440391
24.674,0.0054857730865478516,1.094986423440391
24.674,0.005486607551574707,1.094986423440391
24.676,0.005487680435180664,0.9634553675113162
24.676,0.00548708438873291,0.9634553675113162
24.676,0.0054863691329956055,0.9634553675113162
24.676,0.005486488342285156,0.9634553675113162
24.676,0.005487203598022461,0.9634553675113162
24.676,0.005486965179443359,0.9634553675113162
24.676,0.005486845970153809,0.9637552411269104
24.676,0.005488157272338867,0.9637552411269104
24.676,0.005486965179443359,0.9637552411269104
24.676,0.00548553466796875,0.9637552411269104
24.676,0.0054863691329956055,0.9637552411269104
24.676,0.005486845970153809,0.9637552411269104
24.675,0.005486726760864258,1.0606247838302731
24.675,0.005486965179443359,1.0606247838302731
24.675,0.005486726760864258,1.0606247838302731
24.675,0.005486965179443359,1.0606247838302731
24.675,0.005487322807312012,1.0606247838302731
24.675,0.0054863691329956055,1.0606247838302731
24.673,0.005488872528076172,0.9107872371244743
24.673,0.005486130714416504,0.9107872371244743
24.673,0.005486965179443359,0.9107872371244743
24.673,0.0054863691329956055,0.9107872371244743
24.673,0.005487322807312012,0.9107872371244743
24.672,0.005487918853759766,1.124483372894824
24.672,0.0054874420166015625,1.124483372894824
24.672,0.005487203598022461,1.124483372894824
24.672,0.005486726760864258,1.124483372894824
24.672,0.005486488342285156,1.124483372894824
24.672,0.005487203598022461,1.124483372894824
24.671,0.00548708438873291,0.8620686855210051
24.671,0.005487203598022461,0.8620686855210051
24.671,0.005485892295837402,0.8620686855210051
24.671,0.005487799644470215,0.8620686855210051
24.671,0.005486607551574707,0.8620686855210051
24.671,0.005488038063049316,0.8620686855210051
24.671,0.0054874420166015625,0.7034988523902213
24.671,0.005488038063049316,0.7034988523902213
24.671,0.005488157272338867,0.7034988523902213
24.671,0.005487918853759766,0.7034988523902213
24.671,0.00548863410949707,0.7034988523902213
24.671,0.005487680435180664,0.7034988523902213
24.672,0.005486845970153809,0.8008772290499713
24.672,0.005488395690917969,0.8008772290499713
24.672,0.005487561225891113,0.8008772290499713
24.672,0.005487680435180664,0.8008772290499713
24.672,0.005487322807312012,0.8008772290499713
24.672,0.005487918853759766,0.8008772290499713
24.671,0.005489349365234375,0.788537341927118
24.671,0.005487799644470215,0.788537341927118
24.671,0.005488038063049316,0.788537341927118
24.671,0.005488038063049316,0.788537341927118
24.671,0.005487918853759766,0.788537341927118
24.671,0.00548863410949707,0.788537341927118
24.674,0.005488157272338867,0.6463486829893106
24.674,0.005488157272338867,0.6463486829893106
24.674,0.005486607551574707,0.6463486829893106
24.674,0.005487918853759766,0.6463486829893106
24.672,0.005489349365234375,0.6298329325819858
24.672,0.005487203598022461,0.6298329325819858
24.672,0.005487561225891113,0.6298329325819858
24.672,0.00548863410949707,0.6298329325819858
24.672,0.005488038063049316,0.6298329325819858
24.672,0.005486965179443359,0.6298329325819858
24.67,0.005488991737365723,0.6081068223544364
24.67,0.00548863410949707,0.6081068223544364
24.67,0.005488395690917969,0.6081068223544364
24.67,0.005488038063049316,0.6081068223544364
24.67,0.005487680435180664,0.6081068223544364
24.67,0.005488395690917969,0.6081068223544364
24.669,0.005488395690917969,0.6779649260734115
24.669,0.005488395690917969,0.6779649260734115
24.669,0.005487918853759766,0.6779649260734115
24.669,0.0054885149002075195,0.6779649260734115
24.669,0.005488157272338867,0.6779649260734115
24.669,0.005488395690917969,0.6779649260734115
24.669,0.005488753318786621,0.4114114786716039
24.669,0.005488753318786621,0.4114114786716039
24.669,0.005489468574523926,0.4114114786716039
24.669,0.005488872528076172,0.4114114786716039
24.669,0.005487561225891113,0.4114114786716039
24.669,0.005488038063049316,0.4114114786716039
24.67,0.00548863410949707,0.43614569551773785
24.67,0.005489230155944824,0.43614569551773785
24.67,0.005488276481628418,0.43614569551773785
24.67,0.005488038063049316,0.43614569551773785
24.67,0.005488157272338867,0.43614569551773785
24.67,0.005487799644470215,0.43614569551773785
24.673,0.005488038063049316,0.3717760652379032
24.673,0.005488276481628418,0.3717760652379032
24.673,0.005488157272338867,0.3717760652379032
24.673,0.0054885149002075195,0.3717760652379032
24.673,0.005489349365234375,0.3717760652379032
24.673,0.0054885149002075195,0.3717760652379032
24.672,0.005364179611206055,0.4227689491010591
24.672,0.0053588151931762695,0.4227689491010591
24.672,0.005359292030334473,0.4227689491010591
24.672,0.005489468574523926,0.4227689491010591
24.672,0.00548863410949707,0.4227689491010591
24.147,0.005367279052734375,0.2061922876284532
24.147,0.005368947982788086,0.2061922876284532
24.147,0.0053702592849731445,0.2061922876284532
24.147,0.0053713321685791016,0.2061922876284532
24.147,0.005372881889343262,0.2061922876284532
24.147,0.0053730010986328125,0.2061922876284532
24.172,0.005375266075134277,0.2194444380960574
24.172,0.005377054214477539,0.2194444380960574
24.172,0.0053746700286865234,0.2194444380960574
24.172,0.0053746700286865234,0.2194444380960574
24.172,0.005373835563659668,0.2194444380960574
24.172,0.0053751468658447266,0.2194444380960574
24.181,0.00537717342376709,0.3446612478515081
24.181,0.005377650260925293,0.3446612478515081
24.181,0.005377054214477539,0.3446612478515081
24.181,0.005265235900878906,0.3446612478515081
23.72,0.00527346134185791,0.3229900903243954
23.72,0.00527346134185791,0.3229900903243954
23.72,0.00527644157409668,0.3229900903243954
23.72,0.005270242691040039,0.3229900903243954
23.72,0.005268573760986328,0.3229900903243954
23.72,0.005273699760437012,0.3229900903243954
23.767,0.0052787065505981445,0.2689129530244929
23.767,0.005277752876281738,0.2689129530244929
23.767,0.005278944969177246,0.2689129530244929
23.767,0.005276799201965332,0.2689129530244929
23.767,0.005275607109069824,0.2689129530244929
23.767,0.005277872085571289,0.2689129530244929
23.771,0.005279660224914551,0.39088470857164914
23.771,0.005279660224914551,0.39088470857164914
23.771,0.005279421806335449,0.39088470857164914
23.771,0.005278944969177246,0.39088470857164914
23.771,0.005154252052307129,0.39088470857164914
23.771,0.0051583051681518555,0.39088470857164914
23.268,0.0051708221435546875,0.6233044253381734
23.268,0.005167961120605469,0.6233044253381734
23.268,0.005168795585632324,0.6233044253381734
23.268,0.0051653385162353516,0.6233044253381734
23.268,0.005162954330444336,0.6233044253381734
23.268,0.005167126655578613,0.6233044253381734
23.324,0.005171298980712891,0.5721072073725062
23.324,0.0051718950271606445,0.5721072073725062
23.324,0.005173802375793457,0.5721072073725062
23.324,0.0051727294921875,0.5721072073725062
23.324,0.005172133445739746,0.5721072073725062
23.329,0.005056262016296387,0.9211864835145416
23.329,0.005050182342529297,0.9211864835145416
23.329,0.005176186561584473,0.9211864835145416
23.329,0.005174398422241211,0.9211864835145416
23.329,0.005173802375793457,0.9211864835145416
23.329,0.00517427921295166,0.9211864835145416
22.885,0.005059242248535156,0.8761378123341874
22.885,0.005060791969299316,0.8761378123341874
22.885,0.005063652992248535,0.8761378123341874
22.885,0.005064964294433594,0.8761378123341874
22.885,0.005065441131591797,0.8761378123341874
22.887,0.005069851875305176,1.169453261582771
22.887,0.005070328712463379,1.169453261582771
22.887,0.005066990852355957,1.169453261582771
22.887,0.0050699710845947266,1.169453261582771
22.887,0.005067229270935059,1.169453261582771
22.893,0.005071401596069336,1.2815644188060484
22.893,0.005069255828857422,1.2815644188060484
22.893,0.005070805549621582,1.2815644188060484
22.893,0.004967093467712402,1.2815644188060484
22.506,0.004968762397766113,1.7072545567954
22.506,0.004971742630004883,1.7072545567954
22.506,0.004973888397216797,1.7072545567954
22.506,0.004973173141479492,1.7072545567954
22.506,0.004975438117980957,1.7072545567954
22.506,0.0049724578857421875,1.7072545567954
22.516,0.004977583885192871,1.854972716497946
22.516,0.004976153373718262,1.854972716497946
22.516,0.004977583885192871,1.854972716497946
22.516,0.004978179931640625,1.854972716497946
22.516,0.004977226257324219,1.854972716497946
22.521,0.004866957664489746,2.047378960462476
22.521,0.004976868629455566,2.047378960462476
22.521,0.0048618316650390625,2.047378960462476
22.102,0.0048787593841552734,2.5512741898138276
22.102,0.004881024360656738,2.5512741898138276
21.683,0.0047800540924072266,2.7157397860671484
21.683,0.004782438278198242,2.7157397860671484
21.683,0.004784941673278809,2.7157397860671484
21.701,0.004786849021911621,3.063894681410267
21.701,0.0047844648361206055,3.063894681410267
21.701,0.004786014556884766,3.063894681410267
21.71,0.004787921905517578,3.390653615503916
21.71,0.004788994789123535,3.390653615503916
21.71,0.004674553871154785,3.390653615503916
21.27,0.0046797990798950195,3.288011527272573
21.27,0.004686236381530762,3.288011527272573
21.285,0.004689335823059082,3.77981699767078
21.285,0.004688620567321777,3.77981699767078
21.285,0.004689216613769531,3.77981699767078
21.285,0.0046885013580322266,3.77981699767078
21.285,0.0046863555908203125,3.77981699767078
21.285,0.004687309265136719,3.77981699767078
20.84,0.004689574241638184,3.8205043542051156
20.84,0.004688739776611328,3.8205043542051156
20.84,0.004689812660217285,3.8205043542051156
20.84,0.004689812660217285,3.8205043542051156
20.84,0.004574179649353027,3.8205043542051156
20.84,0.004579901695251465,3.8205043542051156
20.882,0.004586338996887207,4.033392496276314
20.882,0.004590392112731934,4.033392496276314
20.882,0.004590272903442383,4.033392496276314
20.882,0.004591822624206543,4.033392496276314
20.882,0.0045928955078125,4.033392496276314
20.9,0.004593849182128906,4.257819240532731
20.9,0.004594564437866211,4.257819240532731
20.9,0.004593968391418457,4.257819240532731
20.9,0.004593372344970703,4.257819240532731
20.9,0.004593491554260254,4.257819240532731
20.907,0.004596590995788574,4.219106889365883
20.907,0.004596590995788574,4.219106889365883
20.907,0.004597306251525879,4.219106889365883
20.907,0.004595041275024414,4.219106889365883
20.907,0.00459599494934082,4.219106889365883
20.907,0.004595637321472168,4.219106889365883
20.912,0.004595041275024414,4.6151937951189925
20.912,0.004596710205078125,4.6151937951189925
20.912,0.004596352577209473,4.6151937951189925
20.912,0.0045969486236572266,4.6151937951189925
20.912,0.0045964717864990234,4.6151937951189925
20.921,0.004597783088684082,4.951278809700014
20.921,0.004596590995788574,4.951278809700014
20.921,0.004598021507263184,4.951278809700014
20.921,0.0045986175537109375,4.951278809700014
20.927,0.004598736763000488,4.788206214900917
20.927,0.0045996904373168945,4.788206214900917
20.927,0.004598855972290039,4.788206214900917
20.927,0.004598498344421387,4.788206214900917
20.927,0.004597306251525879,4.788206214900917
20.927,0.004599213600158691,4.788206214900917
20.93,0.004598259925842285,4.68837481211756
20.93,0.0045986175537109375,4.68837481211756
20.93,0.004598140716552734,4.68837481211756
20.93,0.004597663879394531,4.68837481211756
20.93,0.004598021507263184,4.68837481211756
20.934,0.004598140716552734,4.646658379110338
20.934,0.004598140716552734,4.646658379110338
20.934,0.004597783088684082,4.646658379110338
20.934,0.004598379135131836,4.646658379110338
20.934,0.0045986175537109375,4.646658379110338
20.937,0.004599094390869141,4.902774323711778
20.937,0.004597902297973633,4.902774323711778
20.937,0.004598498344421387,4.902774323711778
20.937,0.004598379135131836,4.902774323711778
20.937,0.00459742546081543,4.902774323711778
20.937,0.004598140716552734,4.902774323711778
20.937,0.004598259925842285,4.902774323711778
20.937,0.004598855972290039,4.920709045311948
20.937,0.004599094390869141,4.920709045311948
20.937,0.004598498344421387,4.920709045311948
20.94,0.0045986175537109375,4.749280093860044
20.94,0.004598855972290039,4.749280093860044
20.94,0.00459897518157959,4.749280093860044
20.94,0.004597783088684082,4.749280093860044
20.94,0.0045975446701049805,4.749280093860044
20.94,0.0045975446701049805,4.749280093860044
20.94,0.0045986175537109375,4.749280093860044
20.94,0.004597067832946777,4.305880218439365
20.94,0.00459742546081543,4.305880218439365
20.94,0.004598021507263184,4.305880218439365
20.94,0.004598379135131836,4.305880218439365
20.939,0.00459742546081543,4.327401333827038
20.939,0.0045986175537109375,4.327401333827038
20.939,0.0045975446701049805,4.327401333827038
20.939,0.004597902297973633,4.327401333827038
20.94,0.004596590995788574,4.572343284104404
20.94,0.004598140716552734,4.572343284104404
20.94,0.004597783088684082,4.572343284104404
20.94,0.004596829414367676,4.572343284104404
20.94,0.00459742546081543,4.572343284104404
20.94,0.0045975446701049805,4.572343284104404
20.938,0.004597306251525879,4.078793018324076
20.938,0.004597783088684082,4.078793018324076
20.938,0.004597902297973633,4.078793018324076
20.938,0.004597187042236328,4.078793018324076
20.938,0.004598140716552734,4.078793018324076
20.938,0.004597187042236328,4.246858344389905
20.938,0.004598140716552734,4.246858344389905
20.938,0.004598855972290039,4.246858344389905
20.938,0.004597783088684082,3.797662051725339
20.938,0.004598736763000488,3.797662051725339
20.938,0.004598021507263184,3.797662051725339
20.938,0.004597067832946777,3.797662051725339
20.935,0.004597306251525879,3.719538011435132
20.934,0.0045986175537109375,3.44976360355587
20.934,0.004596829414367676,3.44976360355587
20.937,0.004598021507263184,3.4676256055762567
20.937,0.004597783088684082,3.1322946556840865
20.936,0.004597306251525879,2.858998968665862
20.937,0.004598498344421387,2.882959194714872
20.935,0.004597067832946777,2.6801552628800627
20.93,0.004598021507263184,2.3372186745695966
20.93,0.0045975446701049805,2.3372186745695966
20.93,0.004598379135131836,2.3372186745695966
20.931,0.00459742546081543,2.3527913631054154
20.931,0.004597663879394531,2.3527913631054154
20.931,0.004598736763000488,2.3527913631054154
20.931,0.004597663879394531,2.3527913631054154
20.935,0.004598021507263184,2.07891232978451
20.935,0.004598379135131836,2.07891232978451
20.935,0.004598140716552734,2.07891232978451
20.935,0.004597663879394531,2.07891232978451
20.935,0.004597902297973633,2.07891232978451
20.935,0.004598855972290039,2.0793346919533127
20.935,0.0045986175537109375,2.0793346919533127
20.935,0.004599571228027344,2.0793346919533127
20.935,0.004598140716552734,2.0793346919533127
20.935,0.004599809646606445,2.0793346919533127
20.935,0.004598498344421387,2.0793346919533127
20.935,0.004597663879394531,1.881278957966051
20.937,0.0045986175537109375,1.990588628167654
20.937,0.004598140716552734,1.990588628167654
20.937,0.004599332809448242,1.990588628167654
20.937,0.004598498344421387,1.990588628167654
20.933,0.004598140716552734,1.8343604242969045
20.933,0.004599571228027344,1.8343604242969045
20.933,0.004598736763000488,1.8343604242969045
20.933,0.004598498344421387,1.8343604242969045
20.935,0.004599928855895996,1.8384072014129935
20.935,0.0045986175537109375,1.8384072014129935
20.935,0.004597783088684082,1.8384072014129935
20.935,0.004598855972290039,1.8384072014129935
20.935,0.004598855972290039,1.8384072014129935
20.934,0.004598855972290039,1.5177917508726397
20.934,0.0045996904373168945,1.5177917508726397
20.934,0.004599094390869141,1.5177917508726397
20.934,0.004599213600158691,1.5177917508726397
20.934,0.004599452018737793,1.5177917508726397
20.934,0.004599332809448242,1.5177917508726397
20.933,0.004598379135131836,1.4729839753281002
20.933,0.004599213600158691,1.4729839753281002
20.933,0.0045986175537109375,1.4729839753281002
20.933,0.004598140716552734,1.4729839753281002
20.935,0.004597306251525879,1.4431436240613171
20.935,0.00459742546081543,1.4431436240613171
20.935,0.0045969486236572266,1.4431436240613171
20.935,0.004599571228027344,1.4431436240613171
20.935,0.004599094390869141,1.4431436240613171
20.935,0.004599452018737793,1.4431436240613171
20.932,0.004600405693054199,1.0393570272079862
20.932,0.004598379135131836,1.0393570272079862
20.932,0.0045996904373168945,1.0393570272079862
20.932,0.0045996904373168945,1.0393570272079862
20.932,0.004599332809448242,1.0393570272079862
20.932,0.004599213600158691,1.0393570272079862
20.931,0.004599452018737793,1.3727275616831818
20.931,0.00459897518157959,1.3727275616831818
20.931,0.004598021507263184,1.3727275616831818
20.931,0.004600048065185547,1.3727275616831818
20.931,0.004598379135131836,1.3727275616831818
20.931,0.00459897518157959,1.252850459098218
20.931,0.0045996904373168945,1.252850459098218
20.931,0.004598021507263184,1.252850459098218
20.931,0.004598259925842285,1.252850459098218
20.931,0.004598021507263184,1.252850459098218
20.931,0.00459897518157959,1.252850459098218
20.931,0.00459742546081543,0.8345630995954358
20.931,0.004599332809448242,0.8345630995954358
20.931,0.004598736763000488,0.8345630995954358
20.931,0.0045975446701049805,0.8345630995954358
20.931,0.004597306251525879,0.8345630995954358
20.937,0.004599332809448242,1.0853082395159983
20.937,0.004598498344421387,1.0853082395159983
20.937,0.004599571228027344,1.0853082395159983
20.937,0.004599452018737793,1.0853082395159983
20.937,0.004598379135131836,1.0853082395159983
20.937,0.0045996904373168945,0.7494195577937597
20.937,0.004599452018737793,0.7494195577937597
20.937,0.004598498344421387,0.7494195577937597
20.937,0.004598259925842285,0.7494195577937597
20.937,0.004599094390869141,0.7494195577937597
20.937,0.004598855972290039,0.7494195577937597
20.937,0.004599809646606445,0.8048356241017489
20.937,0.00460052490234375,0.8048356241017489
20.937,0.004598736763000488,0.8048356241017489
20.937,0.004597902297973633,0.8048356241017489
20.937,0.004599213600158691,0.8048356241017489
20.937,0.004598736763000488,0.8048356241017489
20.937,0.004599213600158691,0.47348376204811293
20.937,0.004600405693054199,0.47348376204811293
20.937,0.004598736763000488,0.47348376204811293
20.937,0.004598379135131836,0.47348376204811293
20.937,0.004599094390869141,0.47348376204811293
20.937,0.004599809646606445,0.47348376204811293
20.938,0.004599571228027344,0.7914414052623273
20.938,0.004598259925842285,0.7914414052623273
20.938,0.004599452018737793,0.7914414052623273
20.938,0.004599332809448242,0.7914414052623273
20.938,0.004600644111633301,0.7914414052623273
20.938,0.004599571228027344,0.5421577362247754
20.938,0.004599094390869141,0.5421577362247754
20.938,0.004599571228027344,0.5421577362247754
20.938,0.0045986175537109375,0.5421577362247754
20.938,0.004598379135131836,0.5421577362247754
20.938,0.004599928855895996,0.5421577362247754
20.937,0.004598736763000488,0.5474335227140634
20.937,0.0045986175537109375,0.5474335227140634
20.937,0.004598498344421387,0.5474335227140634
20.937,0.004599928855895996,0.5474335227140634
20.937,0.004600167274475098,0.5474335227140634
20.937,0.004599213600158691,0.5474335227140634
20.935,0.004598736763000488,0.48798366422188844
20.935,0.004599094390869141,0.48798366422188844
20.935,0.004600048065185547,0.48798366422188844
20.935,0.004599332809448242,0.48798366422188844
20.935,0.004600405693054199,0.48798366422188844
20.935,0.0046007633209228516,0.48798366422188844
20.934,0.004598855972290039,0.42966863620260165
20.934,0.004598736763000488,0.42966863620260165
20.934,0.00460052490234375,0.42966863620260165
20.934,0.004598259925842285,0.42966863620260165
20.934,0.004600644111633301,0.42966863620260165
20.934,0.004598498344421387,0.42966863620260165
20.934,0.004599809646606445,0.3804427410807869
20.934,0.004599213600158691,0.3804427410807869
20.934,0.004599094390869141,0.3804427410807869
20.934,0.004598855972290039,0.3804427410807869
20.934,0.004601001739501953,0.3804427410807869
20.934,0.004600167274475098,0.1448798868503598
20.934,0.0045996904373168945,0.1448798868503598
20.934,0.004599094390869141,0.1448798868503598
20.934,0.004599928855895996,0.1448798868503598
20.934,0.0045996904373168945,0.1448798868503598
20.934,0.004599809646606445,0.1448798868503598
20.937,0.0045996904373168945,0.32631503188421407
20.937,0.004599332809448242,0.32631503188421407
20.937,0.00459897518157959,0.32631503188421407
20.937,0.004599809646606445,0.32631503188421407
20.937,0.004599332809448242,0.32631503188421407
20.936,0.0046002864837646484,0.35277169959906507
20.936,0.004599094390869141,0.35277169959906507
20.936,0.004600167274475098,0.35277169959906507
20.936,0.0045986175537109375,0.35277169959906507
20.936,0.004600405693054199,0.35277169959906507
20.937,0.004600405693054199,-0.009741988884175434
20.937,0.004599571228027344,-0.009741988884175434
20.937,0.004599571228027344,-0.009741988884175434
20.937,0.004600048065185547,-0.009741988884175434
20.937,0.004599809646606445,-0.009741988884175434
20.937,0.004601120948791504,-0.00019039944046683743
20.937,0.0046007633209228516,-0.00019039944046683743
20.937,0.004599213600158691,-0.00019039944046683743
20.937,0.0046013593673706055,-0.00019039944046683743
20.937,0.004600882530212402,-0.00019039944046683743
20.937,0.00460052490234375,-0.00019039944046683743
20.936,0.004600167274475098,-0.043160638904431003
20.936,0.00460052490234375,-0.043160638904431003
20.936,0.00460052490234375,-0.043160638904431003
20.936,0.004600882530212402,-0.043160638904431003
20.936,0.0046013593673706055,-0.043160638904431003
20.936,0.004600167274475098,-0.043160638904431003
20.936,0.004600167274475098,-0.2041019089305367
20.936,0.004599809646606445,-0.2041019089305367
20.936,0.004600882530212402,-0.2041019089305367
20.936,0.00460052490234375,-0.2041019089305367
20.936,0.004599213600158691,-0.2041019089305367
20.936,0.004599928855895996,-0.2041019089305367
20.937,0.004600167274475098,0.10819689624758677
20.937,0.0046002864837646484,0.10819689624758677
20.937,0.004600644111633301,0.10819689624758677
20.937,0.004601001739501953,0.10819689624758677
20.937,0.004601597785949707,0.10819689624758677
20.937,0.004600882530212402,0.10819689624758677
20.938,0.004601597785949707,0.14689286900986387
20.938,0.0046002864837646484,0.14689286900986387
20.938,0.004601597785949707,0.14689286900986387
20.938,0.0046007633209228516,0.14689286900986387
20.938,0.0045996904373168945,0.14689286900986387
20.938,0.004600882530212402,0.14689286900986387
20.94,0.004602193832397461,0.5900806167861647
20.94,0.004601120948791504,0.5900806167861647
20.94,0.004601836204528809,0.5900806167861647
20.94,0.004602670669555664,0.5900806167861647
20.942,0.004603862762451172,0.8496341176345394
20.942,0.004603028297424316,0.8496341176345394
20.944,0.004604697227478027,1.985674289315704
20.951,0.004607200622558594,3.2423034708515566
20.956,0.004606842994689941,4.395722764078039
20.956,0.004608035087585449,4.395722764078039
20.956,0.004608750343322754,4.395722764078039
20.963,0.004610419273376465,4.4298386154194915
20.963,0.004608631134033203,4.4298386154194915
20.963,0.004609227180480957,4.4298386154194915
20.963,0.004607200622558594,4.4298386154194915
20.963,0.0046083927154541016,4.4298386154194915
20.968,0.004609107971191406,5.944061886034101
20.968,0.004609465599060059,5.944061886034101
20.968,0.00460970401763916,5.944061886034101
20.968,0.004609227180480957,5.944061886034101
20.968,0.004610180854797363,5.944061886034101
20.972,0.004612088203430176,6.49315333506279
20.972,0.004611372947692871,6.49315333506279
20.972,0.00460970401763916,6.49315333506279
20.972,0.004611492156982422,6.49315333506279
20.972,0.004610776901245117,6.49315333506279
20.972,0.004611372947692871,6.49315333506279
20.977,0.004611968994140625,7.571909916366096
20.977,0.004610896110534668,7.571909916366096
20.977,0.004611611366271973,7.571909916366096
20.977,0.004612326622009277,7.571909916366096
20.977,0.004612565040588379,7.571909916366096
20.977,0.0046117305755615234,7.571909916366096
20.985,0.004614114761352539,8.294119570115946
20.985,0.004613399505615234,8.294119570115946
20.985,0.00461423397064209,8.294119570115946
20.985,0.00461268424987793,8.294119570115946
20.985,0.004613637924194336,8.294119570115946
20.985,0.00461268424987793,8.294119570115946
20.994,0.004612922668457031,8.88930944062011
20.994,0.004613280296325684,8.88930944062011
20.994,0.004613399505615234,8.88930944062011
20.994,0.004613995552062988,8.88930944062011
20.994,0.004613161087036133,8.88930944062011
20.994,0.00461423397064209,8.88930944062011
21.0,0.004614710807800293,9.680995578973318
21.0,0.004613757133483887,9.680995578973318
21.0,0.00461423397064209,9.680995578973318
21.0,0.004614353179931641,9.680995578973318
21.0,0.0046149492263793945,9.680995578973318
21.0,0.0046149492263793945,9.680995578973318
21.003,0.004616856575012207,11.039898811439304
21.003,0.004617929458618164,11.039898811439304
21.003,0.004617452621459961,11.039898811439304
21.003,0.004613995552062988,11.039898811439304
21.003,0.0046149492263793945,11.039898811439304
21.003,0.00461423397064209,11.039898811439304
21.011,0.004616260528564453,11.322042413444796
21.011,0.004616141319274902,11.322042413444796
21.011,0.004616498947143555,11.322042413444796
21.011,0.004616975784301758,11.322042413444796
21.011,0.00461578369140625,11.322042413444796
21.011,0.004615902900695801,11.322042413444796
21.017,0.0046176910400390625,12.463094308418269
21.017,0.004617571830749512,12.463094308418269
21.017,0.004616856575012207,12.463094308418269
21.017,0.004618048667907715,12.463094308418269
21.017,0.00461888313293457,12.463094308418269
21.017,0.004619479179382324,12.463094308418269
21.021,0.004620194435119629,12.968555843004749
21.021,0.004619121551513672,12.968555843004749
21.021,0.004619002342224121,12.968555843004749
21.021,0.004617929458618164,12.968555843004749
21.021,0.004618287086486816,12.968555843004749
21.021,0.004618644714355469,12.968555843004749
21.026,0.004620075225830078,13.69563400775029
21.026,0.004620075225830078,13.69563400775029
21.026,0.004619717597961426,13.69563400775029
21.026,0.004618406295776367,13.69563400775029
21.026,0.004619240760803223,13.69563400775029
21.026,0.004618048667907715,13.69563400775029
21.03,0.004619956016540527,14.904000545657263
21.03,0.0046198368072509766,14.904000545657263
21.03,0.004621386528015137,14.904000545657263
21.03,0.0046225786209106445,14.904000545657263
21.03,0.0046198368072509766,14.904000545657263
21.03,0.004621386528015137,14.904000545657263
21.033,0.004620909690856934,15.6065113770633
21.033,0.004622817039489746,15.6065113770633
21.033,0.004621386528015137,15.6065113770633
21.033,0.004621028900146484,15.6065113770633
21.033,0.004622220993041992,15.6065113770633
21.033,0.004621624946594238,15.6065113770633
21.034,0.004622340202331543,16.01877023418086
21.034,0.004622459411621094,16.01877023418086
21.034,0.0046236515045166016,16.01877023418086
21.034,0.004622817039489746,16.01877023418086
21.034,0.004622936248779297,16.01877023418086
21.034,0.004623055458068848,16.01877023418086
21.043,0.004624009132385254,16.69869370915664
21.043,0.0046234130859375,16.69869370915664
21.043,0.004622459411621094,16.69869370915664
21.043,0.004622697830200195,16.69869370915664
21.043,0.004622459411621094,16.69869370915664
21.043,0.0046225786209106445,16.69869370915664
21.047,0.004622697830200195,17.929987326472357
21.047,0.004623055458068848,17.929987326472357
21.047,0.004623770713806152,17.929987326472357
21.047,0.004623889923095703,17.929987326472357
21.047,0.0046231746673583984,17.929987326472357
21.047,0.0046242475509643555,17.929987326472357
21.057,0.004622101783752441,18.061551646082705
21.057,0.0046236515045166016,18.061551646082705
21.057,0.0046236515045166016,18.061551646082705
21.057,0.004624724388122559,18.061551646082705
21.057,0.004624128341674805,18.061551646082705
21.057,0.004624009132385254,18.061551646082705
21.06,0.004623770713806152,19.184899721936095
21.06,0.0046253204345703125,19.184899721936095
21.06,0.004623770713806152,19.184899721936095
21.06,0.004624724388122559,19.184899721936095
21.06,0.004623532295227051,19.184899721936095
21.06,0.004623532295227051,19.184899721936095
21.062,0.004624009132385254,19.575686760307846
21.062,0.0046253204345703125,19.575686760307846
21.062,0.00462496280670166,19.575686760307846
21.062,0.00462496280670166,19.575686760307846
21.062,0.004624724388122559,19.575686760307846
21.062,0.004625201225280762,19.575686760307846
21.068,0.00462651252746582,20.258284650583956
21.068,0.0046253204345703125,20.258284650583956
21.068,0.004625916481018066,20.258284650583956
21.068,0.004627108573913574,20.258284650583956
21.068,0.004626035690307617,20.258284650583956
21.068,0.004626035690307617,20.258284650583956
21.075,0.004626274108886719,21.00738102507576
21.075,0.004626750946044922,21.00738102507576
21.075,0.00462651252746582,21.00738102507576
21.075,0.004625201225280762,21.00738102507576
21.075,0.004625082015991211,21.00738102507576
21.075,0.004625916481018066,21.00738102507576
21.075,0.004625797271728516,21.00738102507576
21.08,0.004626631736755371,21.89665666757394
21.08,0.004626870155334473,21.89665666757394
21.08,0.004625797271728516,21.89665666757394
21.08,0.004625916481018066,21.89665666757394
21.08,0.004626154899597168,21.89665666757394
21.08,0.004626154899597168,21.89665666757394
21.082,0.004626631736755371,22.337562186661643
21.082,0.0046269893646240234,22.337562186661643
21.082,0.004627108573913574,22.337562186661643
21.082,0.004627704620361328,22.337562186661643
21.082,0.004626750946044922,22.337562186661643
21.082,0.004625439643859863,22.337562186661643
21.087,0.004626631736755371,23.40863838807272
21.087,0.004626274108886719,23.40863838807272
21.087,0.0046263933181762695,23.40863838807272
21.087,0.0046280622482299805,23.40863838807272
21.087,0.004626631736755371,23.40863838807272
21.087,0.004626750946044922,23.40863838807272
21.092,0.004625797271728516,23.984690909899673
21.092,0.004626154899597168,23.984690909899673
21.092,0.004626274108886719,23.984690909899673
21.092,0.004626870155334473,23.984690909899673
21.092,0.0046280622482299805,23.984690909899673
21.092,0.004627823829650879,23.984690909899673
21.093,0.004626274108886719,24.546180642454253
21.093,0.004628658294677734,24.546180642454253
21.093,0.004628896713256836,24.546180642454253
21.093,0.00462794303894043,24.546180642454253
21.093,0.004627227783203125,24.546180642454253
21.093,0.004627823829650879,24.546180642454253
21.096,0.0046274662017822266,25.495364881806086
21.096,0.004627823829650879,25.495364881806086
21.096,0.004628777503967285,25.495364881806086
21.096,0.004629373550415039,25.495364881806086
21.096,0.00462794303894043,25.495364881806086
21.096,0.004628300666809082,25.495364881806086
21.099,0.0046274662017822266,26.311066137554178
21.099,0.004628300666809082,26.311066137554178
21.099,0.0046263933181762695,26.311066137554178
21.099,0.004627108573913574,26.311066137554178
21.099,0.0046274662017822266,26.311066137554178
21.099,0.004627823829650879,26.311066137554178
21.103,0.004626750946044922,26.68962773407607
21.103,0.0046274662017822266,26.68962773407607
21.103,0.004626870155334473,26.68962773407607
21.103,0.0046269893646240234,26.68962773407607
21.103,0.004628419876098633,26.68962773407607
21.103,0.0046274662017822266,26.68962773407607
21.109,0.004628539085388184,27.585927731961647
21.109,0.004626274108886719,27.585927731961647
21.109,0.0046274662017822266,27.585927731961647
21.109,0.0046269893646240234,27.585927731961647
21.109,0.004628300666809082,27.585927731961647
21.109,0.004628300666809082,27.585927731961647
21.113,0.004626035690307617,28.47051367460934
21.113,0.004627108573913574,28.47051367460934
21.113,0.0046269893646240234,28.47051367460934
21.113,0.004626870155334473,28.47051367460934
21.12,0.0046269893646240234,28.594781179849527
21.12,0.004626750946044922,28.594781179849527
21.12,0.004627108573913574,28.594781179849527
21.12,0.004627108573913574,28.594781179849527
21.12,0.004627227783203125,28.594781179849527
21.12,0.0046269893646240234,28.594781179849527
21.125,0.004627227783203125,29.64819829093782
21.125,0.00462651252746582,29.64819829093782
21.125,0.004628181457519531,29.64819829093782
21.125,0.004627108573913574,29.64819829093782
21.125,0.0046269893646240234,29.64819829093782
21.125,0.00462794303894043,29.64819829093782
21.127,0.004627704620361328,29.885105923804588
21.127,0.00462651252746582,29.885105923804588
21.127,0.004626035690307617,29.885105923804588
21.127,0.004626631736755371,29.885105923804588
21.127,0.004628300666809082,29.885105923804588
21.127,0.0046269893646240234,29.885105923804588
21.125,0.004627585411071777,30.631134760758805
21.125,0.0046280622482299805,30.631134760758805
21.125,0.004627108573913574,30.631134760758805
21.125,0.004627585411071777,30.631134760758805
21.125,0.004626870155334473,30.631134760758805
21.125,0.004627108573913574,30.631134760758805
21.129,0.0046269893646240234,31.119598242951486
21.129,0.0046263933181762695,31.119598242951486
21.129,0.004626631736755371,31.119598242951486
21.129,0.004627585411071777,31.119598242951486
21.129,0.004627704620361328,31.119598242951486
21.129,0.0046274662017822266,31.119598242951486
21.13,0.004627108573913574,31.641195743223232
21.13,0.004626631736755371,31.641195743223232
21.13,0.004625439643859863,31.641195743223232
21.13,0.00462651252746582,31.641195743223232
21.13,0.0046274662017822266,31.641195743223232
21.13,0.0046269893646240234,31.641195743223232
21.137,0.004626870155334473,32.12636563986507
21.137,0.004627346992492676,32.12636563986507
21.137,0.004626274108886719,32.12636563986507
21.137,0.0046253204345703125,32.12636563986507
21.137,0.004628658294677734,32.12636563986507
21.137,0.004625201225280762,32.12636563986507
21.139,0.0046269893646240234,32.66448996456994
21.139,0.004626750946044922,32.66448996456994
21.139,0.004627346992492676,32.66448996456994
21.139,0.004626870155334473,32.66448996456994
21.139,0.004626750946044922,32.66448996456994
21.139,0.0046280622482299805,32.66448996456994
21.145,0.0046269893646240234,33.11324265389347
21.145,0.004626631736755371,33.11324265389347
21.145,0.004626750946044922,33.11324265389347
21.145,0.0046274662017822266,33.11324265389347
21.145,0.004627108573913574,33.11324265389347
21.145,0.004626870155334473,33.11324265389347
21.151,0.004625916481018066,33.71924734332749
21.151,0.004626274108886719,33.71924734332749
21.151,0.004624605178833008,33.71924734332749
21.151,0.004625916481018066,33.71924734332749
21.151,0.004626035690307617,33.71924734332749
21.151,0.004626870155334473,33.71924734332749
21.154,0.0046253204345703125,34.168806420371226
21.154,0.004627704620361328,34.168806420371226
21.154,0.004625082015991211,34.168806420371226
21.154,0.004625797271728516,34.168806420371226
21.154,0.004625678062438965,34.168806420371226
21.154,0.004625439643859863,34.168806420371226
21.157,0.004625439643859863,34.75299612464978
21.157,0.0046263933181762695,34.75299612464978
21.157,0.004625916481018066,34.75299612464978
21.157,0.004625916481018066,34.75299612464978
21.157,0.004625797271728516,34.75299612464978
21.157,0.004625916481018066,34.75299612464978
21.161,0.00462651252746582,35.30583571822454
21.161,0.004625678062438965,35.30583571822454
21.161,0.004625916481018066,35.30583571822454
21.161,0.004626750946044922,35.30583571822454
21.161,0.004626274108886719,35.30583571822454
21.161,0.004627227783203125,35.30583571822454
21.16,0.004625439643859863,35.65456613910485
21.16,0.004625558853149414,35.65456613910485
21.16,0.0046263933181762695,35.65456613910485
21.16,0.004625797271728516,35.65456613910485
21.16,0.004625082015991211,35.65456613910485
21.16,0.004624605178833008,35.65456613910485
21.165,0.004626035690307617,35.96356947104653
21.165,0.004624724388122559,35.96356947104653
21.165,0.004625797271728516,35.96356947104653
21.165,0.004625678062438965,35.96356947104653
21.165,0.004625558853149414,35.96356947104653
21.165,0.00462651252746582,35.96356947104653
21.168,0.004626870155334473,36.52032503615684
21.168,0.00462651252746582,36.52032503615684
21.168,0.004626154899597168,36.52032503615684
21.168,0.004625916481018066,36.52032503615684
21.168,0.004625678062438965,36.52032503615684
21.168,0.004626274108886719,36.52032503615684
21.168,0.004626154899597168,36.52032503615684
21.169,0.004626750946044922,37.23837231929548
21.169,0.004625082015991211,37.23837231929548
21.169,0.004624605178833008,37.23837231929548
21.169,0.0046253204345703125,37.23837231929548
21.169,0.004625558853149414,37.23837231929548
21.169,0.004624485969543457,37.23837231929548
21.172,0.004623293876647949,37.83384587798791
21.172,0.004625439643859863,37.83384587798791
21.172,0.00462496280670166,37.83384587798791
21.172,0.004623770713806152,37.83384587798791
21.172,0.004624128341674805,37.83384587798791
21.172,0.004624724388122559,37.83384587798791
21.176,0.004624605178833008,38.04447339891672
21.176,0.004625439643859863,38.04447339891672
21.176,0.004625082015991211,38.04447339891672
21.176,0.004624128341674805,38.04447339891672
21.176,0.004624485969543457,38.04447339891672
21.176,0.004625797271728516,38.04447339891672
21.179,0.004623532295227051,38.41353285936101
21.179,0.004623770713806152,38.41353285936101
21.179,0.0046225786209106445,38.41353285936101
21.179,0.004624009132385254,38.41353285936101
21.179,0.00462496280670166,38.41353285936101
21.179,0.0046236515045166016,38.41353285936101
21.183,0.004623770713806152,38.72770487378778
21.183,0.0046236515045166016,38.72770487378778
21.183,0.0046234130859375,38.72770487378778
21.183,0.004623055458068848,38.72770487378778
21.183,0.0046225786209106445,38.72770487378778
21.183,0.0046225786209106445,38.72770487378778
21.187,0.004622459411621094,39.22677476109959
21.187,0.004622220993041992,39.22677476109959
21.187,0.004621744155883789,39.22677476109959
21.187,0.004622817039489746,39.22677476109959
21.187,0.004622340202331543,39.22677476109959
21.187,0.0046236515045166016,39.22677476109959
21.19,0.0046215057373046875,39.79923198051711
21.19,0.0046225786209106445,39.79923198051711
21.19,0.004621744155883789,39.79923198051711
21.19,0.004622220993041992,39.79923198051711
21.19,0.004622459411621094,39.79923198051711
21.19,0.004620552062988281,39.79923198051711
21.193,0.004621386528015137,40.29310052353476
21.193,0.004621148109436035,40.29310052353476
21.193,0.00462031364440918,40.29310052353476
21.193,0.004620909690856934,40.29310052353476
21.193,0.004621982574462891,40.29310052353476
21.193,0.004621267318725586,40.29310052353476
21.195,0.004621028900146484,40.52984596547207
21.195,0.004621028900146484,40.52984596547207
21.195,0.004619717597961426,40.52984596547207
21.195,0.004621386528015137,40.52984596547207
21.195,0.004620671272277832,40.80255505173095
21.195,0.004619240760803223,40.80255505173095
21.195,0.004619240760803223,40.80255505173095
21.195,0.004621386528015137,40.80255505173095
21.195,0.0046204328536987305,40.80255505173095
21.195,0.004621028900146484,40.80255505173095
21.202,0.004620790481567383,41.51127345264043
21.202,0.004619717597961426,41.51127345264043
21.202,0.0046204328536987305,41.51127345264043
21.202,0.00462031364440918,41.51127345264043
21.202,0.004619598388671875,41.51127345264043
21.202,0.0046193599700927734,41.51127345264043
21.201,0.004619956016540527,41.8021618652524
21.201,0.004619002342224121,41.8021618652524
21.201,0.004617571830749512,41.8021618652524
21.201,0.00461733341217041,41.8021618652524
21.201,0.004617571830749512,41.8021618652524
21.201,0.004618525505065918,41.8021618652524
21.203,0.004618406295776367,42.24399403402047
21.203,0.004617810249328613,42.24399403402047
21.203,0.004618525505065918,42.24399403402047
21.203,0.004618167877197266,42.24399403402047
21.203,0.004619121551513672,42.24399403402047
21.203,0.004618287086486816,42.24399403402047
21.208,0.004617929458618164,42.71549370347185
21.208,0.004617214202880859,42.71549370347185
21.208,0.004617571830749512,42.71549370347185
21.208,0.004617094993591309,42.71549370347185
21.208,0.004617810249328613,42.71549370347185
21.208,0.004617571830749512,42.71549370347185
21.208,0.004617214202880859,42.95204154888687
21.208,0.004616141319274902,42.95204154888687
21.208,0.004616856575012207,42.95204154888687
21.208,0.004616379737854004,42.95204154888687
21.208,0.004618167877197266,42.95204154888687
21.208,0.004615902900695801,42.95204154888687
21.212,0.004616379737854004,43.40231550379861
21.212,0.00461578369140625,43.40231550379861
21.212,0.004616141319274902,43.40231550379861
21.212,0.004615306854248047,43.40231550379861
21.212,0.00461578369140625,43.40231550379861
21.212,0.004615306854248047,43.40231550379861
21.213,0.004616379737854004,43.9032258507076
21.213,0.004614472389221191,43.9032258507076
21.213,0.00461578369140625,43.9032258507076
21.213,0.004614710807800293,43.9032258507076
21.213,0.004613757133483887,43.9032258507076
21.213,0.0046149492263793945,43.9032258507076
21.215,0.004613637924194336,44.27573939680292
21.215,0.004614472389221191,44.27573939680292
21.215,0.0046149492263793945,44.27573939680292
21.215,0.004615426063537598,44.27573939680292
21.215,0.004614591598510742,44.27573939680292
21.215,0.004613757133483887,44.27573939680292
21.222,0.00461423397064209,44.68609287527252
21.222,0.0046138763427734375,44.68609287527252
21.222,0.004613518714904785,44.68609287527252
21.222,0.0046138763427734375,44.68609287527252
21.222,0.004614591598510742,44.68609287527252
21.222,0.004613637924194336,44.68609287527252
21.222,0.004509329795837402,45.17063800118094
21.222,0.004613995552062988,45.17063800118094
21.222,0.00461268424987793,45.17063800118094
21.222,0.004612565040588379,45.17063800118094
21.222,0.00461268424987793,45.17063800118094
21.222,0.004503488540649414,45.17063800118094
20.791,0.004511237144470215,45.375146572614184
20.791,0.004512906074523926,45.375146572614184
20.791,0.004514813423156738,45.375146572614184
20.791,0.004514336585998535,45.375146572614184
20.791,0.0045157670974731445,45.375146572614184
20.791,0.0045157670974731445,45.375146572614184
20.8,0.0045166015625,45.53568098101869
20.8,0.004517316818237305,45.53568098101869
20.8,0.004517078399658203,45.53568098101869
20.8,0.004517078399658203,45.53568098101869
20.8,0.004516720771789551,45.53568098101869
20.8,0.004516482353210449,45.53568098101869
20.81,0.0045166015625,46.083809575525024
20.81,0.004517674446105957,46.083809575525024
20.81,0.004516959190368652,46.083809575525024
20.81,0.00451815128326416,46.083809575525024
20.81,0.00440824031829834,46.083809575525024
20.81,0.004417061805725098,46.083809575525024
20.397,0.004419445991516113,45.94271158723297
20.397,0.0044220685958862305,45.94271158723297
20.397,0.004422307014465332,45.94271158723297
20.397,0.004423379898071289,45.94271158723297
20.397,0.004421710968017578,45.94271158723297
20.397,0.004422783851623535,45.94271158723297
20.42,0.0044248104095458984,46.48231484181927
20.42,0.004426002502441406,46.48231484181927
20.42,0.004426002502441406,46.48231484181927
20.42,0.004423379898071289,46.48231484181927
20.42,0.0044242143630981445,46.48231484181927
20.42,0.004425048828125,46.48231484181927
20.432,0.004423975944519043,46.34823399203426
20.432,0.004424095153808594,46.34823399203426
20.432,0.004423856735229492,46.34823399203426
20.432,0.004426717758178711,46.34823399203426
20.432,0.004313111305236816,46.34823399203426
20.432,0.004323840141296387,46.34823399203426
20.009,0.004331350326538086,46.23690564601687
20.009,0.004330992698669434,46.23690564601687
20.009,0.004330039024353027,46.23690564601687
20.009,0.0043256282806396484,46.23690564601687
20.009,0.004329085350036621,46.23690564601687
20.009,0.0043277740478515625,46.23690564601687
20.009,0.004330039024353027,46.23690564601687
20.038,0.00433349609375,46.52779100502684
20.038,0.004331707954406738,46.52779100502684
20.038,0.004332780838012695,46.52779100502684
20.038,0.004332423210144043,46.52779100502684
20.038,0.004332542419433594,46.52779100502684
20.038,0.004332065582275391,46.52779100502684
20.047,0.004332423210144043,46.21690823013236
20.047,0.004333376884460449,46.21690823013236
20.047,0.004332304000854492,46.21690823013236
20.047,0.004221081733703613,46.21690823013236
20.047,0.004233002662658691,46.21690823013236
20.047,0.0042351484298706055,46.21690823013236
19.63,0.004237651824951172,46.047525366036325
19.63,0.004240632057189941,46.047525366036325
19.63,0.004240274429321289,46.047525366036325
19.63,0.004241466522216797,46.047525366036325
19.63,0.0042421817779541016,46.047525366036325
19.63,0.0042417049407958984,46.047525366036325
19.656,0.004243373870849609,46.243310291891056
19.656,0.0042417049407958984,46.243310291891056
19.656,0.004241943359375,46.243310291891056
19.656,0.0042427778244018555,46.243310291891056
19.656,0.004242897033691406,46.243310291891056
19.656,0.004240989685058594,46.243310291891056
19.665,0.004144787788391113,45.700355179974565
19.665,0.00416111946105957,45.700355179974565
19.665,0.0041468143463134766,45.700355179974565
19.665,0.004243731498718262,45.700355179974565
19.665,0.004242062568664551,45.700355179974565
19.665,0.004242420196533203,45.700355179974565
19.273,0.004149436950683594,45.36408086806706
19.273,0.004151105880737305,45.36408086806706
19.273,0.004151821136474609,45.36408086806706
19.273,0.004153251647949219,45.36408086806706
19.273,0.004154205322265625,45.36408086806706
19.273,0.004154205322265625,45.36408086806706
19.293,0.004155278205871582,45.276188750267366
19.293,0.0041550397872924805,45.276188750267366
19.293,0.004155158996582031,45.276188750267366
19.293,0.004154801368713379,45.276188750267366
19.293,0.004154324531555176,45.276188750267366
19.293,0.00415492057800293,45.276188750267366
19.294,0.004154682159423828,45.068871232874564
19.294,0.004155278205871582,45.068871232874564
19.294,0.00415492057800293,45.068871232874564
19.294,0.004155158996582031,45.068871232874564
19.294,0.0040558576583862305,45.068871232874564
19.294,0.004059910774230957,45.068871232874564
18.902,0.004064321517944336,44.59174496489126
18.902,0.004065394401550293,44.59174496489126
18.902,0.004064440727233887,44.59174496489126
18.902,0.0040656328201293945,44.59174496489126
18.902,0.004066824913024902,44.59174496489126
18.902,0.004062175750732422,44.59174496489126
18.916,0.00406801700592041,44.59231515555223
18.916,0.004067778587341309,44.59231515555223
18.916,0.004067420959472656,44.59231515555223
18.916,0.004067420959472656,44.59231515555223
18.916,0.004065275192260742,44.59231515555223
18.916,0.004067063331604004,44.59231515555223
18.919,0.004067778587341309,44.145877716743954
18.919,0.004068255424499512,44.145877716743954
18.919,0.004066824913024902,44.145877716743954
18.919,0.004068493843078613,44.145877716743954
18.919,0.003971099853515625,44.145877716743954
18.919,0.003976225852966309,44.145877716743954
18.528,0.003978729248046875,43.93670717301016
18.528,0.003978133201599121,43.93670717301016
18.528,0.003981232643127441,43.93670717301016
18.528,0.003981351852416992,43.93670717301016
18.528,0.003982424736022949,43.93670717301016
18.528,0.0039823055267333984,43.93670717301016
18.553,0.0039825439453125,43.547924217566944
18.553,0.0039825439453125,43.547924217566944
18.553,0.003985047340393066,43.547924217566944
18.553,0.003982424736022949,43.547924217566944
18.553,0.003984212875366211,43.547924217566944
18.553,0.003983139991760254,43.547924217566944
18.556,0.0039827823638916016,43.40841437472663
18.556,0.003983736038208008,43.40841437472663
18.556,0.003984332084655762,43.40841437472663
18.556,0.003983974456787109,43.40841437472663
18.556,0.0038875341415405273,43.40841437472663
18.556,0.0038909912109375,43.40841437472663
18.174,0.0038977861404418945,43.039745950094115
18.174,0.0038930177688598633,43.039745950094115
18.174,0.003895998001098633,43.039745950094115
18.174,0.003896474838256836,43.039745950094115
18.174,0.0038979053497314453,43.039745950094115
18.174,0.0038993358612060547,43.039745950094115
18.184,0.0039004087448120117,42.85264736176508
18.184,0.003899097442626953,42.85264736176508
18.184,0.0038993358612060547,42.85264736176508
18.184,0.0039005279541015625,42.85264736176508
18.184,0.0038994550704956055,42.85264736176508
18.184,0.003899097442626953,42.85264736176508
18.192,0.0038118362426757812,42.32720006692304
18.192,0.003798365592956543,42.32720006692304
18.192,0.0039006471633911133,42.32720006692304
18.192,0.0039016008377075195,42.32720006692304
18.192,0.003900289535522461,42.32720006692304
18.192,0.0039000511169433594,42.32720006692304
17.837,0.0038166046142578125,42.40822454626176
17.837,0.003816962242126465,42.40822454626176
17.837,0.0038194656372070312,42.40822454626176
17.837,0.0038199424743652344,42.40822454626176
17.837,0.0038194656372070312,42.40822454626176
17.837,0.003820061683654785,42.40822454626176
17.851,0.0038224458694458008,41.96751434593637
17.851,0.0038225650787353516,41.96751434593637
17.851,0.0038219690322875977,41.96751434593637
17.851,0.0038216114044189453,41.96751434593637
17.851,0.0038210153579711914,41.96751434593637
17.851,0.00382077693939209,41.96751434593637
17.854,0.0038236379623413086,41.518260028665615
17.854,0.0037391185760498047,41.518260028665615
17.854,0.0038225650787353516,41.518260028665615
17.854,0.0038219690322875977,41.518260028665615
17.854,0.0038230419158935547,41.518260028665615
17.854,0.003821849822998047,41.518260028665615
17.488,0.003741145133972168,41.55000808421028
17.488,0.0037459135055541992,41.55000808421028
17.488,0.003744363784790039,41.55000808421028
17.488,0.0037484169006347656,41.55000808421028
17.526,0.003747701644897461,41.23166313119229
17.526,0.0037473440170288086,41.23166313119229
17.526,0.0037484169006347656,41.23166313119229
17.526,0.003748655319213867,41.23166313119229
17.526,0.003750324249267578,41.23166313119229
17.526,0.0037497282028198242,41.23166313119229
17.538,0.003663778305053711,40.95039497399043
17.538,0.0037491321563720703,40.95039497399043
17.538,0.0037506818771362305,40.95039497399043
17.538,0.003749251365661621,40.95039497399043
17.538,0.003749251365661621,40.95039497399043
17.538,0.003749251365661621,40.95039497399043
17.18,0.003669142723083496,40.705635548138716
17.18,0.003671407699584961,40.705635548138716
17.18,0.003674745559692383,40.705635548138716
17.18,0.0036736726760864258,40.705635548138716
17.18,0.003674745559692383,40.705635548138716
17.18,0.0036753416061401367,40.705635548138716
17.18,0.0036765336990356445,40.705635548138716
17.213,0.0036773681640625,40.44949737063554
17.213,0.0036760568618774414,40.44949737063554
17.213,0.003678441047668457,40.44949737063554
17.213,0.0036766529083251953,40.44949737063554
17.213,0.0036772489547729492,40.44949737063554
17.213,0.0036771297454833984,40.44949737063554
17.218,0.0035991668701171875,40.27545312232965
17.218,0.0035899877548217773,40.27545312232965
17.218,0.0036771297454833984,40.27545312232965
17.218,0.0036773681640625,40.27545312232965
17.218,0.0036771297454833984,40.27545312232965
17.218,0.0036764144897460938,40.27545312232965
16.893,0.0036009550094604492,40.27858849073824
16.893,0.0036034584045410156,40.27858849073824
16.893,0.0036046504974365234,40.27858849073824
16.893,0.003603219985961914,40.27858849073824
16.893,0.0036062002182006836,40.27858849073824
16.893,0.0036057233810424805,40.27858849073824
16.902,0.0036063194274902344,39.87429886277925
16.902,0.003606438636779785,39.87429886277925
16.902,0.0036083459854125977,39.87429886277925
16.902,0.00360715389251709,39.87429886277925
16.902,0.0036063194274902344,39.87429886277925
16.902,0.0036077499389648438,39.87429886277925
16.907,0.0035257339477539062,39.59072756687158
16.907,0.0035170316696166992,39.59072756687158
16.907,0.0036083459854125977,39.59072756687158
16.907,0.0036073923110961914,39.59072756687158
16.907,0.0036058425903320312,39.59072756687158
16.907,0.0036069154739379883,39.59072756687158
16.578,0.003533482551574707,39.53519093633602
16.578,0.00353240966796875,39.53519093633602
16.578,0.0035327672958374023,39.53519093633602
16.578,0.003531932830810547,39.53519093633602
16.578,0.003530263900756836,39.53519093633602
16.578,0.0035316944122314453,39.53519093633602
16.594,0.0035344362258911133,39.1645077233503
16.594,0.0035341978073120117,39.1645077233503
16.594,0.0035337209701538086,39.1645077233503
16.594,0.00353395938873291,39.1645077233503
16.594,0.0035355091094970703,39.1645077233503
16.594,0.0035353899002075195,39.1645077233503
16.599,0.0035355091094970703,39.19418959179386
16.599,0.0035361051559448242,39.19418959179386
16.599,0.0035363435745239258,39.19418959179386
16.599,0.0035355091094970703,39.19418959179386
16.599,0.0035361051559448242,39.19418959179386
16.599,0.0035359859466552734,39.19418959179386
16.603,0.003535032272338867,38.98351940712679
16.603,0.0035361051559448242,38.98351940712679
16.603,0.0035359859466552734,38.98351940712679
16.603,0.0035363435745239258,38.98351940712679
16.603,0.003535628318786621,38.98351940712679
16.603,0.0035358667373657227,38.98351940712679
16.606,0.003537297248840332,38.65284573830155
16.606,0.0035364627838134766,38.65284573830155
16.606,0.0035369396209716797,38.65284573830155
16.606,0.0035376548767089844,38.65284573830155
16.606,0.0035359859466552734,38.65284573830155
16.606,0.003537416458129883,38.65284573830155
16.607,0.0035364627838134766,38.607223469516725
16.607,0.003536701202392578,38.607223469516725
16.607,0.0035355091094970703,38.607223469516725
16.607,0.0035355091094970703,38.607223469516725
16.607,0.0035358667373657227,38.607223469516725
16.607,0.0035369396209716797,38.607223469516725
16.607,0.0035371780395507812,38.61629804877143
16.607,0.0035370588302612305,38.61629804877143
16.607,0.0035352706909179688,38.61629804877143
16.607,0.003535747528076172,38.61629804877143
16.607,0.003537774085998535,38.61629804877143
16.607,0.0035361051559448242,38.61629804877143
16.609,0.003537416458129883,38.76651415925046
16.609,0.0035375356674194336,38.76651415925046
16.609,0.003537297248840332,38.76651415925046
16.609,0.0035361051559448242,38.76651415925046
16.609,0.003537893295288086,38.76651415925046
16.609,0.003536701202392578,38.76651415925046
16.608,0.003538370132446289,38.96821299054948
16.608,0.0035370588302612305,38.96821299054948
16.608,0.0035363435745239258,38.96821299054948
16.608,0.003537774085998535,38.96821299054948
16.608,0.0035375356674194336,38.96821299054948
16.608,0.003536820411682129,38.96821299054948
16.614,0.003537774085998535,39.10354779070026
16.614,0.0035381317138671875,39.10354779070026
16.614,0.003537774085998535,39.10354779070026
16.614,0.0035375356674194336,39.10354779070026
16.614,0.003539443016052246,39.10354779070026
16.614,0.003537893295288086,39.10354779070026
16.62,0.0035398006439208984,39.486681973670514
16.62,0.003538370132446289,39.486681973670514
16.62,0.003537774085998535,39.486681973670514
16.62,0.0035382509231567383,39.486681973670514
16.62,0.0035393238067626953,39.486681973670514
16.62,0.0035380125045776367,39.486681973670514
16.621,0.0035392045974731445,39.92415719300822
16.621,0.0035390853881835938,39.92415719300822
16.621,0.0035390853881835938,39.92415719300822
16.621,0.0035390853881835938,39.92415719300822
16.621,0.003538966178894043,39.92415719300822
16.621,0.003539443016052246,39.92415719300822
16.621,0.0035380125045776367,40.10483868926899
16.621,0.0035407543182373047,40.10483868926899
16.621,0.0035381317138671875,40.10483868926899
16.621,0.003537416458129883,40.10483868926899
16.621,0.0035386085510253906,40.10483868926899
16.621,0.0035398006439208984,40.10483868926899
16.621,0.0035396814346313477,41.0138118878666
16.621,0.003539443016052246,41.0138118878666
16.621,0.0035401582717895508,41.0138118878666
16.621,0.0035402774810791016,41.0138118878666
16.621,0.003538966178894043,41.0138118878666
16.621,0.0035398006439208984,41.0138118878666
16.623,0.00353848934173584,41.56928369360033
16.623,0.0035392045974731445,41.56928369360033
16.623,0.0035398006439208984,41.56928369360033
16.623,0.0035399198532104492,41.56928369360033
16.623,0.00353848934173584,41.56928369360033
16.623,0.0035398006439208984,41.56928369360033
16.625,0.003539562225341797,41.73963482242051
16.625,0.0035399198532104492,41.73963482242051
16.625,0.003539562225341797,41.73963482242051
16.625,0.003539562225341797,41.73963482242051
16.625,0.0035401582717895508,41.73963482242051
16.625,0.003539443016052246,41.73963482242051
16.628,0.0035390853881835938,42.35453841378827
16.628,0.0035393238067626953,42.35453841378827
16.628,0.0035393238067626953,42.35453841378827
16.628,0.0035396814346313477,42.35453841378827
16.628,0.0035393238067626953,42.35453841378827
16.628,0.0035407543182373047,42.35453841378827
16.629,0.0035402774810791016,43.15637514909085
16.629,0.0035409927368164062,43.15637514909085
16.629,0.003538846969604492,43.15637514909085
16.629,0.0035407543182373047,43.15637514909085
16.629,0.0035398006439208984,43.15637514909085
16.629,0.0035393238067626953,43.15637514909085
16.63,0.003541111946105957,43.55580918548749
16.63,0.0035403966903686523,43.55580918548749
16.63,0.0035396814346313477,43.55580918548749
16.63,0.0035400390625,43.55580918548749
16.63,0.0035400390625,43.55580918548749
16.63,0.0035392045974731445,43.55580918548749
16.63,0.003540515899658203,43.55580918548749
16.631,0.003539443016052246,44.419106134841854
16.631,0.0035393238067626953,44.419106134841854
16.631,0.003539562225341797,44.419106134841854
16.631,0.0035402774810791016,44.419106134841854
16.631,0.0035398006439208984,44.419106134841854
16.631,0.0035396814346313477,44.419106134841854
16.641,0.0035407543182373047,44.78559703962202
16.641,0.003541111946105957,44.78559703962202
16.641,0.0035402774810791016,44.78559703962202
16.641,0.0035399198532104492,44.78559703962202
16.641,0.0035409927368164062,44.78559703962202
16.641,0.003540515899658203,44.78559703962202
16.643,0.0035402774810791016,45.52804748695522
16.643,0.0035413503646850586,45.52804748695522
16.643,0.003539562225341797,45.52804748695522
16.643,0.0035393238067626953,45.52804748695522
16.643,0.0035400390625,45.52804748695522
16.643,0.0035407543182373047,45.52804748695522
16.647,0.0035409927368164062,46.10726051527776
16.647,0.003539562225341797,46.10726051527776
16.647,0.0035403966903686523,46.10726051527776
16.647,0.0035400390625,46.10726051527776
16.647,0.0035396814346313477,46.10726051527776
16.647,0.0035403966903686523,46.10726051527776
16.65,0.0035408735275268555,46.623058237659755
16.65,0.0035399198532104492,46.623058237659755
16.65,0.003539443016052246,46.623058237659755
16.65,0.0035398006439208984,46.623058237659755
16.65,0.003540515899658203,46.623058237659755
16.65,0.0035402774810791016,46.623058237659755
16.653,0.0035402774810791016,47.000177536746904
16.653,0.0035400390625,47.000177536746904
16.653,0.0035386085510253906,47.000177536746904
16.653,0.0035402774810791016,47.000177536746904
16.653,0.0035401582717895508,47.000177536746904
16.653,0.0035396814346313477,47.000177536746904
16.654,0.0035396814346313477,47.12547975187306
16.654,0.003538966178894043,47.12547975187306
16.654,0.003541111946105957,47.12547975187306
16.654,0.003539562225341797,47.12547975187306
16.654,0.0035390853881835938,47.12547975187306
16.654,0.003538846969604492,47.12547975187306
16.655,0.0035382509231567383,47.42252887342248
16.655,0.0035401582717895508,47.42252887342248
16.655,0.0035381317138671875,47.42252887342248
16.655,0.0035403966903686523,47.42252887342248
16.655,0.0035386085510253906,47.42252887342248
16.655,0.0035392045974731445,47.42252887342248
16.656,0.0035399198532104492,47.64575606280431
16.656,0.0035393238067626953,47.64575606280431
16.656,0.0035382509231567383,47.64575606280431
16.656,0.0035380125045776367,47.64575606280431
16.656,0.0035382509231567383,47.64575606280431
16.656,0.0035387277603149414,47.64575606280431
16.656,0.0035380125045776367,47.472926291474494
16.656,0.0035392045974731445,47.472926291474494
16.656,0.003539562225341797,47.472926291474494
16.656,0.003538966178894043,47.472926291474494
16.656,0.0035365819931030273,47.472926291474494
16.656,0.003538370132446289,47.472926291474494
16.655,0.0035359859466552734,47.3866049900776
16.655,0.003537893295288086,47.3866049900776
16.655,0.0035358667373657227,47.3866049900776
16.655,0.00353848934173584,47.3866049900776
16.655,0.00353848934173584,47.3866049900776
16.655,0.003537893295288086,47.3866049900776
16.655,0.003537774085998535,47.24995922905268
16.655,0.0035363435745239258,47.24995922905268
16.655,0.003536701202392578,47.24995922905268
16.655,0.0035369396209716797,47.24995922905268
16.655,0.0035358667373657227,47.24995922905268
16.655,0.003536701202392578,47.24995922905268
16.655,0.003537297248840332,46.89593415444848
16.655,0.0035363435745239258,46.89593415444848
16.655,0.003535747528076172,46.89593415444848
16.655,0.0035363435745239258,46.89593415444848
16.655,0.0035376548767089844,46.89593415444848
16.655,0.0035369396209716797,46.89593415444848
16.652,0.003536224365234375,46.563968944878965
16.652,0.003535151481628418,46.563968944878965
16.652,0.0035364627838134766,46.563968944878965
16.652,0.003534555435180664,46.563968944878965
16.652,0.003535151481628418,46.563968944878965
16.652,0.003535747528076172,46.563968944878965
16.653,0.00353395938873291,46.01478481253427
16.653,0.003534674644470215,46.01478481253427
16.653,0.0035355091094970703,46.01478481253427
16.653,0.0035361051559448242,46.01478481253427
16.653,0.003535032272338867,46.01478481253427
16.653,0.0035361051559448242,46.01478481253427
16.651,0.003535151481628418,45.58888306189377
16.651,0.0035347938537597656,45.58888306189377
16.651,0.00353395938873291,45.58888306189377
16.651,0.0035338401794433594,45.58888306189377
16.651,0.003535151481628418,45.58888306189377
16.651,0.003534555435180664,45.58888306189377
16.652,0.00353395938873291,45.32316008143009
16.652,0.0035333633422851562,45.32316008143009
16.652,0.003534555435180664,45.32316008143009
16.652,0.003535151481628418,45.32316008143009
16.652,0.0035333633422851562,45.32316008143009
16.652,0.0035341978073120117,45.32316008143009
16.656,0.0035344362258911133,44.85169827745594
16.656,0.0035331249237060547,44.85169827745594
16.656,0.0035349130630493164,44.85169827745594
16.656,0.0035337209701538086,44.85169827745594
16.656,0.003535032272338867,44.85169827745594
16.656,0.0035347938537597656,44.85169827745594
16.656,0.0035332441329956055,44.12701010450242
16.656,0.0035349130630493164,44.12701010450242
16.656,0.0035327672958374023,44.12701010450242
16.656,0.003534674644470215,44.12701010450242
16.656,0.003533482551574707,44.12701010450242
16.656,0.0035327672958374023,44.12701010450242
16.657,0.0035326480865478516,43.59165123716028
16.657,0.0035332441329956055,43.59165123716028
16.657,0.0035326480865478516,43.59165123716028
16.657,0.0035325288772583008,43.59165123716028
16.657,0.0035341978073120117,43.59165123716028
16.657,0.0035331249237060547,43.59165123716028
16.652,0.0035333633422851562,43.41737286231784
16.652,0.0035337209701538086,43.41737286231784
16.652,0.0035337209701538086,43.41737286231784
16.652,0.0035337209701538086,43.41737286231784
16.652,0.0035315752029418945,43.41737286231784
16.652,0.0035337209701538086,43.41737286231784
16.65,0.003533005714416504,42.76986366278379
16.65,0.0035338401794433594,42.76986366278379
16.65,0.00353240966796875,42.76986366278379
16.65,0.0035331249237060547,42.76986366278379
16.65,0.0035337209701538086,42.76986366278379
16.65,0.0035343170166015625,42.76986366278379
16.652,0.0035331249237060547,42.04884027615602
16.652,0.0035332441329956055,42.04884027615602
16.652,0.0035344362258911133,42.04884027615602
16.652,0.0035332441329956055,42.04884027615602
16.652,0.0035343170166015625,42.04884027615602
16.652,0.0035325288772583008,42.04884027615602
16.652,0.003534078598022461,41.92926572056216
16.652,0.0035349130630493164,41.92926572056216
16.652,0.003532886505126953,41.92926572056216
16.652,0.00353395938873291,41.92926572056216
16.652,0.003533482551574707,41.92926572056216
16.652,0.003534078598022461,41.92926572056216
16.652,0.003533601760864258,41.14726697986504
16.652,0.0035338401794433594,41.14726697986504
16.652,0.0035327672958374023,41.14726697986504
16.652,0.003533005714416504,41.14726697986504
16.652,0.003533601760864258,41.14726697986504
16.652,0.0035333633422851562,41.14726697986504
16.654,0.0035331249237060547,40.79607029290046
16.654,0.003531932830810547,40.79607029290046
16.654,0.0035322904586791992,40.79607029290046
16.654,0.0035338401794433594,40.79607029290046
16.654,0.00353395938873291,40.79607029290046
16.654,0.0035325288772583008,40.79607029290046
16.654,0.003531932830810547,40.79607029290046
16.651,0.0035344362258911133,40.44285387782813
16.651,0.0035327672958374023,40.44285387782813
16.651,0.0035332441329956055,40.44285387782813
16.651,0.003533005714416504,40.44285387782813
16.651,0.0035333633422851562,40.44285387782813
16.651,0.003532886505126953,40.44285387782813
16.649,0.003534674644470215,39.643136304174774
16.649,0.003534078598022461,39.643136304174774
16.649,0.0035332441329956055,39.643136304174774
16.649,0.003533601760864258,39.643136304174774
16.649,0.0035331249237060547,39.643136304174774
16.649,0.0035326480865478516,39.643136304174774
16.644,0.0035331249237060547,39.158009491074075
16.644,0.0035341978073120117,39.158009491074075
16.644,0.0035333633422851562,39.158009491074075
16.644,0.0035326480865478516,39.158009491074075
16.644,0.0035338401794433594,39.158009491074075
16.644,0.0035332441329956055,39.158009491074075
16.644,0.003533482551574707,38.903912781236706
16.644,0.003534078598022461,38.903912781236706
16.644,0.003534078598022461,38.903912781236706
16.644,0.0035325288772583008,38.903912781236706
16.644,0.0035332441329956055,38.903912781236706
16.644,0.003533601760864258,38.903912781236706
16.643,0.0035337209701538086,37.92695984483944
16.643,0.0035332441329956055,37.92695984483944
16.643,0.003533601760864258,37.92695984483944
16.643,0.0035333633422851562,37.92695984483944
16.643,0.0035344362258911133,37.92695984483944
16.643,0.0035333633422851562,37.92695984483944
16.641,0.003534078598022461,37.87000653231243
16.641,0.0035344362258911133,37.87000653231243
16.641,0.0035349130630493164,37.87000653231243
16.641,0.003532886505126953,37.87000653231243
16.641,0.003533482551574707,37.87000653231243
16.641,0.0035364627838134766,37.87000653231243
16.642,0.0035332441329956055,37.34271497948019
16.642,0.003534555435180664,37.34271497948019
16.642,0.003534674644470215,37.34271497948019
16.642,0.003535151481628418,37.34271497948019
16.642,0.0035332441329956055,37.34271497948019
16.642,0.0035344362258911133,37.34271497948019
16.641,0.003535151481628418,36.56119280033231
16.641,0.003535032272338867,36.56119280033231
16.641,0.0035353899002075195,36.56119280033231
16.641,0.003535628318786621,36.56119280033231
16.641,0.003534078598022461,36.56119280033231
16.641,0.0035355091094970703,36.56119280033231
16.637,0.003535747528076172,36.53792279593803
16.637,0.003533482551574707,36.53792279593803
16.637,0.003535151481628418,36.53792279593803
16.637,0.003535628318786621,36.53792279593803
16.637,0.0035363435745239258,36.53792279593803
16.637,0.003535628318786621,36.53792279593803
16.639,0.003535151481628418,36.06292374008033
16.639,0.0035352706909179688,36.06292374008033
16.639,0.003535151481628418,36.06292374008033
16.639,0.0035347938537597656,36.06292374008033
16.639,0.0035369396209716797,36.06292374008033
16.639,0.0035359859466552734,36.06292374008033
16.637,0.0035359859466552734,35.51187821274941
16.637,0.003535628318786621,35.51187821274941
16.637,0.003535628318786621,35.51187821274941
16.637,0.003535628318786621,35.51187821274941
16.637,0.003535747528076172,35.51187821274941
16.637,0.0035363435745239258,35.51187821274941
16.639,0.003536224365234375,35.00887993547484
16.639,0.0035359859466552734,35.00887993547484
16.639,0.0035363435745239258,35.00887993547484
16.639,0.0035370588302612305,35.00887993547484
16.639,0.0035352706909179688,35.00887993547484
16.639,0.0035364627838134766,35.00887993547484
16.64,0.0035358667373657227,34.89980642673929
16.64,0.003535747528076172,34.89980642673929
16.64,0.003535032272338867,34.89980642673929
16.64,0.0035370588302612305,34.89980642673929
16.64,0.0035365819931030273,34.89980642673929
16.64,0.003536820411682129,34.89980642673929
16.636,0.003535628318786621,34.83882717496786
16.636,0.0035376548767089844,34.83882717496786
16.636,0.003535747528076172,34.83882717496786
16.636,0.003537297248840332,34.83882717496786
16.636,0.003536820411682129,34.83882717496786
16.636,0.0035364627838134766,34.83882717496786
16.638,0.0035369396209716797,33.99971506804164
16.638,0.0035371780395507812,33.99971506804164
16.638,0.003537297248840332,33.99971506804164
16.638,0.0035369396209716797,33.99971506804164
16.638,0.0035363435745239258,33.99971506804164
16.638,0.0035371780395507812,33.99971506804164
16.636,0.003536820411682129,33.72519428971073
16.636,0.0035364627838134766,33.72519428971073
16.636,0.003538370132446289,33.72519428971073
16.636,0.003537893295288086,33.72519428971073
16.636,0.0035364627838134766,33.72519428971073
16.636,0.0035371780395507812,33.72519428971073
16.635,0.0035380125045776367,33.45305408325258
16.635,0.00353848934173584,33.45305408325258
16.635,0.0035370588302612305,33.45305408325258
16.635,0.0035381317138671875,33.45305408325258
16.635,0.0035363435745239258,33.45305408325258
16.635,0.003537893295288086,33.45305408325258
16.635,0.0035380125045776367,32.867768852873155
16.635,0.0035380125045776367,32.867768852873155
16.635,0.0035375356674194336,32.867768852873155
16.635,0.0035381317138671875,32.867768852873155
16.635,0.0035375356674194336,32.867768852873155
16.635,0.0035380125045776367,32.867768852873155
16.632,0.003538846969604492,32.60916350382266
16.632,0.0035382509231567383,32.60916350382266
16.632,0.003537774085998535,32.60916350382266
16.632,0.0035386085510253906,32.60916350382266
16.632,0.0035386085510253906,32.60916350382266
16.632,0.0035396814346313477,32.60916350382266
16.632,0.0035393238067626953,32.551844780722014
16.632,0.0035393238067626953,32.551844780722014
16.632,0.003537893295288086,32.551844780722014
16.632,0.0035393238067626953,32.551844780722014
16.632,0.0035393238067626953,32.551844780722014
16.632,0.0035382509231567383,32.551844780722014
16.631,0.0035396814346313477,32.18968268549692
16.631,0.0035396814346313477,32.18968268549692
16.631,0.0035400390625,32.18968268549692
16.631,0.0035386085510253906,32.18968268549692
16.631,0.0035398006439208984,32.18968268549692
16.631,0.003538370132446289,32.18968268549692
16.635,0.003539562225341797,31.50442359637026
16.635,0.003539562225341797,31.50442359637026
16.635,0.0035399198532104492,31.50442359637026
16.635,0.0035400390625,31.50442359637026
16.635,0.0035400390625,31.50442359637026
16.635,0.0035393238067626953,31.50442359637026
16.635,0.0035403966903686523,31.572533803208167
16.635,0.003539562225341797,31.572533803208167
16.635,0.003540515899658203,31.572533803208167
16.635,0.00353848934173584,31.572533803208167
16.635,0.0035393238067626953,31.572533803208167
16.635,0.0035399198532104492,31.572533803208167
16.636,0.003540515899658203,31.15392593322229
16.636,0.003540635108947754,31.15392593322229
16.636,0.0035402774810791016,31.15392593322229
16.636,0.003539562225341797,31.15392593322229
16.636,0.0035400390625,31.15392593322229
16.636,0.0035403966903686523,31.15392593322229
16.636,0.003541231155395508,30.803735198334145
16.636,0.0035413503646850586,30.803735198334145
16.636,0.0035409927368164062,30.803735198334145
16.636,0.0035419464111328125,30.803735198334145
16.636,0.003540635108947754,30.803735198334145
16.636,0.0035408735275268555,30.803735198334145
16.636,0.0035408735275268555,30.803735198334145
16.634,0.0035402774810791016,30.54606654956976
16.634,0.0035403966903686523,30.54606654956976
16.634,0.0035413503646850586,30.54606654956976
16.634,0.0035409927368164062,30.54606654956976
16.634,0.0035418272018432617,30.54606654956976
16.634,0.0035414695739746094,30.54606654956976
16.63,0.003541707992553711,30.11767858984926
16.63,0.0035407543182373047,30.11767858984926
16.63,0.0035413503646850586,30.11767858984926
16.63,0.0035407543182373047,30.11767858984926
16.63,0.0035420656204223633,30.11767858984926
16.63,0.0035425424575805664,30.11767858984926
16.627,0.003542661666870117,29.643277134658785
16.627,0.0035413503646850586,29.643277134658785
16.627,0.003541231155395508,29.643277134658785
16.627,0.0035420656204223633,29.643277134658785
16.627,0.0035413503646850586,29.643277134658785
16.627,0.0035414695739746094,29.643277134658785
16.629,0.003542661666870117,29.792903504579712
16.629,0.0035434961318969727,29.792903504579712
16.629,0.0035401582717895508,29.792903504579712
16.629,0.0035431385040283203,29.792903504579712
16.629,0.003542661666870117,29.792903504579712
16.629,0.0035434961318969727,29.792903504579712
16.631,0.0035425424575805664,29.234012050872188
16.631,0.0035431385040283203,29.234012050872188
16.631,0.0035429000854492188,29.234012050872188
16.631,0.003542661666870117,29.234012050872188
16.631,0.003543257713317871,29.234012050872188
16.631,0.003542184829711914,29.234012050872188
16.628,0.0035439729690551758,29.155533415952846
16.628,0.0035436153411865234,29.155533415952846
16.628,0.003543853759765625,29.155533415952846
16.628,0.003542780876159668,29.155533415952846
16.628,0.003542661666870117,29.155533415952846
16.628,0.003542661666870117,29.155533415952846
16.628,0.003543853759765625,29.090316173215776
16.628,0.003542661666870117,29.090316173215776
16.628,0.0035434961318969727,29.090316173215776
16.628,0.003542661666870117,29.090316173215776
16.628,0.0035430192947387695,29.090316173215776
16.628,0.0035434961318969727,29.090316173215776
16.629,0.0035439729690551758,28.487337667310616
16.629,0.0035424232482910156,28.487337667310616
16.629,0.0035434961318969727,28.487337667310616
16.629,0.0035434961318969727,28.487337667310616
16.629,0.003543376922607422,28.487337667310616
16.629,0.0035439729690551758,28.487337667310616
16.626,0.003543376922607422,28.186653800310793
16.626,0.0035442113876342773,28.186653800310793
16.626,0.0035456418991088867,28.186653800310793
16.626,0.0035445690155029297,28.186653800310793
16.626,0.003544330596923828,28.186653800310793
16.626,0.0035452842712402344,28.186653800310793
16.628,0.0035437345504760742,28.080688176136633
16.628,0.003545403480529785,28.080688176136633
16.628,0.0035451650619506836,28.080688176136633
16.628,0.003544926643371582,28.080688176136633
16.628,0.0035436153411865234,28.080688176136633
16.628,0.0035437345504760742,28.080688176136633
16.627,0.003544926643371582,27.712745361454402
16.627,0.0035458803176879883,27.712745361454402
16.627,0.003545045852661133,27.712745361454402
16.627,0.003545999526977539,27.712745361454402
16.627,0.0035458803176879883,27.712745361454402
16.627,0.00354611873626709,27.712745361454402
16.628,0.0035457611083984375,27.3802238754636
16.628,0.003545522689819336,27.3802238754636
16.628,0.003545522689819336,27.3802238754636
16.628,0.0035445690155029297,27.3802238754636
16.628,0.003545403480529785,27.3802238754636
16.628,0.003545045852661133,27.3802238754636
16.625,0.003545999526977539,27.34679357633848
16.625,0.0035462379455566406,27.34679357633848
16.625,0.003546595573425293,27.34679357633848
16.625,0.0035448074340820312,27.34679357633848
16.625,0.003545403480529785,27.34679357633848
16.625,0.003544926643371582,27.34679357633848
16.624,0.00354611873626709,27.147180591000556
16.624,0.0035452842712402344,27.147180591000556
16.624,0.0035469532012939453,27.147180591000556
16.624,0.0035469532012939453,27.147180591000556
16.624,0.0035467147827148438,27.147180591000556
16.624,0.0035456418991088867,27.147180591000556
16.624,0.0035458803176879883,26.876684156949683
16.624,0.003546595573425293,26.876684156949683
16.624,0.0035456418991088867,26.876684156949683
16.624,0.0035475492477416992,26.876684156949683
16.624,0.003546476364135742,26.876684156949683
16.624,0.003548264503479004,26.876684156949683
16.626,0.00354611873626709,26.430396213259794
16.626,0.003545403480529785,26.430396213259794
16.626,0.0035473108291625977,26.430396213259794
16.626,0.00354766845703125,26.430396213259794
16.626,0.0035473108291625977,26.430396213259794
16.626,0.0035474300384521484,26.430396213259794
16.628,0.0035475492477416992,26.375827052289235
16.628,0.0035468339920043945,26.375827052289235
16.628,0.0035489797592163086,26.375827052289235
16.628,0.003547072410583496,26.375827052289235
16.628,0.0035473108291625977,26.375827052289235
16.628,0.00354611873626709,26.375827052289235
16.626,0.0035479068756103516,26.051021341766784
16.626,0.003547072410583496,26.051021341766784
16.626,0.0035480260848999023,26.051021341766784
16.626,0.0035480260848999023,26.051021341766784
16.626,0.0035480260848999023,26.051021341766784
16.626,0.003547191619873047,26.051021341766784
16.627,0.003547191619873047,25.843706193576523
16.627,0.003548741340637207,25.843706193576523
16.627,0.003548145294189453,25.843706193576523
16.627,0.0035483837127685547,25.843706193576523
16.627,0.003548264503479004,25.843706193576523
16.627,0.003548860549926758,25.843706193576523
16.628,0.0035486221313476562,25.725521787280247
16.628,0.003548145294189453,25.725521787280247
16.628,0.0035485029220581055,25.725521787280247
16.628,0.003548264503479004,25.725521787280247
16.628,0.003548145294189453,25.725521787280247
16.628,0.00354766845703125,25.725521787280247
16.629,0.0035489797592163086,25.403471735123468
16.629,0.0035486221313476562,25.403471735123468
16.629,0.0035489797592163086,25.403471735123468
16.629,0.0035494565963745117,25.403471735123468
16.629,0.0035490989685058594,25.403471735123468
16.629,0.0035490989685058594,25.403471735123468
16.63,0.0035494565963745117,25.250624772280304
16.63,0.0035475492477416992,25.250624772280304
16.63,0.0035490989685058594,25.250624772280304
16.63,0.003548860549926758,25.250624772280304
16.63,0.0035494565963745117,25.250624772280304
16.63,0.003548264503479004,25.250624772280304
16.628,0.0035500526428222656,25.01501304484018
16.628,0.0035494565963745117,25.01501304484018
16.628,0.003548741340637207,25.01501304484018
16.628,0.0035480260848999023,25.01501304484018
16.628,0.0035490989685058594,25.01501304484018
16.628,0.0035494565963745117,25.01501304484018
16.626,0.003549814224243164,24.7437948323766
16.626,0.0035490989685058594,24.7437948323766
16.626,0.0035517215728759766,24.7437948323766
16.626,0.0035490989685058594,24.7437948323766
16.626,0.003548264503479004,24.7437948323766
16.626,0.003549337387084961,24.7437948323766
16.626,0.0035494565963745117,24.614426185684067
16.626,0.003550291061401367,24.614426185684067
16.626,0.0035485029220581055,24.614426185684067
16.626,0.0035505294799804688,24.614426185684067
16.626,0.003549933433532715,24.614426185684067
16.626,0.003548860549926758,24.614426185684067
16.625,0.0035506486892700195,24.350411275546946
16.625,0.003549933433532715,24.350411275546946
16.625,0.003548741340637207,24.350411275546946
16.625,0.0035501718521118164,24.350411275546946
16.625,0.0035521984100341797,24.350411275546946
16.625,0.003549814224243164,24.350411275546946
16.628,0.0035513639450073242,24.15012467832244
16.628,0.0035513639450073242,24.15012467832244
16.628,0.0035505294799804688,24.15012467832244
16.628,0.0035501718521118164,24.15012467832244
16.628,0.003549933433532715,24.15012467832244
16.628,0.0035505294799804688,24.15012467832244
16.628,0.003549337387084961,24.15012467832244
16.623,0.0035513639450073242,23.80210424672827
16.623,0.0035505294799804688,23.80210424672827
16.623,0.0035521984100341797,23.80210424672827
16.623,0.003549814224243164,23.80210424672827
16.623,0.0035495758056640625,23.80210424672827
16.623,0.0035516023635864258,23.80210424672827
16.622,0.0035500526428222656,23.737451956000513
16.622,0.003552556037902832,23.737451956000513
16.622,0.003550291061401367,23.737451956000513
16.622,0.003551959991455078,23.737451956000513
16.622,0.0035518407821655273,23.737451956000513
16.622,0.0035516023635864258,23.737451956000513
16.622,0.003552556037902832,23.497935874879417
16.622,0.0035523176193237305,23.497935874879417
16.622,0.0035516023635864258,23.497935874879417
16.622,0.0035505294799804688,23.497935874879417
16.622,0.0035511255264282227,23.497935874879417
16.622,0.0035513639450073242,23.497935874879417
16.621,0.0035513639450073242,23.260030430162647
16.621,0.0035511255264282227,23.260030430162647
16.621,0.0035511255264282227,23.260030430162647
16.621,0.003551483154296875,23.260030430162647
16.621,0.003553152084350586,23.260030430162647
16.621,0.0035521984100341797,23.260030430162647
16.622,0.0035527944564819336,23.069104388298086
16.622,0.0035513639450073242,23.069104388298086
16.622,0.0035523176193237305,23.069104388298086
16.622,0.003550291061401367,23.069104388298086
16.622,0.0035521984100341797,23.069104388298086
16.622,0.0035517215728759766,23.069104388298086
16.624,0.0035521984100341797,22.95280116873292
16.624,0.0035527944564819336,22.95280116873292
16.624,0.003553628921508789,22.95280116873292
16.624,0.003552675247192383,22.95280116873292
16.624,0.003552079200744629,22.95280116873292
16.624,0.003553152084350586,22.95280116873292
16.624,0.0035516023635864258,22.884618697403297
16.624,0.003552675247192383,22.884618697403297
16.624,0.0035518407821655273,22.884618697403297
16.624,0.0035535097122192383,22.884618697403297
16.624,0.0035533905029296875,22.884618697403297
16.624,0.0035532712936401367,22.884618697403297
16.625,0.0035516023635864258,22.78867088457435
16.625,0.003553032875061035,22.78867088457435
16.625,0.003553032875061035,22.78867088457435
16.625,0.003554821014404297,22.78867088457435
16.625,0.0035538673400878906,22.78867088457435
16.625,0.0035521984100341797,22.78867088457435
16.628,0.003553032875061035,22.402306090821376
16.628,0.0035532712936401367,22.402306090821376
16.628,0.0035524368286132812,22.402306090821376
16.628,0.0035532712936401367,22.402306090821376
16.628,0.003552556037902832,22.402306090821376
16.628,0.0035532712936401367,22.402306090821376
16.63,0.0035533905029296875,22.032459647075754
16.63,0.0035538673400878906,22.032459647075754
16.63,0.0035533905029296875,22.032459647075754
16.63,0.0035523176193237305,22.032459647075754
16.63,0.003553628921508789,22.032459647075754
16.63,0.0035535097122192383,22.032459647075754
16.628,0.0035554170608520508,22.00389639913934
16.628,0.003552556037902832,22.00389639913934
16.628,0.003554224967956543,22.00389639913934
16.628,0.0035521984100341797,22.00389639913934
16.628,0.0035545825958251953,22.00389639913934
16.628,0.0035543441772460938,22.00389639913934
16.624,0.0035545825958251953,21.78379265135961
16.624,0.0035538673400878906,21.78379265135961
16.624,0.003553628921508789,21.78379265135961
16.624,0.0035554170608520508,21.78379265135961
16.624,0.0035532712936401367,21.78379265135961
16.624,0.0035551786422729492,21.78379265135961
16.621,0.0035524368286132812,21.598838709056487
16.621,0.0035550594329833984,21.598838709056487
16.621,0.0035545825958251953,21.598838709056487
16.621,0.0035532712936401367,21.598838709056487
16.621,0.0035551786422729492,21.598838709056487
16.621,0.003554701805114746,21.598838709056487
16.619,0.003555774688720703,21.440952297330227
16.619,0.003554821014404297,21.440952297330227
16.619,0.0035556554794311523,21.440952297330227
16.619,0.0035554170608520508,21.440952297330227
16.619,0.003554701805114746,21.440952297330227
16.619,0.003554701805114746,21.440952297330227
16.622,0.0035561323165893555,21.247237387030058
16.622,0.00355374813079834,21.247237387030058
16.622,0.0035555362701416016,21.247237387030058
16.622,0.0035554170608520508,21.247237387030058
16.622,0.0035551786422729492,21.247237387030058
16.622,0.0035543441772460938,21.247237387030058
16.622,0.0035545825958251953,21.130609592474055
16.622,0.0035552978515625,21.130609592474055
16.622,0.0035552978515625,21.130609592474055
16.622,0.003557920455932617,21.130609592474055
16.622,0.003554821014404297,21.130609592474055
16.622,0.0035566091537475586,21.130609592474055
16.625,0.003554105758666992,20.95957350441684
16.625,0.0035551786422729492,20.95957350441684
16.625,0.0035550594329833984,20.95957350441684
16.625,0.0035550594329833984,20.95957350441684
16.622,0.00355374813079834,20.662763205129963
16.622,0.0035555362701416016,20.662763205129963
16.622,0.0035561323165893555,20.662763205129963
16.622,0.003555774688720703,20.662763205129963
16.622,0.003555893898010254,20.662763205129963
16.622,0.0035552978515625,20.662763205129963
16.618,0.003556966781616211,20.496963630026464
16.618,0.0035560131072998047,20.496963630026464
16.618,0.0035560131072998047,20.496963630026464
16.618,0.0035566091537475586,20.496963630026464
16.618,0.003556966781616211,20.496963630026464
16.618,0.0035555362701416016,20.496963630026464
16.619,0.0035561323165893555,20.39592553089873
16.619,0.0035570859909057617,20.39592553089873
16.619,0.0035554170608520508,20.39592553089873
16.619,0.0035556554794311523,20.39592553089873
16.619,0.003556370735168457,20.39592553089873
16.619,0.003555774688720703,20.39592553089873
16.62,0.0035552978515625,20.4160071500347
16.62,0.0035582780838012695,20.4160071500347
16.62,0.0035560131072998047,20.4160071500347
16.62,0.0035572052001953125,20.4160071500347
16.62,0.0035566091537475586,20.4160071500347
16.62,0.0035570859909057617,20.4160071500347
16.621,0.0035572052001953125,20.12515952006723
16.621,0.003557443618774414,20.12515952006723
16.621,0.00355684757232666,20.12515952006723
16.621,0.0035578012466430664,20.12515952006723
16.621,0.0035573244094848633,20.12515952006723
16.621,0.003556966781616211,20.12515952006723
16.621,0.0035581588745117188,19.96464842820452
16.621,0.003556370735168457,19.96464842820452
16.621,0.003556489944458008,19.96464842820452
16.621,0.003557920455932617,19.96464842820452
16.621,0.003555774688720703,19.96464842820452
16.621,0.003557920455932617,19.96464842820452
16.62,0.003557443618774414,19.900114518125342
16.62,0.0035570859909057617,19.900114518125342
16.62,0.003556489944458008,19.900114518125342
16.62,0.0035576820373535156,19.900114518125342
16.62,0.003557562828063965,19.900114518125342
16.62,0.003558039665222168,19.900114518125342
16.62,0.003557920455932617,19.680082172685402
16.62,0.003556489944458008,19.680082172685402
16.62,0.0035582780838012695,19.680082172685402
16.62,0.003557562828063965,19.680082172685402
16.62,0.003558039665222168,19.680082172685402
16.62,0.003557920455932617,19.680082172685402
16.621,0.0035583972930908203,19.456841579108964
16.621,0.0035587549209594727,19.456841579108964
16.621,0.0035587549209594727,19.456841579108964
16.621,0.0035581588745117188,19.456841579108964
16.621,0.003558516502380371,19.456841579108964
16.621,0.003556489944458008,19.456841579108964
16.623,0.0035592317581176758,19.224369888980426
16.623,0.0035587549209594727,19.224369888980426
16.623,0.0035581588745117188,19.224369888980426
16.623,0.0035588741302490234,19.224369888980426
16.623,0.00355684757232666,19.224369888980426
16.623,0.003558516502380371,19.224369888980426
16.623,0.0035592317581176758,19.224369888980426
16.623,0.0035589933395385742,19.106961250820472
16.623,0.0035576820373535156,19.106961250820472
16.623,0.0035593509674072266,19.106961250820472
16.623,0.0035581588745117188,19.106961250820472
16.623,0.0035599470138549805,19.106961250820472
16.623,0.003558039665222168,19.106961250820472
16.625,0.003559708595275879,19.091347276509854
16.625,0.003560185432434082,19.091347276509854
16.625,0.0035593509674072266,19.091347276509854
16.625,0.0035589933395385742,19.091347276509854
16.625,0.0035592317581176758,19.091347276509854
16.625,0.0035599470138549805,19.091347276509854
16.622,0.0035582780838012695,18.698184794349306
16.622,0.0035599470138549805,18.698184794349306
16.622,0.003557562828063965,18.698184794349306
16.622,0.003559112548828125,18.698184794349306
16.622,0.003559589385986328,18.698184794349306
16.622,0.0035573244094848633,18.698184794349306
16.62,0.0035592317581176758,18.56620109045189
16.62,0.0035587549209594727,18.56620109045189
16.62,0.0035594701766967773,18.56620109045189
16.62,0.003559112548828125,18.56620109045189
16.62,0.0035600662231445312,18.56620109045189
16.62,0.003559589385986328,18.56620109045189
16.618,0.0035594701766967773,18.718528940919935
16.618,0.0035600662231445312,18.718528940919935
16.618,0.0035582780838012695,18.718528940919935
16.618,0.003560185432434082,18.718528940919935
16.618,0.0035599470138549805,18.718528940919935
16.618,0.0035604238510131836,18.718528940919935
16.618,0.0035593509674072266,18.293299732365817
16.618,0.003560185432434082,18.293299732365817
16.618,0.0035599470138549805,18.293299732365817
16.618,0.003559112548828125,18.293299732365817
16.618,0.0035605430603027344,18.293299732365817
16.618,0.0035614967346191406,18.293299732365817
16.621,0.003560185432434082,18.09462850141424
16.621,0.003559589385986328,18.09462850141424
16.621,0.003560304641723633,18.09462850141424
16.621,0.0035587549209594727,18.09462850141424
16.621,0.003560304641723633,18.09462850141424
16.621,0.0035600662231445312,18.09462850141424
16.62,0.0035604238510131836,18.359118115810787
16.62,0.003559589385986328,18.359118115810787
16.62,0.003560304641723633,18.359118115810787
16.62,0.0035593509674072266,18.359118115810787
16.62,0.003560304641723633,18.359118115810787
16.62,0.0035611391067504883,18.359118115810787
16.623,0.003560185432434082,17.84958957956453
16.623,0.0035616159439086914,17.84958957956453
16.623,0.0035599470138549805,17.84958957956453
16.623,0.003559708595275879,17.84958957956453
16.623,0.003559589385986328,17.84958957956453
16.623,0.003560662269592285,17.84958957956453
16.62,0.0035611391067504883,17.549720465810037
16.62,0.0035600662231445312,17.549720465810037
16.62,0.0035609006881713867,17.549720465810037
16.62,0.0035616159439086914,17.549720465810037
16.62,0.0035619735717773438,17.549720465810037
16.62,0.0035600662231445312,17.549720465810037
16.619,0.003559708595275879,17.42147105788277
16.619,0.0035600662231445312,17.42147105788277
16.619,0.00356137752532959,17.42147105788277
16.619,0.003560781478881836,17.42147105788277
16.619,0.0035620927810668945,17.42147105788277
16.619,0.003561854362487793,17.42147105788277
16.618,0.003560781478881836,17.521808701554033
16.618,0.0035614967346191406,17.521808701554033
16.618,0.0035619735717773438,17.521808701554033
16.618,0.003560304641723633,17.521808701554033
16.618,0.0035611391067504883,17.521808701554033
16.618,0.003561735153198242,17.521808701554033
16.619,0.003560781478881836,17.36402324510448
16.619,0.0035609006881713867,17.36402324510448
16.619,0.0035604238510131836,17.36402324510448
16.619,0.003561854362487793,17.36402324510448
16.619,0.003560662269592285,17.36402324510448
16.619,0.00356137752532959,17.36402324510448
16.622,0.0035609006881713867,17.20515166726306
16.622,0.003561735153198242,17.20515166726306
16.622,0.003560662269592285,17.20515166726306
16.622,0.0035611391067504883,17.20515166726306
16.622,0.00356292724609375,17.20515166726306
16.622,0.0035622119903564453,17.20515166726306
16.622,0.0035620927810668945,17.20091590900934
16.622,0.0035609006881713867,17.20091590900934
16.622,0.0035620927810668945,17.20091590900934
16.622,0.0035610198974609375,17.20091590900934
16.622,0.0035628080368041992,17.20091590900934
16.622,0.0035610198974609375,17.20091590900934
16.623,0.0035611391067504883,16.794582036622018
16.623,0.0035619735717773438,16.794582036622018
16.623,0.0035614967346191406,16.794582036622018
16.623,0.0035630464553833008,16.794582036622018
16.623,0.0035622119903564453,16.794582036622018
16.623,0.00356137752532959,16.794582036622018
16.62,0.003561735153198242,16.652585650156098
16.62,0.00356137752532959,16.652585650156098
16.62,0.003561735153198242,16.652585650156098
16.62,0.00356292724609375,16.652585650156098
16.62,0.0035611391067504883,16.652585650156098
16.62,0.003561735153198242,16.652585650156098
16.619,0.0035631656646728516,16.527687886655198
16.619,0.0035626888275146484,16.527687886655198
16.619,0.003562450408935547,16.527687886655198
16.619,0.0035619735717773438,16.527687886655198
16.619,0.003562331199645996,16.527687886655198
16.619,0.0035628080368041992,16.527687886655198
16.619,0.003561735153198242,16.385421782945528
16.619,0.0035620927810668945,16.385421782945528
16.619,0.0035625696182250977,16.385421782945528
16.619,0.0035620927810668945,16.385421782945528
16.619,0.0035622119903564453,16.385421782945528
16.619,0.003562450408935547,16.385421782945528
16.619,0.0035632848739624023,16.353553717704624
16.619,0.0035620927810668945,16.353553717704624
16.619,0.0035630464553833008,16.353553717704624
16.619,0.0035628080368041992,16.353553717704624
16.619,0.0035614967346191406,16.353553717704624
16.619,0.0035626888275146484,16.353553717704624
16.619,0.0035625696182250977,16.29842614460584
16.619,0.0035626888275146484,16.29842614460584
16.619,0.003562450408935547,16.29842614460584
16.619,0.003562450408935547,16.29842614460584
16.619,0.00356292724609375,16.29842614460584
16.619,0.003564000129699707,16.29842614460584
16.619,0.0035637617111206055,15.79539813627477
16.619,0.0035614967346191406,15.79539813627477
16.619,0.003563523292541504,15.79539813627477
16.619,0.003564119338989258,15.79539813627477
16.619,0.003563523292541504,15.79539813627477
16.619,0.0035636425018310547,15.79539813627477
16.616,0.0035630464553833008,15.949146379110523
16.616,0.0035647153854370117,15.949146379110523
16.616,0.003562450408935547,15.949146379110523
16.616,0.0035638809204101562,15.949146379110523
16.616,0.00356292724609375,15.949146379110523
16.616,0.0035637617111206055,15.949146379110523
16.618,0.0035637617111206055,15.9444282397968
16.618,0.0035622119903564453,15.9444282397968
16.618,0.003563523292541504,15.9444282397968
16.618,0.0035628080368041992,15.9444282397968
16.618,0.003565073013305664,15.379531167022282
16.618,0.003564000129699707,15.379531167022282
16.618,0.0035637617111206055,15.379531167022282
16.618,0.0035642385482788086,15.379531167022282
16.618,0.003562450408935547,15.379531167022282
16.618,0.003563404083251953,15.379531167022282
16.617,0.0035636425018310547,15.386107811664186
16.617,0.003564596176147461,15.386107811664186
16.617,0.0035632848739624023,15.386107811664186
16.617,0.0035631656646728516,15.386107811664186
16.617,0.0035637617111206055,15.386107811664186
16.617,0.00356292724609375,15.386107811664186
16.617,0.00356292724609375,15.386107811664186
16.619,0.0035636425018310547,15.442023217268524
16.619,0.003563523292541504,15.442023217268524
16.619,0.003564000129699707,15.442023217268524
16.619,0.003565192222595215,15.442023217268524
16.619,0.0035643577575683594,15.442023217268524
16.619,0.0035638809204101562,15.442023217268524
16.618,0.0035638809204101562,15.252567478899202
16.618,0.0035648345947265625,15.252567478899202
16.618,0.003564596176147461,15.252567478899202
16.618,0.0035642385482788086,15.252567478899202
16.618,0.0035643577575683594,15.252567478899202
16.618,0.0035649538040161133,15.252567478899202
16.621,0.003565073013305664,14.745769268625729
16.621,0.003565192222595215,14.745769268625729
16.621,0.0035643577575683594,14.745769268625729
16.621,0.003563523292541504,14.745769268625729
16.621,0.0035642385482788086,14.745769268625729
16.621,0.003565192222595215,14.745769268625729
16.622,0.003564596176147461,14.754471354172516
16.622,0.0035647153854370117,14.754471354172516
16.622,0.0035653114318847656,14.754471354172516
16.622,0.003565192222595215,14.754471354172516
16.622,0.003564596176147461,14.754471354172516
16.622,0.0035642385482788086,14.754471354172516
16.624,0.003564119338989258,14.675697372429543
16.624,0.0035659074783325195,14.675697372429543
16.624,0.003563523292541504,14.675697372429543
16.624,0.0035643577575683594,14.675697372429543
16.624,0.003565549850463867,14.675697372429543
16.624,0.0035647153854370117,14.675697372429543
16.621,0.0035649538040161133,14.52521376075211
16.621,0.00356447696685791,14.52521376075211
16.621,0.003565669059753418,14.52521376075211
16.621,0.003566265106201172,14.52521376075211
16.621,0.00356447696685791,14.52521376075211
16.621,0.0035654306411743164,14.52521376075211
16.62,0.003566145896911621,14.62482970461101
16.62,0.003564000129699707,14.62482970461101
16.62,0.0035657882690429688,14.62482970461101
16.62,0.003565669059753418,14.62482970461101
16.62,0.003566145896911621,14.62482970461101
16.62,0.003565192222595215,14.62482970461101
16.619,0.0035647153854370117,14.391577212232033
16.619,0.0035653114318847656,14.391577212232033
16.619,0.0035659074783325195,14.391577212232033
16.619,0.0035643577575683594,14.391577212232033
16.619,0.003566145896911621,14.391577212232033
16.619,0.0035653114318847656,14.391577212232033
16.616,0.0035659074783325195,14.177498116804209
16.616,0.0035659074783325195,14.177498116804209
16.616,0.003565073013305664,14.177498116804209
16.616,0.003566145896911621,14.177498116804209
16.616,0.0035660266876220703,14.177498116804209
16.616,0.003565669059753418,14.177498116804209
16.616,0.003565669059753418,14.149729286729556
16.616,0.003564596176147461,14.149729286729556
16.616,0.0035659074783325195,14.149729286729556
16.616,0.0035659074783325195,14.149729286729556
16.616,0.003565192222595215,14.149729286729556
16.616,0.003565669059753418,14.149729286729556
16.618,0.003565073013305664,13.7930408434913
16.618,0.003566741943359375,13.7930408434913
16.618,0.003566265106201172,13.7930408434913
16.618,0.0035675764083862305,13.7930408434913
16.618,0.0035668611526489258,13.7930408434913
16.618,0.003566265106201172,13.7930408434913
16.62,0.0035638809204101562,13.92082849245876
16.62,0.0035666227340698242,13.92082849245876
16.62,0.0035666227340698242,13.92082849245876
16.62,0.0035660266876220703,13.92082849245876
16.62,0.003565073013305664,13.92082849245876
16.62,0.0035666227340698242,13.92082849245876
16.622,0.0035657882690429688,14.098324905980792
16.622,0.0035660266876220703,14.098324905980792
16.622,0.0035649538040161133,14.098324905980792
16.622,0.003566741943359375,14.098324905980792
16.622,0.003566265106201172,14.098324905980792
16.622,0.0035660266876220703,14.098324905980792
16.622,0.0035659074783325195,13.58412372110789
16.622,0.0035657882690429688,13.58412372110789
16.622,0.003566265106201172,13.58412372110789
16.622,0.0035670995712280273,13.58412372110789
16.622,0.003567218780517578,13.58412372110789
16.622,0.003566741943359375,13.58412372110789
16.621,0.003567218780517578,13.555439452152022
16.621,0.003566145896911621,13.555439452152022
16.621,0.0035668611526489258,13.555439452152022
16.621,0.003565073013305664,13.555439452152022
16.621,0.003565669059753418,13.555439452152022
16.621,0.0035666227340698242,13.555439452152022
16.618,0.003566145896911621,13.579350277055791
16.618,0.0035665035247802734,13.579350277055791
16.618,0.0035669803619384766,13.579350277055791
16.618,0.0035666227340698242,13.579350277055791
16.618,0.0035668611526489258,13.579350277055791
16.618,0.003565669059753418,13.579350277055791
16.622,0.003566145896911621,13.150122088952445
16.622,0.0035668611526489258,13.150122088952445
16.622,0.003567337989807129,13.150122088952445
16.622,0.003566741943359375,13.150122088952445
16.622,0.0035657882690429688,13.150122088952445
16.622,0.0035670995712280273,13.150122088952445
16.62,0.0035674571990966797,13.105389604000822
16.62,0.0035666227340698242,13.105389604000822
16.62,0.0035668611526489258,13.105389604000822
16.62,0.0035666227340698242,13.105389604000822
16.62,0.0035670995712280273,13.105389604000822
16.62,0.0035674571990966797,13.105389604000822
16.623,0.003567337989807129,13.374158459924207
16.623,0.003566741943359375,13.374158459924207
16.623,0.003566741943359375,13.374158459924207
16.623,0.0035665035247802734,13.374158459924207
16.623,0.0035674571990966797,13.374158459924207
16.623,0.003567218780517578,13.374158459924207
16.624,0.003566741943359375,12.902659924802428
16.624,0.003566145896911621,12.902659924802428
16.624,0.0035675764083862305,12.902659924802428
16.624,0.003566145896911621,12.902659924802428
16.624,0.003567218780517578,12.902659924802428
16.624,0.0035674571990966797,12.902659924802428
16.623,0.003568410873413086,12.940148368963458
16.623,0.0035670995712280273,12.940148368963458
16.623,0.003568291664123535,12.940148368963458
16.623,0.003567218780517578,12.940148368963458
16.623,0.003567814826965332,12.940148368963458
16.623,0.003567337989807129,12.940148368963458
16.622,0.0035681724548339844,12.812156003647335
16.622,0.0035675764083862305,12.812156003647335
16.622,0.0035665035247802734,12.812156003647335
16.622,0.0035681724548339844,12.812156003647335
16.622,0.003568410873413086,12.812156003647335
16.622,0.003567934036254883,12.812156003647335
16.62,0.003567337989807129,12.571681341820812
16.62,0.003567934036254883,12.571681341820812
16.62,0.0035696029663085938,12.571681341820812
16.62,0.003568410873413086,12.571681341820812
16.62,0.0035676956176757812,12.571681341820812
16.62,0.003568291664123535,12.571681341820812
16.621,0.0035674571990966797,12.347450723189331
16.621,0.003567814826965332,12.347450723189331
16.621,0.0035680532455444336,12.347450723189331
16.621,0.003567814826965332,12.347450723189331
16.621,0.0035653114318847656,12.347450723189331
16.621,0.003567337989807129,12.347450723189331
16.62,0.0035681724548339844,12.449928582778877
16.62,0.0035691261291503906,12.449928582778877
16.62,0.0035681724548339844,12.449928582778877
16.62,0.0035676956176757812,12.449928582778877
16.62,0.003567337989807129,12.449928582778877
16.62,0.0035675764083862305,12.449928582778877
16.621,0.003568410873413086,12.229477788684093
16.621,0.0035691261291503906,12.229477788684093
16.621,0.003567814826965332,12.229477788684093
16.621,0.00356900691986084,12.229477788684093
16.621,0.0035687685012817383,12.229477788684093
16.621,0.0035691261291503906,12.229477788684093
16.621,0.00356900691986084,12.229477788684093
16.622,0.0035692453384399414,12.076446526371761
16.622,0.0035670995712280273,12.076446526371761
16.622,0.0035675764083862305,12.076446526371761
16.622,0.003568887710571289,12.076446526371761
16.622,0.003569960594177246,12.076446526371761
16.622,0.0035681724548339844,12.076446526371761
16.622,0.0035686492919921875,12.036084440811184
16.622,0.0035681724548339844,12.036084440811184
16.622,0.003568291664123535,12.036084440811184
16.622,0.0035687685012817383,12.036084440811184
16.622,0.003570079803466797,12.036084440811184
16.622,0.0035691261291503906,12.036084440811184
16.622,0.003568887710571289,11.841704784339491
16.622,0.00356900691986084,11.841704784339491
16.622,0.0035691261291503906,11.841704784339491
16.622,0.0035692453384399414,11.841704784339491
16.622,0.0035675764083862305,11.841704784339491
16.622,0.003568887710571289,11.841704784339491
16.622,0.003568887710571289,11.509513792660302
16.622,0.00356900691986084,11.509513792660302
16.622,0.003569364547729492,11.509513792660302
16.622,0.00356900691986084,11.509513792660302
16.622,0.0035686492919921875,11.509513792660302
16.622,0.0035675764083862305,11.509513792660302
16.62,0.0035685300827026367,11.791847952403199
16.62,0.0035680532455444336,11.791847952403199
16.62,0.0035685300827026367,11.791847952403199
16.62,0.003568887710571289,11.791847952403199
16.62,0.0035681724548339844,11.791847952403199
16.62,0.0035707950592041016,11.791847952403199
16.62,0.0035704374313354492,11.485096016384274
16.62,0.003569364547729492,11.485096016384274
16.62,0.00356900691986084,11.485096016384274
16.62,0.0035680532455444336,11.485096016384274
16.62,0.0035680532455444336,11.485096016384274
16.62,0.0035675764083862305,11.485096016384274
16.621,0.0035691261291503906,11.443376859560095
16.621,0.0035691261291503906,11.443376859560095
16.621,0.0035698413848876953,11.443376859560095
16.621,0.0035692453384399414,11.443376859560095
16.621,0.0035680532455444336,11.443376859560095
16.621,0.0035691261291503906,11.443376859560095
16.621,0.00356900691986084,11.346466900867595
16.621,0.003568410873413086,11.346466900867595
16.621,0.003569960594177246,11.346466900867595
16.621,0.0035685300827026367,11.346466900867595
16.621,0.003568291664123535,11.346466900867595
16.621,0.0035696029663085938,11.346466900867595
16.622,0.003570556640625,11.408736512181619
16.622,0.0035697221755981445,11.408736512181619
16.622,0.0035697221755981445,11.408736512181619
16.622,0.003570079803466797,11.408736512181619
16.622,0.00356900691986084,11.408736512181619
16.622,0.003569364547729492,11.408736512181619
16.624,0.003567934036254883,11.173714888732457
16.624,0.003569960594177246,11.173714888732457
16.624,0.003569483757019043,11.173714888732457
16.624,0.0035696029663085938,11.173714888732457
16.624,0.0035701990127563477,11.173714888732457
16.624,0.0035697221755981445,11.173714888732457
16.623,0.0035707950592041016,11.209180359692844
16.623,0.003569364547729492,11.209180359692844
16.623,0.0035691261291503906,11.209180359692844
16.623,0.0035697221755981445,11.209180359692844
16.623,0.003571033477783203,11.209180359692844
16.623,0.0035698413848876953,11.209180359692844
16.624,0.003568887710571289,11.026093307683222
16.624,0.0035698413848876953,11.026093307683222
16.624,0.0035691261291503906,11.026093307683222
16.624,0.003569364547729492,11.026093307683222
16.624,0.0035703182220458984,11.026093307683222
16.624,0.003569483757019043,11.026093307683222
16.622,0.0035706758499145508,10.939954108210294
16.622,0.003570079803466797,10.939954108210294
16.622,0.0035706758499145508,10.939954108210294
16.622,0.0035696029663085938,10.939954108210294
16.622,0.003569960594177246,10.939954108210294
16.622,0.00356900691986084,10.939954108210294
16.622,0.00356900691986084,10.753729999068792
16.622,0.0035698413848876953,10.753729999068792
16.622,0.0035697221755981445,10.753729999068792
16.622,0.0035715103149414062,10.753729999068792
16.622,0.003570556640625,10.753729999068792
16.622,0.0035696029663085938,10.753729999068792
16.624,0.0035698413848876953,10.642791048558054
16.624,0.0035707950592041016,10.642791048558054
16.624,0.003569960594177246,10.642791048558054
16.624,0.003570556640625,10.642791048558054
16.624,0.003571629524230957,10.642791048558054
16.624,0.003570556640625,10.642791048558054
16.623,0.0035701990127563477,10.559336558185366
16.623,0.0035681724548339844,10.559336558185366
16.623,0.0035706758499145508,10.559336558185366
16.623,0.0035704374313354492,10.559336558185366
16.623,0.003571152687072754,10.559336558185366
16.623,0.003571748733520508,10.559336558185366
16.623,0.0035703182220458984,10.558459418794172
16.623,0.0035719871520996094,10.558459418794172
16.623,0.003571033477783203,10.558459418794172
16.623,0.0035707950592041016,10.558459418794172
16.623,0.003570556640625,10.558459418794172
16.623,0.003570556640625,10.558459418794172
16.624,0.0035701990127563477,10.297167620132633
16.624,0.003570079803466797,10.297167620132633
16.624,0.0035704374313354492,10.297167620132633
16.624,0.0035709142684936523,10.297167620132633
16.624,0.0035715103149414062,10.297167620132633
16.624,0.003570079803466797,10.297167620132633
16.624,0.0035704374313354492,10.2593542351397
16.624,0.003571748733520508,10.2593542351397
16.624,0.0035709142684936523,10.2593542351397
16.624,0.0035698413848876953,10.2593542351397
16.624,0.003571033477783203,10.2593542351397
16.624,0.0035704374313354492,10.2593542351397
16.624,0.0035706758499145508,10.089044938444061
16.624,0.003572225570678711,10.089044938444061
16.624,0.0035707950592041016,10.089044938444061
16.624,0.0035706758499145508,10.089044938444061
16.624,0.0035703182220458984,10.089044938444061
16.624,0.0035704374313354492,10.089044938444061
16.623,0.003573179244995117,10.040628869854899
16.623,0.0035712718963623047,10.040628869854899
16.623,0.003570556640625,10.040628869854899
16.623,0.0035712718963623047,10.040628869854899
16.623,0.0035703182220458984,10.040628869854899
16.623,0.0035715103149414062,10.040628869854899
16.621,0.003571748733520508,9.790728601957445
16.621,0.0035706758499145508,9.790728601957445
16.621,0.0035696029663085938,9.790728601957445
16.621,0.0035709142684936523,9.790728601957445
16.621,0.0035713911056518555,9.790728601957445
16.62,0.003571152687072754,9.871233260103754
16.62,0.0035706758499145508,9.871233260103754
16.62,0.003572225570678711,9.871233260103754
16.62,0.0035712718963623047,9.871233260103754
16.62,0.0035707950592041016,9.871233260103754
16.62,0.0035709142684936523,9.871233260103754
16.622,0.003570556640625,9.680239239016178
16.622,0.003571152687072754,9.680239239016178
16.622,0.003572225570678711,9.680239239016178
16.622,0.0035725831985473633,9.680239239016178
16.622,0.0035719871520996094,9.680239239016178
16.621,0.0035712718963623047,9.79202943045811
16.621,0.003572225570678711,9.79202943045811
16.621,0.0035704374313354492,9.79202943045811
16.621,0.0035712718963623047,9.79202943045811
16.621,0.0035706758499145508,9.79202943045811
16.621,0.0035713911056518555,9.79202943045811
16.624,0.0035713911056518555,9.634011408543586
16.624,0.003572225570678711,9.634011408543586
16.624,0.003571033477783203,9.634011408543586
16.624,0.0035712718963623047,9.634011408543586
16.624,0.003571152687072754,9.634011408543586
16.624,0.0035712718963623047,9.634011408543586
16.625,0.0035718679428100586,9.342049943050768
16.625,0.0035723447799682617,9.342049943050768
16.625,0.0035725831985473633,9.342049943050768
16.625,0.0035724639892578125,9.342049943050768
16.625,0.0035712718963623047,9.342049943050768
16.625,0.0035723447799682617,9.342049943050768
16.626,0.0035719871520996094,9.215721571125997
16.626,0.0035719871520996094,9.215721571125997
16.626,0.0035725831985473633,9.215721571125997
16.626,0.003571152687072754,9.215721571125997
16.626,0.003571033477783203,9.215721571125997
16.626,0.003571629524230957,9.215721571125997
16.627,0.0035718679428100586,9.136540210746261
16.627,0.003572225570678711,9.136540210746261
16.627,0.003571033477783203,9.136540210746261
16.627,0.003571748733520508,9.136540210746261
16.627,0.003573298454284668,9.136540210746261
16.627,0.0035718679428100586,9.136540210746261
16.625,0.0035734176635742188,9.260356168317267
16.625,0.0035734176635742188,9.260356168317267
16.625,0.0035713911056518555,9.260356168317267
16.625,0.003571629524230957,9.260356168317267
16.625,0.003572225570678711,9.260356168317267
16.626,0.0035709142684936523,9.019313655872113
16.626,0.003571748733520508,9.019313655872113
16.626,0.0035724639892578125,9.019313655872113
16.626,0.0035718679428100586,9.019313655872113
16.626,0.003571629524230957,9.019313655872113
16.626,0.0035735368728637695,9.019313655872113
16.621,0.0035735368728637695,9.059909242528736
16.621,0.0035736560821533203,9.059909242528736
16.621,0.00357210636138916,9.059909242528736
16.621,0.003572225570678711,9.059909242528736
16.621,0.003572225570678711,9.059909242528736
16.621,0.0035719871520996094,9.059909242528736
16.622,0.003573298454284668,8.879731375621702
16.622,0.003573894500732422,8.879731375621702
16.622,0.003572225570678711,8.879731375621702
16.622,0.003571748733520508,8.879731375621702
16.622,0.003572225570678711,8.879731375621702
16.622,0.003572225570678711,8.879731375621702
16.621,0.0035725831985473633,8.816964087707555
16.621,0.003571152687072754,8.816964087707555
16.621,0.003572225570678711,8.816964087707555
16.621,0.003572702407836914,8.816964087707555
16.621,0.0035730600357055664,8.816964087707555
16.621,0.00357210636138916,8.816964087707555
16.623,0.0035723447799682617,8.737917070367388
16.623,0.003572225570678711,8.737917070367388
16.623,0.0035735368728637695,8.737917070367388
16.623,0.003571748733520508,8.737917070367388
16.623,0.0035729408264160156,8.737917070367388
16.628,0.003572225570678711,8.57663542771503
16.628,0.0035730600357055664,8.57663542771503
16.628,0.0035723447799682617,8.57663542771503
16.628,0.0035729408264160156,8.57663542771503
16.628,0.003571748733520508,8.57663542771503
16.628,0.003573179244995117,8.57663542771503
16.629,0.0035725831985473633,8.384160243806324
16.629,0.003572702407836914,8.384160243806324
16.629,0.0035736560821533203,8.384160243806324
16.629,0.003573179244995117,8.384160243806324
16.629,0.0035715103149414062,8.384160243806324
16.63,0.0035746097564697266,8.46960961212039
16.63,0.0035736560821533203,8.46960961212039
16.63,0.0035724639892578125,8.46960961212039
16.627,0.003573894500732422,8.322758152822777
16.627,0.003573179244995117,8.322758152822777
16.627,0.003571629524230957,8.322758152822777
16.627,0.0035729408264160156,8.322758152822777
16.627,0.0035725831985473633,8.322758152822777
16.627,0.003573775291442871,8.30363710153295
16.627,0.003572821617126465,8.30363710153295
16.627,0.003573894500732422,8.30363710153295
16.627,0.0035741329193115234,8.30363710153295
16.627,0.0035713911056518555,8.30363710153295
16.627,0.003573298454284668,8.30363710153295
16.627,0.003573775291442871,8.144010602966365
16.627,0.0035740137100219727,8.144010602966365
16.627,0.003573894500732422,8.144010602966365
16.627,0.003573894500732422,8.144010602966365
16.627,0.0035723447799682617,8.144010602966365
16.627,0.0035723447799682617,8.144010602966365
16.629,0.0035734176635742188,8.088396634767523
16.629,0.003573775291442871,8.088396634767523
16.629,0.0035730600357055664,8.088396634767523
16.63,0.003573298454284668,8.085445377354741
16.63,0.003572702407836914,8.085445377354741
16.63,0.003573179244995117,8.085445377354741
16.63,0.0035725831985473633,8.085445377354741
16.63,0.0035730600357055664,8.085445377354741
16.63,0.0035742521286010742,8.085445377354741
16.63,0.003572821617126465,8.115536094250135
16.63,0.0035725831985473633,8.115536094250135
16.63,0.003572225570678711,8.115536094250135
16.63,0.003573298454284668,8.115536094250135
16.63,0.003572821617126465,8.115536094250135
16.63,0.003573894500732422,8.115536094250135
16.631,0.0035740137100219727,7.8660369830220604
16.631,0.0035740137100219727,7.8660369830220604
16.631,0.003571629524230957,7.8660369830220604
16.631,0.0035735368728637695,7.8660369830220604
16.631,0.003573775291442871,7.8660369830220604
16.63,0.003573179244995117,7.729358299709823
16.63,0.0035736560821533203,7.729358299709823
16.63,0.0035747289657592773,7.729358299709823
16.63,0.0035746097564697266,7.729358299709823
16.63,0.0035723447799682617,7.729358299709823
16.631,0.0035730600357055664,7.824980534035147
16.631,0.0035741329193115234,7.824980534035147
16.631,0.0035742521286010742,7.824980534035147
16.631,0.0035740137100219727,7.824980534035147
16.631,0.0035746097564697266,7.824980534035147
16.633,0.003573894500732422,7.742542550757623
16.633,0.0035736560821533203,7.742542550757623
16.633,0.0035742521286010742,7.742542550757623
16.633,0.0035730600357055664,7.742542550757623
16.634,0.003574967384338379,7.590874301606631
16.634,0.003573894500732422,7.590874301606631
16.634,0.0035747289657592773,7.590874301606631
16.634,0.0035746097564697266,7.590874301606631
16.629,0.0035742521286010742,7.460887704483996
16.629,0.003574848175048828,7.460887704483996
16.629,0.003574371337890625,7.460887704483996
16.629,0.003574967384338379,7.460887704483996
16.63,0.0035744905471801758,7.322883952818441
16.63,0.0035753250122070312,7.322883952818441
16.63,0.0035741329193115234,7.322883952818441
16.63,0.003574967384338379,7.322883952818441
16.63,0.0035742521286010742,7.322883952818441
16.63,0.0035736560821533203,7.399438444950157
16.63,0.0035740137100219727,7.399438444950157
16.63,0.0035747289657592773,7.399438444950157
16.63,0.0035735368728637695,7.399438444950157
16.629,0.003574967384338379,7.202900093924895
16.629,0.003574848175048828,7.202900093924895
16.629,0.0035742521286010742,7.202900093924895
16.629,0.0035742521286010742,7.202900093924895
16.629,0.0035736560821533203,7.202900093924895
16.629,0.003575563430786133,7.202900093924895
16.632,0.0035750865936279297,7.281905564539234
16.632,0.0035750865936279297,7.281905564539234
16.632,0.003573894500732422,7.281905564539234
16.632,0.003574848175048828,7.281905564539234
16.632,0.003574848175048828,7.281905564539234
16.629,0.003575444221496582,7.006035129674663
16.629,0.00357663631439209,7.006035129674663
16.629,0.0035758018493652344,7.006035129674663
16.629,0.0035752058029174805,7.006035129674663
16.629,0.003573179244995117,7.006035129674663
16.629,0.0035741329193115234,6.686633708485687
16.629,0.003574848175048828,6.686633708485687
16.629,0.003576040267944336,6.686633708485687
16.629,0.0035744905471801758,6.686633708485687
16.632,0.003573775291442871,6.8337575932997385
16.632,0.003575563430786133,6.8337575932997385
16.632,0.0035762786865234375,6.8337575932997385
16.631,0.0035744905471801758,6.76072364964969
16.631,0.0035747289657592773,6.76072364964969
16.631,0.0035756826400756836,6.76072364964969
16.631,0.0035744905471801758,6.76072364964969
16.631,0.003575563430786133,6.76072364964969
16.635,0.003574848175048828,6.773958503739362
16.635,0.0035753250122070312,6.773958503739362
16.635,0.003576040267944336,6.773958503739362
16.635,0.0035747289657592773,6.773958503739362
16.637,0.003575921058654785,6.652338044680848
16.637,0.003574967384338379,6.652338044680848
16.637,0.0035746097564697266,6.652338044680848
16.635,0.0035768747329711914,6.400453093102393
16.638,0.003574848175048828,6.525124156773697
16.635,0.003574967384338379,6.28653260625908
16.635,0.0035763978958129883,6.28653260625908
16.635,0.0035768747329711914,6.28653260625908
16.635,0.003575563430786133,6.28653260625908
16.635,0.0035753250122070312,6.28653260625908
16.635,0.0035758018493652344,6.296396094630163
16.635,0.003575444221496582,6.296396094630163
16.635,0.003575921058654785,6.296396094630163
16.635,0.003575921058654785,6.296396094630163
16.634,0.0035740137100219727,6.394135326445248
16.634,0.003576040267944336,6.394135326445248
16.634,0.003576993942260742,6.394135326445248
16.637,0.0035767555236816406,6.163143658061525
16.637,0.00357663631439209,6.163143658061525
16.637,0.0035750865936279297,6.163143658061525
16.638,0.0035756826400756836,5.968834331290136
16.638,0.003577113151550293,5.968834331290136
16.638,0.003575563430786133,5.968834331290136
16.638,0.0035768747329711914,6.096668829953752
16.638,0.0035758018493652344,5.9219823769438875
16.639,0.003576517105102539,5.7023328033503535
16.639,0.0035762786865234375,5.7023328033503535
16.638,0.0035767555236816406,5.631828323722259
16.639,0.003576517105102539,5.583927487158149
16.639,0.003574371337890625,5.588069845048184
16.639,0.0035763978958129883,5.514144323113754
16.639,0.0035762786865234375,5.246950943523289
16.639,0.00357663631439209,5.246950943523289
16.639,0.0035768747329711914,5.079600970115988
16.639,0.003575563430786133,5.183205445598065
16.64,0.0035772323608398438,5.016868677325307
16.64,0.0035772323608398438,4.892195171952947
16.637,0.003576040267944336,4.6854227509632205
16.636,0.0035780668258666992,4.670195661656905
16.636,0.003576517105102539,4.670195661656905
16.637,0.0035780668258666992,4.685464875698913
16.637,0.003577113151550293,4.685464875698913
16.638,0.0035789012908935547,4.5863769051545065
16.638,0.003577709197998047,4.5863769051545065
16.638,0.0035784244537353516,4.5863769051545065
16.639,0.0035772323608398438,4.624204981039238
16.639,0.003576993942260742,4.624204981039238
16.637,0.0035772323608398438,4.189508932117367
16.637,0.0035791397094726562,4.189508932117367
16.637,0.0035774707794189453,4.189508932117367
16.641,0.0035772323608398438,4.423428139194929
16.638,0.0035772323608398438,4.157778216094282
16.638,0.0035779476165771484,4.157778216094282
16.638,0.00357818603515625,4.157778216094282
16.638,0.003577709197998047,4.157778216094282
16.64,0.003578662872314453,4.114478176135359
16.639,0.0035785436630249023,4.054612772239542
16.644,0.003577589988708496,3.9602557715280735
16.644,0.003578782081604004,3.9602557715280735
16.644,0.003577709197998047,4.0725259986371585
16.644,0.0035774707794189453,4.0725259986371585
16.647,0.00357973575592041,3.8725972242150766
16.647,0.0035790205001831055,3.8725972242150766
16.647,0.0035791397094726562,3.8725972242150766
16.647,0.003579258918762207,3.8725972242150766
16.647,0.003579258918762207,3.8725972242150766
16.651,0.0035783052444458008,3.7713218062306284
16.651,0.003580451011657715,3.7713218062306284
16.648,0.0035791397094726562,3.7135558527783807
16.649,0.0035794973373413086,3.4206921829863624
16.649,0.0035796165466308594,3.4206921829863624
16.649,0.003579258918762207,3.4206921829863624
16.65,0.0035778284072875977,3.492152520073733
16.65,0.0035789012908935547,3.492152520073733
16.65,0.0035774707794189453,3.492152520073733
16.648,0.003578662872314453,3.438906394852712
16.648,0.0035779476165771484,3.438906394852712
16.648,0.00357973575592041,3.438906394852712
16.649,0.00357818603515625,3.48809598536406
16.649,0.0035784244537353516,3.48809598536406
16.649,0.003579378128051758,3.48809598536406
16.649,0.003578662872314453,3.48809598536406
16.649,0.003577709197998047,3.48809598536406
16.649,0.0035794973373413086,3.4203862923518926
16.649,0.0035790205001831055,3.4203862923518926
16.649,0.0035785436630249023,3.4203862923518926
16.649,0.003578782081604004,3.4203862923518926
16.649,0.0035778284072875977,3.4203862923518926
16.647,0.0035796165466308594,3.5055841874597164
16.647,0.0035789012908935547,3.5055841874597164
16.647,0.0035785436630249023,3.5055841874597164
16.647,0.0035802125930786133,3.5055841874597164
16.647,0.0035789012908935547,3.5055841874597164
16.653,0.003578782081604004,3.319612655587659
16.654,0.0035806894302368164,3.2039872745585556
16.654,0.0035790205001831055,3.2039872745585556
16.654,0.0035802125930786133,3.2039872745585556
16.654,0.0035784244537353516,3.2039872745585556
16.654,0.00357973575592041,3.2039872745585556
16.655,0.003579854965209961,3.1428474229569416
16.655,0.0035791397094726562,3.1428474229569416
16.655,0.003580927848815918,3.1428474229569416
16.655,0.0035784244537353516,3.1428474229569416
16.655,0.003580451011657715,3.1428474229569416
16.655,0.003579854965209961,2.9211126768570987
16.655,0.003579258918762207,2.9211126768570987
16.655,0.0035796165466308594,2.9211126768570987
16.655,0.003579378128051758,2.9211126768570987
16.655,0.0035794973373413086,2.9211126768570987
16.654,0.0035799741744995117,3.0620591037313325
16.654,0.003578662872314453,3.0620591037313325
16.654,0.003579258918762207,3.0620591037313325
16.654,0.0035799741744995117,3.0620591037313325
16.654,0.003579258918762207,3.0620591037313325
16.655,0.0035799741744995117,2.775339247095621
16.655,0.003579258918762207,2.775339247095621
16.655,0.003580808639526367,2.775339247095621
16.655,0.003579258918762207,2.775339247095621
16.653,0.0035794973373413086,2.941168193169911
16.653,0.0035802125930786133,2.941168193169911
16.653,0.0035791397094726562,2.941168193169911
16.653,0.00357973575592041,2.941168193169911
16.653,0.0035800933837890625,2.941168193169911
16.653,0.0035789012908935547,2.941168193169911
16.652,0.003579854965209961,2.8440292977792674
16.652,0.00357973575592041,2.8440292977792674
16.652,0.0035794973373413086,2.8440292977792674
16.652,0.0035802125930786133,2.8440292977792674
16.652,0.003580808639526367,2.8440292977792674
16.653,0.0035794973373413086,2.9344265395378204
16.653,0.0035794973373413086,2.9344265395378204
16.653,0.00357973575592041,2.9344265395378204
16.653,0.0035802125930786133,2.9344265395378204
16.655,0.0035802125930786133,2.916813877364096
16.655,0.0035802125930786133,2.916813877364096
16.655,0.0035806894302368164,2.916813877364096
16.655,0.0035802125930786133,2.916813877364096
16.655,0.003579854965209961,2.916813877364096
16.655,0.0035799741744995117,2.916813877364096
16.653,0.003580331802368164,2.673214274393411
16.653,0.0035806894302368164,2.673214274393411
16.653,0.003580331802368164,2.673214274393411
16.653,0.0035812854766845703,2.673214274393411
16.653,0.0035794973373413086,2.673214274393411
16.653,0.003579854965209961,2.673214274393411
16.653,0.0035811662673950195,2.7974948650870077
16.653,0.003579378128051758,2.7974948650870077
16.653,0.0035796165466308594,2.7974948650870077
16.653,0.003579378128051758,2.7974948650870077
16.653,0.0035794973373413086,2.7974948650870077
16.653,0.0035802125930786133,2.7974948650870077
16.653,0.003580331802368164,2.508294947614524
16.653,0.003580331802368164,2.508294947614524
16.653,0.003580808639526367,2.508294947614524
16.653,0.003580331802368164,2.508294947614524
16.653,0.0035806894302368164,2.508294947614524
16.654,0.0035799741744995117,2.6622478355869372
16.654,0.0035802125930786133,2.6622478355869372
16.654,0.0035800933837890625,2.6622478355869372
16.654,0.0035817623138427734,2.6622478355869372
16.654,0.0035810470581054688,2.3787303716700468
16.654,0.0035802125930786133,2.3787303716700468
16.654,0.003581523895263672,2.3787303716700468
16.654,0.003579854965209961,2.3787303716700468
16.652,0.0035805702209472656,2.4132276862942996
16.652,0.0035790205001831055,2.4132276862942996
16.652,0.0035821199417114258,2.4132276862942996
16.652,0.0035812854766845703,2.4132276862942996
16.652,0.003579258918762207,2.4132276862942996
16.652,0.0035811662673950195,2.4132276862942996
16.651,0.003580808639526367,2.374306681674698
16.651,0.0035818815231323242,2.374306681674698
16.651,0.0035812854766845703,2.374306681674698
16.651,0.003580808639526367,2.374306681674698
16.652,0.0035806894302368164,2.2656329157117483
16.652,0.0035823583602905273,2.2656329157117483
16.652,0.0035811662673950195,2.2656329157117483
16.652,0.0035818815231323242,2.2656329157117483
16.652,0.0035816431045532227,2.2656329157117483
16.653,0.003582000732421875,2.258052249084754
16.653,0.003580927848815918,2.258052249084754
16.653,0.0035806894302368164,2.258052249084754
16.653,0.0035817623138427734,2.258052249084754
16.653,0.003580808639526367,2.258052249084754
16.653,0.003580808639526367,2.258052249084754
16.654,0.0035818815231323242,2.0828365932831483
16.654,0.003580331802368164,2.0828365932831483
16.654,0.0035812854766845703,2.0828365932831483
16.654,0.0035811662673950195,2.0828365932831483
16.654,0.003582000732421875,1.9368733055115146
16.654,0.003580927848815918,1.9368733055115146
16.654,0.0035810470581054688,1.9368733055115146
16.654,0.003580808639526367,1.9368733055115146
16.654,0.0035806894302368164,1.9368733055115146
16.654,0.0035817623138427734,1.9368733055115146
16.653,0.0035817623138427734,1.884717168935047
16.653,0.0035821199417114258,1.884717168935047
16.653,0.0035800933837890625,1.884717168935047
16.653,0.003580927848815918,1.884717168935047
16.653,0.003580331802368164,1.884717168935047
16.653,0.0035805702209472656,1.884717168935047
16.655,0.0035817623138427734,1.8550146151300195
16.655,0.0035812854766845703,1.8550146151300195
16.655,0.0035806894302368164,1.8550146151300195
16.655,0.003580808639526367,1.8550146151300195
16.655,0.00357973575592041,1.8550146151300195
16.655,0.003581523895263672,1.8550146151300195
16.657,0.003581523895263672,1.8708344930489764
16.657,0.0035828351974487305,1.8708344930489764
16.657,0.003580808639526367,1.8708344930489764
16.656,0.0035816431045532227,1.8517171427844603
16.656,0.003582000732421875,1.8517171427844603
16.656,0.003581523895263672,1.8517171427844603
16.656,0.003581404685974121,1.8517171427844603
16.656,0.0035799741744995117,1.8517171427844603
16.656,0.0035816431045532227,1.8517171427844603
16.659,0.0035816431045532227,1.8654122695062096
16.659,0.003583192825317383,1.8654122695062096
16.659,0.0035816431045532227,1.8654122695062096
16.659,0.0035812854766845703,1.8654122695062096
16.661,0.003581523895263672,1.8694655406846743
16.661,0.003580927848815918,1.8694655406846743
16.661,0.0035822391510009766,1.8694655406846743
16.661,0.003582000732421875,1.8694655406846743
16.661,0.003581404685974121,1.8694655406846743
16.661,0.0035817623138427734,1.8694655406846743
16.661,0.003582596778869629,1.7066963149796
16.661,0.0035817623138427734,1.7066963149796
16.661,0.0035818815231323242,1.7066963149796
16.661,0.0035818815231323242,1.7066963149796
16.661,0.003581523895263672,1.7066963149796
16.661,0.003580927848815918,1.7066963149796
16.661,0.0035811662673950195,1.5175370121714342
16.661,0.003582000732421875,1.5175370121714342
16.661,0.0035810470581054688,1.5175370121714342
16.661,0.0035805702209472656,1.5175370121714342
16.661,0.0035823583602905273,1.5175370121714342
16.661,0.003582000732421875,1.5175370121714342
16.66,0.0035810470581054688,1.595724417220675
16.66,0.0035816431045532227,1.595724417220675
16.66,0.003580451011657715,1.595724417220675
16.66,0.0035816431045532227,1.595724417220675
16.66,0.003582596778869629,1.595724417220675
16.66,0.0035828351974487305,1.595724417220675
16.662,0.0035816431045532227,1.5475685157869563
16.662,0.0035839080810546875,1.5475685157869563
16.662,0.003582596778869629,1.5475685157869563
16.662,0.0035806894302368164,1.5475685157869563
16.662,0.003582477569580078,1.5475685157869563
16.662,0.003582596778869629,1.5475685157869563
16.661,0.0035823583602905273,1.6501935396302743
16.661,0.0035829544067382812,1.6501935396302743
16.661,0.0035823583602905273,1.6501935396302743
16.661,0.0035816431045532227,1.6501935396302743
16.662,0.0035827159881591797,1.4913681806581995
16.662,0.0035833120346069336,1.4913681806581995
16.662,0.0035821199417114258,1.4913681806581995
16.662,0.0035828351974487305,1.4913681806581995
16.662,0.003583073616027832,1.4913681806581995
16.662,0.0035823583602905273,1.4913681806581995
16.664,0.0035840272903442383,1.4867004307156946
16.664,0.0035822391510009766,1.4867004307156946
16.664,0.0035823583602905273,1.4867004307156946
16.664,0.0035821199417114258,1.4867004307156946
16.664,0.0035810470581054688,1.4867004307156946
16.664,0.0035827159881591797,1.4867004307156946
16.66,0.0035828351974487305,1.354299765537642
16.66,0.003582000732421875,1.354299765537642
16.66,0.003583550453186035,1.354299765537642
16.66,0.0035822391510009766,1.354299765537642
16.659,0.0035833120346069336,1.3449567255385053
16.659,0.0035823583602905273,1.3449567255385053
16.659,0.0035829544067382812,1.3449567255385053
16.659,0.0035827159881591797,1.3449567255385053
16.659,0.0035821199417114258,1.3449567255385053
16.66,0.0035828351974487305,1.0244825892188223
16.66,0.0035840272903442383,1.0244825892188223
16.66,0.0035837888717651367,1.0244825892188223
16.66,0.003582000732421875,1.0244825892188223
16.66,0.0035827159881591797,1.0244825892188223
16.66,0.003583550453186035,1.0244825892188223
16.658,0.003581404685974121,1.1833704513316823
16.658,0.003583073616027832,1.1833704513316823
16.658,0.0035821199417114258,1.1833704513316823
16.658,0.003582596778869629,1.1833704513316823
16.658,0.0035823583602905273,1.1833704513316823
16.658,0.003583669662475586,1.1833704513316823
16.664,0.0035827159881591797,1.0275057203491187
16.664,0.0035821199417114258,1.0275057203491187
16.664,0.003583073616027832,1.0275057203491187
16.664,0.0035828351974487305,1.0275057203491187
16.664,0.0035822391510009766,1.0275057203491187
16.665,0.0035822391510009766,0.8766949770734371
16.665,0.003583192825317383,0.8766949770734371
16.665,0.0035828351974487305,0.8766949770734371
16.665,0.0035822391510009766,0.8766949770734371
16.665,0.003582477569580078,0.8766949770734371
16.665,0.003582000732421875,0.8766949770734371
16.663,0.003582477569580078,0.9065212830182272
16.663,0.0035837888717651367,0.9065212830182272
16.663,0.0035834312438964844,0.9065212830182272
16.663,0.0035823583602905273,0.9065212830182272
16.663,0.003583550453186035,0.9065212830182272
16.663,0.003583192825317383,0.9065212830182272
16.664,0.0035833120346069336,0.9678062898423574
16.664,0.003583073616027832,0.9678062898423574
16.664,0.003583192825317383,0.9678062898423574
16.664,0.0035823583602905273,0.9678062898423574
16.664,0.0035839080810546875,0.9678062898423574
16.664,0.0035834312438964844,0.9678062898423574
16.664,0.003584146499633789,0.8765847312820139
16.664,0.0035827159881591797,0.8765847312820139
16.664,0.003583073616027832,0.8765847312820139
16.664,0.003584146499633789,0.8765847312820139
16.664,0.003583073616027832,0.8765847312820139
16.664,0.0035834312438964844,0.8765847312820139
16.665,0.0035833120346069336,0.6978301898156292
16.665,0.0035840272903442383,0.6978301898156292
16.665,0.0035834312438964844,0.6978301898156292
16.665,0.0035837888717651367,0.6978301898156292
16.665,0.0035828351974487305,0.6978301898156292
16.665,0.0035827159881591797,0.6978301898156292
16.668,0.003582000732421875,0.8837923705591946
16.668,0.0035840272903442383,0.8837923705591946
16.668,0.003584146499633789,0.8837923705591946
16.668,0.0035833120346069336,0.8837923705591946
16.668,0.0035822391510009766,0.8837923705591946
16.668,0.003583073616027832,0.8837923705591946
16.669,0.0035834312438964844,1.0506571818039445
16.669,0.0035839080810546875,1.0506571818039445
16.669,0.0035828351974487305,1.0506571818039445
16.669,0.0035827159881591797,1.0506571818039445
16.666,0.0035837888717651367,0.75091006472524
16.666,0.003583669662475586,0.75091006472524
16.666,0.003583073616027832,0.75091006472524
16.666,0.0035828351974487305,0.75091006472524
16.666,0.0035823583602905273,0.75091006472524
16.664,0.0035837888717651367,0.5665098736361527
16.664,0.0035837888717651367,0.5665098736361527
16.664,0.0035833120346069336,0.5665098736361527
16.664,0.0035843849182128906,0.5665098736361527
16.664,0.003583073616027832,0.5665098736361527
16.664,0.003582596778869629,0.5665098736361527
16.664,0.0035827159881591797,0.4967328424187629
16.664,0.003584623336791992,0.4967328424187629
16.664,0.003582477569580078,0.4967328424187629
16.664,0.0035829544067382812,0.4967328424187629
16.666,0.003584623336791992,0.40569278088693705
16.666,0.0035833120346069336,0.40569278088693705
16.666,0.0035845041275024414,0.40569278088693705
16.666,0.003583669662475586,0.40569278088693705
16.666,0.0035833120346069336,0.40569278088693705
16.666,0.003584742546081543,0.40569278088693705
16.664,0.0035834312438964844,0.5549618897943716
16.664,0.003583192825317383,0.5549618897943716
16.664,0.003584742546081543,0.5549618897943716
16.664,0.0035829544067382812,0.5549618897943716
16.664,0.003585338592529297,0.5549618897943716
16.664,0.0035849809646606445,0.5549618897943716
16.668,0.003582596778869629,0.4220903729900485
16.668,0.0035822391510009766,0.4220903729900485
16.668,0.0035829544067382812,0.4220903729900485
16.668,0.0035827159881591797,0.4220903729900485
16.668,0.0035843849182128906,0.4220903729900485
16.667,0.003583669662475586,0.5718125002017698
16.667,0.0035843849182128906,0.5718125002017698
16.667,0.003583550453186035,0.5718125002017698
16.667,0.0035829544067382812,0.5718125002017698
16.667,0.0035827159881591797,0.5718125002017698
16.667,0.0035843849182128906,0.5718125002017698
16.668,0.0035833120346069336,0.16446272573417353
16.668,0.0035833120346069336,0.16446272573417353
16.668,0.0035829544067382812,0.16446272573417353
16.668,0.0035845041275024414,0.16446272573417353
16.668,0.0035845041275024414,0.16446272573417353
16.668,0.0035848617553710938,0.4113910546149051
16.668,0.003584742546081543,0.4113910546149051
16.668,0.0035828351974487305,0.4113910546149051
16.668,0.00349581241607666,0.4113910546149051
16.668,0.0035001039505004883,0.4113910546149051
16.307,0.0035053491592407227,0.4170721122114789
16.307,0.0035071372985839844,0.4170721122114789
16.307,0.003504633903503418,0.4170721122114789
16.307,0.0035043954849243164,0.4170721122114789
16.307,0.003504157066345215,0.4170721122114789
16.307,0.0035027265548706055,0.4170721122114789
16.336,0.0035053491592407227,0.13246982631329995
16.336,0.003507256507873535,0.13246982631329995
16.336,0.0035071372985839844,0.13246982631329995
16.336,0.003508329391479492,0.13246982631329995
16.336,0.003508448600769043,0.13246982631329995
16.336,0.0035085678100585938,0.13246982631329995
16.336,0.003506898880004883,0.13246982631329995
16.344,0.003507852554321289,0.1990107380912196
16.344,0.0035082101821899414,0.1990107380912196
16.344,0.0035091638565063477,0.1990107380912196
16.344,0.0034227371215820312,0.1990107380912196
16.344,0.003427267074584961,0.1990107380912196
16.344,0.0034302473068237305,0.1990107380912196
16.01,0.0034352540969848633,0.20797741793639535
16.01,0.00343477725982666,0.20797741793639535
16.01,0.0034346580505371094,0.20797741793639535
16.01,0.0034331083297729492,0.20797741793639535
16.01,0.003432035446166992,0.20797741793639535
16.01,0.0034314393997192383,0.20797741793639535
16.041,0.0034341812133789062,0.2129790093259154
16.041,0.0034346580505371094,0.2129790093259154
16.041,0.0034371614456176758,0.2129790093259154
16.041,0.0034363269805908203,0.2129790093259154
16.041,0.003436446189880371,0.2129790093259154
16.041,0.003437042236328125,0.2129790093259154
16.043,0.0033587217330932617,0.3307861132657801
16.043,0.0033556222915649414,0.3307861132657801
16.043,0.0033494234085083008,0.3307861132657801
16.043,0.0034372806549072266,0.3307861132657801
16.043,0.0034373998641967773,0.3307861132657801
16.043,0.003438115119934082,0.3307861132657801
15.692,0.0033632516860961914,0.5327010244670427
15.692,0.003361940383911133,0.5327010244670427
15.692,0.0033627748489379883,0.5327010244670427
15.692,0.003361225128173828,0.5327010244670427
15.692,0.003360152244567871,0.5327010244670427
15.692,0.0033583641052246094,0.5327010244670427
15.743,0.003363966941833496,0.7852586695140509
15.743,0.0033646821975708008,0.7852586695140509
15.743,0.003365159034729004,0.7852586695140509
15.743,0.00336456298828125,0.7852586695140509
15.743,0.003365635871887207,0.7852586695140509
15.743,0.0033653974533081055,0.7852586695140509
15.741,0.003365159034729004,0.7855290687645506
15.741,0.00336456298828125,0.7855290687645506
15.741,0.0033658742904663086,0.7855290687645506
15.741,0.0032788515090942383,0.7855290687645506
15.741,0.003281712532043457,0.7855290687645506
15.741,0.003285527229309082,0.7855290687645506
15.389,0.0032886266708374023,1.1167363627068734
15.389,0.0032896995544433594,1.1167363627068734
15.389,0.0032901763916015625,1.1167363627068734
15.389,0.003285527229309082,1.1167363627068734
15.389,0.003286600112915039,1.1167363627068734
15.44,0.0032922029495239258,1.2161845921050636
15.44,0.0032923221588134766,1.2161845921050636
15.44,0.003289937973022461,1.2161845921050636
15.442,0.003292679786682129,1.4677478008756437
15.442,0.003293156623840332,1.4677478008756437
15.442,0.003292560577392578,1.4677478008756437
15.442,0.0032618045806884766,1.4677478008756437
15.442,0.0032101869583129883,1.4677478008756437
15.442,0.0032134056091308594,1.4677478008756437
15.135,0.0032156705856323242,1.5397119985622338
15.135,0.0032176971435546875,1.5397119985622338
15.135,0.003218412399291992,1.5397119985622338
15.135,0.003219008445739746,1.5397119985622338
15.135,0.0032186508178710938,1.5397119985622338
15.135,0.0032216310501098633,1.5397119985622338
15.138,0.0032193660736083984,1.8594336453794076
15.138,0.003222227096557617,1.8594336453794076
15.138,0.0032198429107666016,1.8594336453794076
15.138,0.0032221078872680664,1.8594336453794076
15.143,0.003223419189453125,2.0278125601563644
15.143,0.0031408071517944336,2.0278125601563644
14.837,0.003153204917907715,2.132292903679372
14.558,0.0030840635299682617,2.8632491988744464
14.558,0.0030843019485473633,2.8632491988744464
14.565,0.0030859708786010742,2.9271838331103064
14.565,0.003085613250732422,2.9271838331103064
14.565,0.0030853748321533203,2.9271838331103064
14.565,0.003083944320678711,2.9271838331103064
14.575,0.0030858516693115234,3.2450213182395067
14.575,0.0030869245529174805,3.2450213182395067
14.575,0.0030868053436279297,3.2450213182395067
14.575,0.0030045509338378906,3.2450213182395067
14.575,0.003019571304321289,3.2450213182395067
14.321,0.0030246973037719727,3.5051312861570487
14.321,0.003024578094482422,3.5051312861570487
14.321,0.00302278995513916,3.5051312861570487
14.321,0.0030248165130615234,3.5051312861570487
14.321,0.00302278995513916,3.5051312861570487
14.327,0.0030260086059570312,3.589585058154424
14.327,0.003026723861694336,3.589585058154424
14.327,0.0030254125595092773,3.589585058154424
14.327,0.0030258893966674805,3.589585058154424
14.327,0.0030254125595092773,3.589585058154424
14.327,0.0030252933502197266,3.589585058154424
14.327,0.0030257701873779297,3.832500584290276
14.327,0.0030280351638793945,3.832500584290276
14.327,0.0029370784759521484,3.832500584290276
14.327,0.0029516220092773438,3.832500584290276
14.047,0.0029598474502563477,3.9717954400648967
14.047,0.0029588937759399414,3.9717954400648967
14.047,0.0029603242874145508,3.9717954400648967
14.047,0.0029562711715698242,3.9717954400648967
14.047,0.002955198287963867,3.9717954400648967
14.047,0.002957463264465332,3.9717954400648967
14.04,0.0029611587524414062,4.183910656640649
14.04,0.002961277961730957,4.183910656640649
14.04,0.002961277961730957,4.183910656640649
14.04,0.002962470054626465,4.183910656640649
14.04,0.0029611587524414062,4.183910656640649
14.052,0.002898097038269043,4.26030946815148
14.052,0.002894759178161621,4.26030946815148
14.052,0.0029622316360473633,4.26030946815148
14.052,0.002963423728942871,4.26030946815148
14.052,0.002962470054626465,4.26030946815148
13.781,0.002902507781982422,4.61675991371874
13.781,0.0028984546661376953,4.61675991371874
13.781,0.0029000043869018555,4.61675991371874
13.781,0.00290071964263916,4.61675991371874
13.781,0.0029022693634033203,4.61675991371874
13.781,0.0029039382934570312,4.61675991371874
13.807,0.0029059648513793945,4.839543881325003
13.807,0.002903580665588379,4.839543881325003
13.807,0.0029027462005615234,4.839543881325003
13.807,0.0029044151306152344,4.839543881325003
13.807,0.002903461456298828,4.839543881325003
13.807,0.002903580665588379,4.839543881325003
13.81,0.0029044151306152344,4.729935660200336
13.81,0.00290524959564209,4.729935660200336
13.81,0.0029042959213256836,4.729935660200336
13.81,0.002905607223510742,4.729935660200336
13.81,0.002830028533935547,4.729935660200336
13.81,0.0028336048126220703,4.729935660200336
13.542,0.0028368234634399414,5.063918073199625
13.542,0.002837061882019043,5.063918073199625
13.542,0.0028384923934936523,5.063918073199625
13.542,0.002839326858520508,5.063918073199625
13.542,0.0028399229049682617,5.063918073199625
13.542,0.0028412342071533203,5.2896230017987005
13.542,0.0028400421142578125,5.2896230017987005
13.542,0.0028421878814697266,5.2896230017987005
13.542,0.002840757369995117,5.2896230017987005
13.542,0.002839803695678711,5.2896230017987005
13.542,0.0028405189514160156,5.2896230017987005
13.546,0.0028409957885742188,5.104394864273873
13.546,0.0028411149978637695,5.104394864273873
13.546,0.0028409957885742188,5.104394864273873
13.546,0.0028421878814697266,5.104394864273873
13.546,0.00276792049407959,5.104394864273873
13.546,0.0027718544006347656,5.104394864273873
13.254,0.0027747154235839844,5.556901111566829
13.254,0.002775907516479492,5.556901111566829
13.254,0.0027784109115600586,5.556901111566829
13.254,0.0027779340744018555,5.556901111566829
13.254,0.002778172492980957,5.556901111566829
13.254,0.002778172492980957,5.556901111566829
13.277,0.0027806758880615234,5.618138527617684
13.277,0.002779841423034668,5.618138527617684
13.277,0.0027811527252197266,5.618138527617684
13.277,0.0027800798416137695,5.618138527617684
13.277,0.002779364585876465,5.618138527617684
13.277,0.0027801990509033203,5.618138527617684
13.28,0.0027045011520385742,5.675986782235047
13.28,0.0027823448181152344,5.675986782235047
13.28,0.0027132034301757812,5.675986782235047
13.28,0.002781391143798828,5.675986782235047
13.28,0.0027807950973510742,5.675986782235047
13.28,0.002780437469482422,5.675986782235047
12.995,0.0027151107788085938,5.862813332286926
12.995,0.0027168989181518555,5.862813332286926
12.995,0.002718210220336914,5.862813332286926
12.995,0.002717733383178711,5.862813332286926
12.995,0.002718687057495117,5.862813332286926
12.995,0.002719283103942871,5.862813332286926
13.029,0.0027219057083129883,6.046472481057125
13.029,0.002722501754760742,6.046472481057125
13.029,0.0027211904525756836,6.046472481057125
13.029,0.0027207136154174805,6.046472481057125
13.029,0.002720475196838379,6.046472481057125
13.029,0.002722024917602539,6.046472481057125
13.035,0.002721548080444336,6.038687859147391
13.035,0.0027216672897338867,6.038687859147391
13.035,0.0027227401733398438,6.038687859147391
13.035,0.002721548080444336,6.038687859147391
13.035,0.0027207136154174805,6.038687859147391
13.035,0.0026543140411376953,6.038687859147391
12.749,0.00266265869140625,6.254610236135552
12.749,0.002662181854248047,6.254610236135552
12.749,0.002660989761352539,6.254610236135552
12.749,0.002659320831298828,6.254610236135552
12.749,0.002657651901245117,6.254610236135552
12.749,0.0026613473892211914,6.254610236135552
12.778,0.0026634931564331055,6.264848315844468
12.778,0.002663254737854004,6.264848315844468
12.778,0.0026627779006958008,6.264848315844468
12.778,0.0026625394821166992,6.264848315844468
12.778,0.0026625394821166992,6.264848315844468
12.778,0.00266420841217041,6.264848315844468
12.782,0.0026644468307495117,6.466858851262705
12.782,0.0026025772094726562,6.466858851262705
12.782,0.0026651620864868164,6.466858851262705
12.782,0.0026640892028808594,6.466858851262705
12.782,0.002663850784301758,6.466858851262705
12.782,0.0026640892028808594,6.466858851262705
12.584,0.0026050806045532227,6.62991404211551
12.584,0.002607583999633789,6.62991404211551
12.584,0.00260770320892334,6.62991404211551
12.584,0.0026082992553710938,6.62991404211551
12.584,0.0026092529296875,6.62991404211551
12.584,0.002610445022583008,6.62991404211551
12.562,0.0026121139526367188,6.697615761702499
12.562,0.0026123523712158203,6.697615761702499
12.562,0.002611398696899414,6.697615761702499
12.562,0.0026127099990844727,6.697615761702499
12.562,0.002610445022583008,6.697615761702499
12.562,0.0026105642318725586,6.697615761702499
12.568,0.002613544464111328,6.827031936684386
12.568,0.0026133060455322266,6.827031936684386
12.568,0.002613663673400879,6.827031936684386
12.568,0.002611875534057617,6.827031936684386
12.568,0.0026122331619262695,6.827031936684386
12.568,0.0026133060455322266,6.827031936684386
12.57,0.0026133060455322266,6.964423194028587
12.57,0.0026144981384277344,6.964423194028587
12.57,0.0026129484176635742,6.964423194028587
12.57,0.002613067626953125,6.964423194028587
12.57,0.002614617347717285,6.964423194028587
12.57,0.002614140510559082,6.964423194028587
12.574,0.0026134252548217773,6.844999449027664
12.574,0.002612590789794922,6.844999449027664
12.574,0.0026154518127441406,6.844999449027664
12.574,0.0026144981384277344,6.844999449027664
12.574,0.0026150941848754883,6.844999449027664
12.574,0.002614259719848633,6.844999449027664
12.577,0.00261533260345459,7.055794199678117
12.577,0.0026143789291381836,7.055794199678117
12.577,0.002614140510559082,7.055794199678117
12.577,0.002615213394165039,7.055794199678117
12.577,0.0026154518127441406,7.055794199678117
12.577,0.0026149749755859375,7.055794199678117
12.578,0.002615213394165039,6.879785465001717
12.578,0.0026160478591918945,6.879785465001717
12.578,0.0026159286499023438,6.879785465001717
12.578,0.0026143789291381836,6.879785465001717
12.578,0.0026159286499023438,6.879785465001717
12.578,0.002614617347717285,6.879785465001717
12.578,0.0026154518127441406,6.879785465001717
12.581,0.00261533260345459,6.8740409299705325
12.581,0.0026155710220336914,6.8740409299705325
12.581,0.0026154518127441406,6.8740409299705325
12.581,0.0026161670684814453,6.8740409299705325
12.581,0.002614736557006836,6.8740409299705325
12.581,0.0026143789291381836,6.8740409299705325
12.582,0.002616286277770996,6.775435332885501
12.582,0.0026159286499023438,6.775435332885501
12.582,0.0026161670684814453,6.775435332885501
12.582,0.00261533260345459,6.775435332885501
12.582,0.00261533260345459,6.775435332885501
12.582,0.0026160478591918945,6.775435332885501
12.582,0.0026161670684814453,6.869389803443698
12.582,0.0026149749755859375,6.869389803443698
12.582,0.0026160478591918945,6.869389803443698
12.582,0.002615213394165039,6.869389803443698
12.582,0.0026160478591918945,6.869389803443698
12.582,0.002616286277770996,6.869389803443698
12.581,0.0026159286499023438,6.524227751525391
12.581,0.002616286277770996,6.524227751525391
12.581,0.0026161670684814453,6.524227751525391
12.581,0.0026155710220336914,6.524227751525391
12.581,0.0026150941848754883,6.524227751525391
12.581,0.0026175975799560547,6.524227751525391
12.581,0.0026170015335083008,6.66779511315008
12.581,0.0026177167892456055,6.66779511315008
12.581,0.0026165246963500977,6.66779511315008
12.581,0.00261688232421875,6.66779511315008
12.581,0.0026171207427978516,6.66779511315008
12.581,0.0026155710220336914,6.66779511315008
12.584,0.0026170015335083008,6.571803936308564
12.584,0.0026166439056396484,6.571803936308564
12.584,0.002617359161376953,6.571803936308564
12.584,0.0026166439056396484,6.571803936308564
12.584,0.0026172399520874023,6.571803936308564
12.584,0.0026177167892456055,6.571803936308564
12.582,0.002618074417114258,6.151280582727193
12.582,0.00261688232421875,6.151280582727193
12.582,0.0026161670684814453,6.151280582727193
12.582,0.0026161670684814453,6.151280582727193
12.582,0.0026165246963500977,6.151280582727193
12.582,0.0026177167892456055,6.151280582727193
12.582,0.002617955207824707,6.0817000940053
12.582,0.002618551254272461,6.0817000940053
12.582,0.002618074417114258,6.0817000940053
12.582,0.0026189088821411133,6.0817000940053
12.582,0.002617359161376953,6.0817000940053
12.582,0.00261843204498291,6.0817000940053
12.581,0.0026181936264038086,5.793063335450017
12.581,0.0026175975799560547,5.793063335450017
12.581,0.002619028091430664,5.793063335450017
12.581,0.002617478370666504,5.793063335450017
12.581,0.002617955207824707,5.793063335450017
12.581,0.0026189088821411133,5.793063335450017
12.582,0.002618074417114258,5.715321621000337
12.582,0.0026193857192993164,5.715321621000337
12.582,0.0026175975799560547,5.715321621000337
12.582,0.0026178359985351562,5.715321621000337
12.582,0.0026175975799560547,5.715321621000337
12.584,0.0026175975799560547,5.536281863908696
12.584,0.002619028091430664,5.536281863908696
12.584,0.002618551254272461,5.536281863908696
12.584,0.0026192665100097656,5.536281863908696
12.587,0.0026189088821411133,5.533152275307591
12.587,0.002618551254272461,5.533152275307591
12.587,0.0026181936264038086,5.533152275307591
12.587,0.002619624137878418,5.533152275307591
12.587,0.002619624137878418,5.533152275307591
12.587,0.002619504928588867,5.533152275307591
12.587,0.002618551254272461,5.213839884145262
12.587,0.002618551254272461,5.213839884145262
12.587,0.002619147300720215,5.213839884145262
12.587,0.002617359161376953,5.213839884145262
12.587,0.0026193857192993164,5.213839884145262
12.587,0.002619624137878418,5.213839884145262
12.589,0.0026177167892456055,5.160583852096393
12.589,0.0026186704635620117,5.160583852096393
12.589,0.0026198625564575195,5.160583852096393
12.589,0.002617955207824707,5.160583852096393
12.587,0.002618551254272461,4.964354297257263
12.587,0.002620100975036621,4.964354297257263
12.587,0.0026171207427978516,4.964354297257263
12.587,0.0026175975799560547,4.964354297257263
12.587,0.0026205778121948242,4.964354297257263
12.588,0.002618551254272461,4.727407426688137
12.588,0.002619504928588867,4.727407426688137
12.588,0.002619504928588867,4.727407426688137
12.588,0.0026192665100097656,4.727407426688137
12.588,0.0026203393936157227,4.727407426688137
12.587,0.002619028091430664,4.547214043707427
12.587,0.00261843204498291,4.547214043707427
12.587,0.0026189088821411133,4.547214043707427
12.587,0.002619147300720215,4.547214043707427
12.587,0.002620100975036621,4.342046378039431
12.587,0.002619504928588867,4.342046378039431
12.587,0.0026187896728515625,4.342046378039431
12.587,0.002619504928588867,4.342046378039431
12.587,0.0026205778121948242,4.342046378039431
12.583,0.002619147300720215,4.206827633971403
12.583,0.0026203393936157227,4.206827633971403
12.582,0.0026193857192993164,4.019894609616971
12.587,0.0026203393936157227,3.4601598044765054
12.587,0.0026204586029052734,3.4601598044765054
12.587,0.0026205778121948242,3.330807423002069
12.587,0.0026208162307739258,3.330807423002069
12.587,0.002620220184326172,3.330807423002069
12.587,0.0026209354400634766,3.330807423002069
12.589,0.002621173858642578,2.9591680408414747
12.591,0.002620697021484375,3.1633653366039693
12.591,0.002620697021484375,3.1633653366039693
12.591,0.002620220184326172,3.1633653366039693
12.593,0.002620220184326172,3.022896822857199
12.593,0.0026215314865112305,3.022896822857199
12.596,0.0026214122772216797,2.901498293529025
12.596,0.0026209354400634766,2.901498293529025
12.596,0.002621173858642578,2.901498293529025
12.596,0.0026204586029052734,2.901498293529025
12.596,0.002621173858642578,2.901498293529025
12.599,0.0026215314865112305,2.727966814663646
12.599,0.002621769905090332,2.727966814663646
12.599,0.002621769905090332,2.727966814663646
12.599,0.0026215314865112305,2.727966814663646
12.599,0.0026227235794067383,2.727966814663646
12.599,0.002622365951538086,2.7424527066593463
12.599,0.0026214122772216797,2.7424527066593463
12.6,0.0026214122772216797,2.360592658908832
12.6,0.0026220083236694336,2.360592658908832
12.6,0.002621293067932129,2.360592658908832
12.6,0.002622365951538086,2.360592658908832
12.6,0.00262296199798584,2.360592658908832
12.601,0.002621293067932129,2.2950071845507063
12.601,0.0026216506958007812,2.2950071845507063
12.601,0.002622842788696289,2.2950071845507063
12.601,0.0026215314865112305,2.2950071845507063
12.599,0.0026226043701171875,2.2501813243859665
12.599,0.0026203393936157227,2.2501813243859665
12.599,0.0026215314865112305,2.2501813243859665
12.599,0.0026221275329589844,2.2501813243859665
12.599,0.0026214122772216797,2.1112123862056005
12.599,0.002621769905090332,2.1112123862056005
12.599,0.002622842788696289,2.1112123862056005
12.599,0.0026226043701171875,2.1112123862056005
12.599,0.0026220083236694336,2.1112123862056005
12.6,0.002621769905090332,1.982476225417902
12.6,0.0026215314865112305,1.982476225417902
12.6,0.002623319625854492,1.982476225417902
12.6,0.0026224851608276367,1.982476225417902
12.6,0.0026226043701171875,1.9942858686144027
12.6,0.0026227235794067383,1.9942858686144027
12.6,0.002622365951538086,1.9942858686144027
12.6,0.002623438835144043,1.9942858686144027
12.6,0.002622842788696289,1.9942858686144027
12.6,0.00262296199798584,1.9942858686144027
12.601,0.002623319625854492,1.891900222992544
12.601,0.002623438835144043,1.891900222992544
12.601,0.0026224851608276367,1.891900222992544
12.601,0.002621889114379883,1.891900222992544
12.601,0.0026221275329589844,1.891900222992544
12.603,0.002622246742248535,1.9363888123249482
12.603,0.002622842788696289,1.9363888123249482
12.603,0.0026235580444335938,1.9363888123249482
12.603,0.002621889114379883,1.9363888123249482
12.603,0.0026230812072753906,1.9363888123249482
12.603,0.002623319625854492,1.9363888123249482
12.606,0.0026241540908813477,1.7819174874974035
12.606,0.00262296199798584,1.7819174874974035
12.606,0.0026230812072753906,1.7819174874974035
12.606,0.00262451171875,1.7819174874974035
12.606,0.00262296199798584,1.7819174874974035
12.606,0.0026230812072753906,1.7819174874974035
12.609,0.0026215314865112305,1.7626911237025003
12.609,0.0026246309280395508,1.7626911237025003
12.609,0.0026243925094604492,1.7626911237025003
12.609,0.0026232004165649414,1.7626911237025003
12.609,0.0026236772537231445,1.7626911237025003
12.609,0.00262451171875,1.7626911237025003
12.61,0.002624034881591797,1.6539040515113574
12.61,0.002622842788696289,1.6539040515113574
12.61,0.002622365951538086,1.6539040515113574
12.61,0.002624034881591797,1.6539040515113574
12.61,0.002621769905090332,1.6539040515113574
12.608,0.002623319625854492,1.5692020292206712
12.608,0.002622842788696289,1.5692020292206712
12.608,0.0026235580444335938,1.5692020292206712
12.608,0.002622246742248535,1.5692020292206712
12.608,0.0026230812072753906,1.5692020292206712
12.608,0.0026242733001708984,1.5554749693003078
12.608,0.002623319625854492,1.5554749693003078
12.608,0.00262296199798584,1.5554749693003078
12.608,0.002623319625854492,1.5554749693003078
12.608,0.002624988555908203,1.5554749693003078
12.608,0.002624034881591797,1.5554749693003078
12.607,0.0026248693466186523,1.486715155313098
12.607,0.0026252269744873047,1.486715155313098
12.607,0.002623915672302246,1.486715155313098
12.607,0.0026241540908813477,1.486715155313098
12.607,0.0026227235794067383,1.486715155313098
12.609,0.002623319625854492,1.1063294505757757
12.609,0.0026247501373291016,1.1063294505757757
12.609,0.002623438835144043,1.1063294505757757
12.609,0.0026226043701171875,1.1063294505757757
12.609,0.0026242733001708984,1.1063294505757757
12.609,0.00262296199798584,1.2674653976742365
12.609,0.002622842788696289,1.2674653976742365
12.609,0.0026227235794067383,1.2674653976742365
12.609,0.0026254653930664062,1.2674653976742365
12.609,0.0026226043701171875,1.2674653976742365
12.61,0.0026230812072753906,1.195983574970707
12.61,0.0026243925094604492,1.195983574970707
12.61,0.002623915672302246,1.195983574970707
12.61,0.0026226043701171875,1.195983574970707
12.61,0.0026232004165649414,1.195983574970707
12.61,0.0026242733001708984,1.195983574970707
12.61,0.0026232004165649414,1.1994233616610575
12.61,0.0026224851608276367,1.1994233616610575
12.61,0.0026235580444335938,1.1994233616610575
12.61,0.0026248693466186523,1.1994233616610575
12.61,0.0026247501373291016,1.0455401991123552
12.61,0.0026232004165649414,1.0455401991123552
12.61,0.0026230812072753906,1.0455401991123552
12.61,0.0026237964630126953,1.0455401991123552
12.61,0.00262451171875,1.0455401991123552
12.61,0.0026230812072753906,1.0455401991123552
12.61,0.0026235580444335938,1.0455401991123552
12.613,0.0026247501373291016,0.8440373093952649
12.613,0.0026247501373291016,0.8440373093952649
12.613,0.0026253461837768555,0.8440373093952649
12.613,0.002623438835144043,0.8440373093952649
12.612,0.0026227235794067383,0.9607133589637034
12.612,0.0026235580444335938,0.9607133589637034
12.612,0.002621769905090332,0.9607133589637034
12.612,0.0026221275329589844,0.9607133589637034
12.612,0.0026242733001708984,0.9607133589637034
12.612,0.002623915672302246,0.9607133589637034
12.614,0.0026242733001708984,0.7689201484991903
12.614,0.002622842788696289,0.7689201484991903
12.614,0.002624034881591797,0.7689201484991903
12.614,0.002624034881591797,0.7689201484991903
12.614,0.002623915672302246,0.7689201484991903
12.614,0.0026246309280395508,0.7689201484991903
12.618,0.002625107765197754,0.6318316173768572
12.618,0.0026242733001708984,0.6318316173768572
12.618,0.0026235580444335938,0.6318316173768572
12.618,0.0026237964630126953,0.6318316173768572
12.618,0.002624034881591797,0.6318316173768572
12.618,0.0026230812072753906,0.6318316173768572
12.622,0.0026241540908813477,0.765232992696864
12.622,0.0026232004165649414,0.765232992696864
12.622,0.0026232004165649414,0.765232992696864
12.622,0.002624988555908203,0.765232992696864
12.622,0.002623438835144043,0.765232992696864
12.622,0.0026246309280395508,0.765232992696864
12.623,0.0026241540908813477,0.5306089023187233
12.623,0.002623438835144043,0.5306089023187233
12.623,0.002623438835144043,0.5306089023187233
12.623,0.002624034881591797,0.5306089023187233
12.623,0.002624034881591797,0.5306089023187233
12.623,0.002623319625854492,0.5306089023187233
12.622,0.0026236772537231445,0.6224225077065295
12.622,0.0026230812072753906,0.6224225077065295
12.622,0.002623915672302246,0.6224225077065295
12.622,0.0026232004165649414,0.6224225077065295
12.622,0.002623915672302246,0.6224225077065295
12.622,0.002623319625854492,0.6224225077065295
12.622,0.002623438835144043,0.5173561819788088
12.622,0.002623319625854492,0.5173561819788088
12.622,0.002624034881591797,0.5173561819788088
12.622,0.0026236772537231445,0.5173561819788088
12.622,0.0026248693466186523,0.5173561819788088
12.62,0.002623319625854492,0.4029515088304607
12.62,0.0026247501373291016,0.4029515088304607
12.62,0.0026241540908813477,0.4029515088304607
12.62,0.00262296199798584,0.4029515088304607
12.62,0.0026235580444335938,0.4029515088304607
12.62,0.002623915672302246,0.4029515088304607
12.622,0.002624988555908203,0.43962713590830926
12.622,0.0026248693466186523,0.43962713590830926
12.622,0.0026227235794067383,0.43962713590830926
12.622,0.0026242733001708984,0.43962713590830926
12.622,0.002623438835144043,0.43962713590830926
12.622,0.002624988555908203,0.43962713590830926
12.622,0.002623438835144043,0.4164175202655054
12.622,0.0026259422302246094,0.4164175202655054
12.622,0.0026236772537231445,0.4164175202655054
12.622,0.0026236772537231445,0.4164175202655054
12.622,0.0026242733001708984,0.4164175202655054
12.623,0.0026243925094604492,0.26665974014327487
12.623,0.0026243925094604492,0.26665974014327487
12.623,0.002625107765197754,0.26665974014327487
12.623,0.00262606143951416,0.26665974014327487
12.626,0.0026252269744873047,0.17710575215536384
12.626,0.0026242733001708984,0.17710575215536384
12.626,0.002623915672302246,0.17710575215536384
12.626,0.002623915672302246,0.17710575215536384
12.626,0.0026246309280395508,0.17710575215536384
12.626,0.0026247501373291016,0.17710575215536384
12.627,0.0026242733001708984,0.2725508392005094
12.627,0.002624988555908203,0.2725508392005094
12.627,0.002624034881591797,0.2725508392005094
12.627,0.002625584602355957,0.2725508392005094
12.627,0.0026248693466186523,0.2725508392005094
12.625,0.0026247501373291016,0.14805869984441689
12.625,0.0026243925094604492,0.14805869984441689
12.625,0.0026246309280395508,0.14805869984441689
12.625,0.002625703811645508,0.14805869984441689
12.625,0.0026243925094604492,0.14805869984441689
12.625,0.0026230812072753906,0.14805869984441689
12.626,0.0026243925094604492,0.09792942699193441
12.626,0.002542257308959961,0.09792942699193441
12.626,0.002560853958129883,0.09792942699193441
12.626,0.0025643110275268555,0.09792942699193441
12.626,0.0025635957717895508,0.09792942699193441
12.626,0.0025652647018432617,0.09792942699193441
12.385,0.0025691986083984375,0.003386416008721582
12.385,0.002567291259765625,0.003386416008721582
12.385,0.002566695213317871,0.003386416008721582
12.385,0.0025665760040283203,0.003386416008721582
12.385,0.0025681257247924805,0.003386416008721582
12.385,0.0025676488876342773,0.003386416008721582
12.392,0.00256955623626709,-0.043483259376148276
12.392,0.0025693178176879883,-0.043483259376148276
12.392,0.0025676488876342773,-0.043483259376148276
12.392,0.0025680065155029297,-0.043483259376148276
12.392,0.0025693178176879883,-0.043483259376148276
12.392,0.002568364143371582,-0.043483259376148276
12.392,0.002568483352661133,-0.0733588452269558
12.392,0.002568840980529785,-0.0733588452269558
12.392,0.002567887306213379,-0.0733588452269558
12.392,0.002570033073425293,-0.0733588452269558
12.392,0.0025687217712402344,-0.0733588452269558
12.392,0.002570033073425293,-0.0733588452269558
12.395,0.002568960189819336,0.1746638885300773
12.395,0.002568960189819336,0.1746638885300773
12.395,0.0025697946548461914,0.1746638885300773
12.395,0.002568840980529785,0.1746638885300773
12.395,0.002570509910583496,0.1746638885300773
12.395,0.0025702714920043945,0.1746638885300773
12.398,0.002568840980529785,-0.06216189532444805
12.398,0.002569913864135742,-0.06216189532444805
12.398,0.0025703907012939453,-0.06216189532444805
12.398,0.002568840980529785,-0.06216189532444805
12.398,0.002570033073425293,-0.06216189532444805
12.398,0.002570033073425293,-0.06216189532444805
12.402,0.0025696754455566406,0.11886436982658122
12.402,0.0025690793991088867,0.11886436982658122
12.402,0.002569437026977539,0.11886436982658122
12.402,0.0025703907012939453,0.11886436982658122
12.402,0.0025708675384521484,0.11886436982658122
12.403,0.002570509910583496,0.1804435438248564
12.403,0.0025703907012939453,0.1804435438248564
12.403,0.0025724172592163086,0.1804435438248564
12.403,0.002570509910583496,0.1804435438248564
12.407,0.0025713443756103516,0.5191892928579909
12.407,0.002571702003479004,0.5191892928579909
12.407,0.0025712251663208008,0.5191892928579909
12.407,0.0025709867477416992,0.5191892928579909
12.407,0.00257110595703125,0.5191892928579909
12.407,0.0025708675384521484,0.5191892928579909
12.407,0.0025718212127685547,0.9922957145291516
12.407,0.0025703907012939453,0.9922957145291516
12.407,0.0025720596313476562,0.9922957145291516
12.407,0.002571702003479004,0.9922957145291516
12.407,0.002570629119873047,0.9922957145291516
12.41,0.0025724172592163086,1.7195288022106667
12.41,0.002571702003479004,1.7195288022106667
12.413,0.002573251724243164,2.872150891517795
12.42,0.002574324607849121,3.6032462904285802
12.42,0.002575993537902832,3.6032462904285802
12.42,0.0025752782821655273,3.6032462904285802
12.424,0.0025757551193237305,4.344683514382828
12.424,0.002577662467956543,4.344683514382828
12.424,0.0025763511657714844,4.344683514382828
12.424,0.0025758743286132812,4.344683514382828
12.429,0.002576112747192383,4.427271922604117
12.429,0.002575993537902832,4.427271922604117
12.429,0.0025779008865356445,4.427271922604117
12.43,0.0025777816772460938,5.710502923422023
12.43,0.002578139305114746,5.710502923422023
12.43,0.002578258514404297,5.710502923422023
12.43,0.0025777816772460938,5.710502923422023
12.43,0.002578258514404297,5.710502923422023
12.43,0.002577662467956543,5.710502923422023
12.437,0.0025774240493774414,6.751025352933596
12.437,0.002579212188720703,6.751025352933596
12.437,0.0025786161422729492,6.751025352933596
12.437,0.002579212188720703,6.751025352933596
12.437,0.0025805234909057617,6.751025352933596
12.437,0.0025786161422729492,6.751025352933596
12.44,0.0025795698165893555,7.807732630582734
12.44,0.002579331398010254,7.807732630582734
12.44,0.0025807619094848633,7.807732630582734
12.44,0.002579331398010254,7.807732630582734
12.44,0.002580404281616211,7.807732630582734
12.44,0.002579808235168457,7.807732630582734
12.444,0.002580881118774414,8.017466304284467
12.444,0.002581357955932617,8.017466304284467
12.444,0.0025812387466430664,8.017466304284467
12.444,0.0025818347930908203,8.017466304284467
12.444,0.0025812387466430664,8.017466304284467
12.444,0.0025832653045654297,8.017466304284467
12.447,0.002582550048828125,8.9664038769163
12.447,0.002583026885986328,8.9664038769163
12.447,0.0025817155838012695,8.9664038769163
12.447,0.0025823116302490234,8.9664038769163
12.447,0.002581954002380371,8.9664038769163
12.447,0.002583742141723633,8.9664038769163
12.453,0.002583742141723633,10.392761016532805
12.453,0.002583742141723633,10.392761016532805
12.453,0.0025839805603027344,10.392761016532805
12.453,0.002583146095275879,10.392761016532805
12.453,0.0025832653045654297,10.392761016532805
12.453,0.0025823116302490234,10.392761016532805
12.459,0.0025839805603027344,10.592843630194894
12.459,0.0025861263275146484,10.592843630194894
12.459,0.0025854110717773438,10.592843630194894
12.459,0.0025844573974609375,10.592843630194894
12.459,0.002584695816040039,10.592843630194894
12.459,0.0025855302810668945,10.592843630194894
12.461,0.002585887908935547,11.736434875516945
12.461,0.0025862455368041992,11.736434875516945
12.461,0.0025877952575683594,11.736434875516945
12.461,0.002585887908935547,11.736434875516945
12.461,0.0025864839553833008,11.736434875516945
12.461,0.0025855302810668945,11.736434875516945
12.463,0.0025864839553833008,12.363988084239432
12.463,0.0025887489318847656,12.363988084239432
12.463,0.0025888681411743164,12.363988084239432
12.463,0.0025866031646728516,12.363988084239432
12.463,0.00258791446685791,12.363988084239432
12.463,0.002588033676147461,12.363988084239432
12.463,0.002588629722595215,13.164932753062327
12.463,0.0025877952575683594,13.164932753062327
12.463,0.0025900602340698242,13.164932753062327
12.463,0.0025910139083862305,13.164932753062327
12.463,0.0025900602340698242,13.164932753062327
12.463,0.002589583396911621,13.164932753062327
12.467,0.0025904178619384766,14.299877940670921
12.467,0.0025914907455444336,14.299877940670921
12.467,0.002590179443359375,14.299877940670921
12.467,0.002590179443359375,14.299877940670921
12.467,0.0025898218154907227,14.299877940670921
12.467,0.0025898218154907227,14.299877940670921
12.473,0.0025931596755981445,14.904956176948795
12.473,0.002592921257019043,14.904956176948795
12.473,0.0025925636291503906,14.904956176948795
12.473,0.0025922060012817383,14.904956176948795
12.473,0.002589583396911621,14.904956176948795
12.473,0.0025902986526489258,14.904956176948795
12.483,0.0025926828384399414,15.355656197593428
12.483,0.0025922060012817383,15.355656197593428
12.483,0.002592921257019043,15.355656197593428
12.483,0.002593398094177246,15.355656197593428
12.483,0.0025931596755981445,15.355656197593428
12.483,0.0025931596755981445,15.355656197593428
12.483,0.0025925636291503906,16.519903384490867
12.483,0.002595067024230957,16.519903384490867
12.483,0.0025943517684936523,16.519903384490867
12.483,0.00259554386138916,16.519903384490867
12.483,0.0025954246520996094,16.519903384490867
12.483,0.002594470977783203,16.519903384490867
12.486,0.0025968551635742188,17.22630055068154
12.486,0.0025974512100219727,17.22630055068154
12.486,0.0025948286056518555,17.22630055068154
12.486,0.0025957822799682617,17.22630055068154
12.486,0.002594590187072754,17.22630055068154
12.486,0.0025959014892578125,17.22630055068154
12.49,0.002596259117126465,17.71051714041851
12.49,0.0025976896286010742,17.71051714041851
12.49,0.0025964975357055664,17.71051714041851
12.49,0.0025981664657592773,17.71051714041851
12.49,0.0025980472564697266,17.71051714041851
12.49,0.0025980472564697266,17.71051714041851
12.491,0.0025976896286010742,18.266738194016565
12.491,0.0025974512100219727,18.266738194016565
12.491,0.0025986433029174805,18.266738194016565
12.491,0.002598404884338379,18.266738194016565
12.491,0.002598285675048828,18.266738194016565
12.491,0.0025991201400756836,18.266738194016565
12.497,0.002601027488708496,19.20730921039753
12.497,0.0025997161865234375,19.20730921039753
12.497,0.00260162353515625,19.20730921039753
12.497,0.0025991201400756836,19.20730921039753
12.497,0.00260007381439209,19.20730921039753
12.497,0.0025992393493652344,19.20730921039753
12.5,0.002602100372314453,19.68712197605209
12.5,0.0026009082794189453,19.68712197605209
12.5,0.0026015043258666992,19.68712197605209
12.5,0.0026006698608398438,19.68712197605209
12.5,0.0026019811630249023,19.68712197605209
12.5,0.002602100372314453,19.68712197605209
12.503,0.0026025772094726562,20.84820424800695
12.503,0.00260317325592041,20.84820424800695
12.503,0.0026041269302368164,20.84820424800695
12.503,0.0026035308837890625,20.84820424800695
12.503,0.0026046037673950195,20.84820424800695
12.503,0.0026035308837890625,20.84820424800695
12.507,0.0026040077209472656,21.577350251017478
12.507,0.002604961395263672,21.577350251017478
12.507,0.0026051998138427734,21.577350251017478
12.507,0.0026050806045532227,21.577350251017478
12.507,0.002604246139526367,21.577350251017478
12.507,0.002602696418762207,21.577350251017478
12.511,0.0026044845581054688,22.136684210032683
12.511,0.002605915069580078,22.136684210032683
12.511,0.002606034278869629,22.136684210032683
12.511,0.0026063919067382812,22.136684210032683
12.511,0.0026050806045532227,22.136684210032683
12.511,0.002607583999633789,22.136684210032683
12.511,0.0026067495346069336,22.136684210032683
12.513,0.002608180046081543,23.242332343413274
12.513,0.0026073455810546875,23.242332343413274
12.513,0.0026088953018188477,23.242332343413274
12.513,0.0026067495346069336,23.242332343413274
12.513,0.00260770320892334,23.242332343413274
12.513,0.0026078224182128906,23.242332343413274
12.519,0.0026091337203979492,23.78798928635783
12.519,0.0026090145111083984,23.78798928635783
12.519,0.0026105642318725586,23.78798928635783
12.519,0.0026100873947143555,23.78798928635783
12.519,0.0026085376739501953,23.78798928635783
12.519,0.0026078224182128906,23.78798928635783
12.527,0.0026110410690307617,24.66089369336137
12.527,0.002610921859741211,24.66089369336137
12.527,0.0026112794876098633,24.66089369336137
12.527,0.002610445022583008,24.66089369336137
12.529,0.002611994743347168,24.961939004739264
12.529,0.0026123523712158203,24.961939004739264
12.529,0.0026122331619262695,24.961939004739264
12.529,0.002611398696899414,24.961939004739264
12.529,0.002610921859741211,24.961939004739264
12.529,0.0026122331619262695,24.961939004739264
12.532,0.0026121139526367188,26.009827415096993
12.532,0.0026106834411621094,26.009827415096993
12.532,0.0026133060455322266,26.009827415096993
12.532,0.0026128292083740234,26.009827415096993
12.532,0.0026127099990844727,26.009827415096993
12.532,0.0026129484176635742,26.009827415096993
12.534,0.0026140213012695312,26.459197177516018
12.534,0.0026137828826904297,26.459197177516018
12.534,0.0026143789291381836,26.459197177516018
12.534,0.0026131868362426758,26.459197177516018
12.534,0.002614140510559082,26.459197177516018
12.534,0.002613663673400879,26.459197177516018
12.539,0.002615690231323242,27.036410057793482
12.539,0.002616405487060547,27.036410057793482
12.539,0.0026159286499023438,27.036410057793482
12.539,0.002614140510559082,27.036410057793482
12.539,0.002615690231323242,27.036410057793482
12.539,0.00261688232421875,27.036410057793482
12.539,0.0026159286499023438,28.01410746642231
12.539,0.002615213394165039,28.01410746642231
12.539,0.002615809440612793,28.01410746642231
12.539,0.002616405487060547,28.01410746642231
12.539,0.0026155710220336914,28.01410746642231
12.539,0.0026160478591918945,28.01410746642231
12.54,0.0026192665100097656,28.598369294390263
12.54,0.002618551254272461,28.598369294390263
12.54,0.0026181936264038086,28.598369294390263
12.54,0.00261688232421875,28.598369294390263
12.54,0.0026170015335083008,28.598369294390263
12.54,0.0026186704635620117,28.598369294390263
12.546,0.0026189088821411133,28.713875492188077
12.546,0.002617359161376953,28.713875492188077
12.546,0.0026197433471679688,28.713875492188077
12.546,0.0026186704635620117,28.713875492188077
12.546,0.0026186704635620117,28.713875492188077
12.546,0.002619624137878418,28.713875492188077
12.548,0.00261843204498291,29.37535296050246
12.548,0.002619504928588867,29.37535296050246
12.548,0.0026203393936157227,29.37535296050246
12.548,0.0026192665100097656,29.37535296050246
12.548,0.002620697021484375,29.37535296050246
12.548,0.0026208162307739258,29.37535296050246
12.553,0.002620697021484375,30.26356801097648
12.553,0.0026224851608276367,30.26356801097648
12.553,0.0026221275329589844,30.26356801097648
12.553,0.0026204586029052734,30.26356801097648
12.553,0.0026208162307739258,30.26356801097648
12.553,0.002620697021484375,30.26356801097648
12.554,0.0026224851608276367,30.371829361988393
12.554,0.002620220184326172,30.371829361988393
12.554,0.00262296199798584,30.371829361988393
12.554,0.002622365951538086,30.371829361988393
12.554,0.002622246742248535,30.371829361988393
12.554,0.002623438835144043,30.371829361988393
12.553,0.0026224851608276367,31.200186965874774
12.553,0.0026232004165649414,31.200186965874774
12.553,0.0026230812072753906,31.200186965874774
12.553,0.002622365951538086,31.200186965874774
12.553,0.002623915672302246,31.200186965874774
12.553,0.00262296199798584,31.200186965874774
12.561,0.0026246309280395508,31.276309333926868
12.561,0.0026248693466186523,31.276309333926868
12.561,0.0026248693466186523,31.276309333926868
12.561,0.0026242733001708984,31.276309333926868
12.561,0.002624988555908203,31.276309333926868
12.561,0.002624988555908203,31.276309333926868
12.563,0.002624988555908203,32.04475425221953
12.563,0.0026246309280395508,32.04475425221953
12.563,0.0026259422302246094,32.04475425221953
12.563,0.0026253461837768555,32.04475425221953
12.563,0.002625584602355957,32.04475425221953
12.563,0.002626776695251465,32.04475425221953
12.568,0.002627134323120117,32.88382568296398
12.568,0.0026268959045410156,32.88382568296398
12.568,0.002626776695251465,32.88382568296398
12.568,0.002627134323120117,32.88382568296398
12.568,0.0026276111602783203,32.88382568296398
12.568,0.0026273727416992188,32.88382568296398
12.572,0.0026274919509887695,33.35061601796441
12.572,0.0026276111602783203,33.35061601796441
12.572,0.0026280879974365234,33.35061601796441
12.572,0.002627134323120117,33.35061601796441
12.572,0.0026282072067260742,33.35061601796441
12.572,0.0026276111602783203,33.35061601796441
12.575,0.0026290416717529297,33.843251270761165
12.575,0.002628326416015625,33.843251270761165
12.575,0.002629518508911133,33.843251270761165
12.575,0.0026280879974365234,33.843251270761165
12.575,0.0026291608810424805,33.843251270761165
12.575,0.0026279687881469727,33.843251270761165
12.576,0.002629399299621582,34.19239743741472
12.576,0.002629995346069336,34.19239743741472
12.576,0.0026302337646484375,34.19239743741472
12.576,0.0026297569274902344,34.19239743741472
12.576,0.002629876136779785,34.19239743741472
12.576,0.002630472183227539,34.19239743741472
12.58,0.0026303529739379883,34.76508704606921
12.58,0.0026297569274902344,34.76508704606921
12.58,0.0026313066482543945,34.76508704606921
12.58,0.0026317834854125977,34.76508704606921
12.581,0.00263214111328125,35.25944313981061
12.581,0.0026311874389648438,35.25944313981061
12.581,0.0026334524154663086,35.25944313981061
12.581,0.002632617950439453,35.25944313981061
12.581,0.002631664276123047,35.25944313981061
12.581,0.0026335716247558594,35.25944313981061
12.583,0.0026323795318603516,35.7826260895977
12.583,0.0026328563690185547,35.7826260895977
12.583,0.002631664276123047,35.7826260895977
12.583,0.0026329755783081055,35.7826260895977
12.583,0.002632737159729004,35.7826260895977
12.583,0.0026334524154663086,35.7826260895977
12.587,0.0026330947875976562,36.20642969118314
12.587,0.0026334524154663086,36.20642969118314
12.587,0.0026340484619140625,36.20642969118314
12.587,0.002635359764099121,36.20642969118314
12.587,0.0026330947875976562,36.20642969118314
12.587,0.0026322603225708008,36.20642969118314
12.589,0.002633333206176758,36.8112848024594
12.589,0.0026351213455200195,36.8112848024594
12.589,0.002633333206176758,36.8112848024594
12.589,0.0026357173919677734,36.8112848024594
12.589,0.0026339292526245117,36.8112848024594
12.589,0.0026360750198364258,36.8112848024594
12.589,0.002635478973388672,36.8112848024594
12.591,0.002635478973388672,36.9936559317927
12.591,0.0026345252990722656,36.9936559317927
12.591,0.0026367902755737305,36.9936559317927
12.591,0.0026373863220214844,36.9936559317927
12.591,0.002635478973388672,36.9936559317927
12.591,0.0026355981826782227,36.9936559317927
12.595,0.002635359764099121,37.7822340865599
12.595,0.002637147903442383,37.7822340865599
12.595,0.002637624740600586,37.7822340865599
12.595,0.002635478973388672,37.7822340865599
12.595,0.0026346445083618164,37.7822340865599
12.595,0.002637624740600586,37.7822340865599
12.598,0.0026355981826782227,38.22535284047768
12.598,0.0026372671127319336,38.22535284047768
12.598,0.002638101577758789,38.22535284047768
12.598,0.0026366710662841797,38.22535284047768
12.598,0.002637147903442383,38.22535284047768
12.598,0.002637624740600586,38.22535284047768
12.601,0.0026372671127319336,38.69175412864506
12.601,0.00263822078704834,38.69175412864506
12.601,0.00263822078704834,38.69175412864506
12.601,0.002638101577758789,38.69175412864506
12.604,0.002637505531311035,38.96433079618369
12.604,0.002639293670654297,38.96433079618369
12.604,0.00263822078704834,38.96433079618369
12.604,0.0026398897171020508,38.96433079618369
12.604,0.0026398897171020508,38.96433079618369
12.604,0.002640366554260254,38.96433079618369
12.605,0.002639293670654297,39.29308142291479
12.605,0.002638697624206543,39.29308142291479
12.605,0.0026396512985229492,39.29308142291479
12.605,0.0026390552520751953,39.29308142291479
12.605,0.002638697624206543,39.29308142291479
12.605,0.0026401281356811523,39.29308142291479
12.608,0.002640247344970703,39.69164267904287
12.608,0.0026410818099975586,39.69164267904287
12.608,0.0026404857635498047,39.69164267904287
12.608,0.0026388168334960938,39.69164267904287
12.608,0.002640366554260254,39.69164267904287
12.608,0.002640366554260254,39.69164267904287
12.612,0.002640962600708008,40.03492884020542
12.612,0.0026416778564453125,40.03492884020542
12.612,0.002640247344970703,40.03492884020542
12.612,0.0026416778564453125,40.03492884020542
12.612,0.0026417970657348633,40.03492884020542
12.612,0.0026407241821289062,40.03492884020542
12.611,0.002640843391418457,40.72326213858457
12.611,0.0026433467864990234,40.72326213858457
12.611,0.002642035484313965,40.72326213858457
12.611,0.0026426315307617188,40.72326213858457
12.611,0.0026415586471557617,40.72326213858457
12.611,0.002641439437866211,40.72326213858457
12.613,0.002640843391418457,40.772357989405776
12.613,0.002641916275024414,40.772357989405776
12.613,0.002640962600708008,40.772357989405776
12.613,0.0026428699493408203,40.772357989405776
12.613,0.0026417970657348633,40.772357989405776
12.613,0.0026427507400512695,40.772357989405776
12.617,0.002643585205078125,41.207716206730325
12.617,0.002642393112182617,41.207716206730325
12.617,0.002642512321472168,41.207716206730325
12.617,0.0026416778564453125,41.207716206730325
12.617,0.0026432275772094727,41.207716206730325
12.617,0.002642393112182617,41.207716206730325
12.623,0.002644658088684082,41.7451056515564
12.623,0.002643108367919922,41.7451056515564
12.623,0.0026433467864990234,41.7451056515564
12.623,0.0026434659957885742,41.7451056515564
12.623,0.0026438236236572266,41.7451056515564
12.623,0.0026443004608154297,41.7451056515564
12.623,0.002643108367919922,42.093908135462556
12.623,0.0026443004608154297,42.093908135462556
12.623,0.0026438236236572266,42.093908135462556
12.623,0.002644777297973633,42.093908135462556
12.623,0.0026433467864990234,42.093908135462556
12.623,0.002644777297973633,42.093908135462556
12.623,0.002644658088684082,42.48137163493275
12.623,0.0026454925537109375,42.48137163493275
12.623,0.002644658088684082,42.48137163493275
12.623,0.0026444196701049805,42.48137163493275
12.623,0.0026448965072631836,42.48137163493275
12.623,0.002645254135131836,42.48137163493275
12.625,0.0026456117630004883,43.01257623132332
12.625,0.0026456117630004883,43.01257623132332
12.625,0.0026438236236572266,43.01257623132332
12.625,0.0026439428329467773,43.01257623132332
12.625,0.0026450157165527344,43.01257623132332
12.625,0.0026450157165527344,43.01257623132332
12.629,0.002645730972290039,43.33481925311558
12.629,0.002645134925842285,43.33481925311558
12.629,0.002645134925842285,43.33481925311558
12.629,0.00264585018157959,43.33481925311558
12.629,0.0026456117630004883,43.33481925311558
12.629,0.0026456117630004883,43.33481925311558
12.633,0.0026456117630004883,43.83072058976704
12.633,0.0026456117630004883,43.83072058976704
12.633,0.002646923065185547,43.83072058976704
12.633,0.0026454925537109375,43.83072058976704
12.633,0.002644777297973633,43.83072058976704
12.633,0.0026459693908691406,43.83072058976704
12.636,0.002646207809448242,44.24366011779753
12.636,0.002646207809448242,44.24366011779753
12.636,0.0026470422744750977,44.24366011779753
12.636,0.002646207809448242,44.24366011779753
12.636,0.002646207809448242,44.24366011779753
12.636,0.0026460886001586914,44.24366011779753
12.641,0.0026466846466064453,44.788104578309245
12.641,0.0026475191116333008,44.788104578309245
12.641,0.0026470422744750977,44.788104578309245
12.641,0.00264739990234375,44.788104578309245
12.641,0.0026459693908691406,44.788104578309245
12.641,0.0026464462280273438,44.788104578309245
12.641,0.0026476383209228516,44.93814239824255
12.641,0.002647876739501953,44.93814239824255
12.641,0.00264739990234375,44.93814239824255
12.641,0.0026483535766601562,44.93814239824255
12.641,0.002649068832397461,44.93814239824255
12.641,0.00258791446685791,44.93814239824255
12.413,0.0025920867919921875,45.5213422009376
12.413,0.002593994140625,45.5213422009376
12.413,0.0025936365127563477,45.5213422009376
12.413,0.00259244441986084,45.5213422009376
12.413,0.0025900602340698242,45.5213422009376
12.413,0.0025905370712280273,45.5213422009376
12.416,0.002592921257019043,45.728654720725196
12.416,0.0025949478149414062,45.728654720725196
12.416,0.002592325210571289,45.728654720725196
12.416,0.0025931596755981445,45.728654720725196
12.416,0.0025953054428100586,45.728654720725196
12.416,0.002595067024230957,45.728654720725196
12.419,0.002595067024230957,45.96745480927723
12.419,0.002596259117126465,45.96745480927723
12.419,0.0025941133499145508,45.96745480927723
12.419,0.0025959014892578125,45.96745480927723
12.419,0.0025963783264160156,45.96745480927723
12.419,0.0025322437286376953,45.96745480927723
12.418,0.0025403499603271484,46.2196113835153
12.418,0.002537369728088379,46.2196113835153
12.418,0.0025404691696166992,46.2196113835153
12.418,0.0025366544723510742,46.2196113835153
12.418,0.0025336742401123047,46.2196113835153
12.418,0.0025385618209838867,46.2196113835153
12.167,0.002538442611694336,46.42975109048419
12.167,0.002540111541748047,46.42975109048419
12.167,0.002542257308959961,46.42975109048419
12.167,0.002539515495300293,46.42975109048419
12.167,0.0025391578674316406,46.42975109048419
12.167,0.0025404691696166992,46.42975109048419
12.176,0.002541065216064453,46.257753418428344
12.176,0.002541065216064453,46.257753418428344
12.176,0.002541661262512207,46.257753418428344
12.176,0.002541661262512207,46.257753418428344
12.176,0.002541065216064453,46.257753418428344
12.176,0.002478957176208496,46.257753418428344
12.176,0.002482891082763672,46.257753418428344
11.924,0.0024873018264770508,46.48934071946561
11.924,0.0024869441986083984,46.48934071946561
11.924,0.002485990524291992,46.48934071946561
11.924,0.0024851560592651367,46.48934071946561
11.924,0.0024843215942382812,46.48934071946561
11.924,0.002484917640686035,46.48934071946561
11.937,0.0024875402450561523,46.65624601557984
11.937,0.002487778663635254,46.65624601557984
11.937,0.0024875402450561523,46.65624601557984
11.937,0.0024884939193725586,46.65624601557984
11.937,0.0024871826171875,46.65624601557984
11.937,0.0024881362915039062,46.65624601557984
11.947,0.002434372901916504,46.21070011503603
11.947,0.002436518669128418,46.21070011503603
11.947,0.002488374710083008,46.21070011503603
11.947,0.002488374710083008,46.21070011503603
11.947,0.002489328384399414,46.21070011503603
11.947,0.0024878978729248047,46.21070011503603
11.739,0.0024368762969970703,45.944900336628876
11.739,0.0024378299713134766,45.944900336628876
11.739,0.0024393796920776367,45.944900336628876
11.739,0.0024390220642089844,45.944900336628876
11.739,0.0024416446685791016,45.944900336628876
11.739,0.0024416446685791016,45.944900336628876
11.74,0.0024412870407104492,46.04846902320904
11.74,0.0024412870407104492,46.04846902320904
11.74,0.0024415254592895508,46.04846902320904
11.74,0.0024411678314208984,46.04846902320904
11.74,0.002440810203552246,46.04846902320904
11.74,0.0024412870407104492,46.04846902320904
11.739,0.0024427175521850586,45.9091793067326
11.739,0.0024411678314208984,45.9091793067326
11.739,0.002335071563720703,45.9091793067326
11.739,0.00244140625,45.9091793067326
11.739,0.0024406909942626953,45.9091793067326
11.739,0.0024410486221313477,45.9091793067326
11.324,0.0023398399353027344,45.51254974381737
11.324,0.0023423433303833008,45.51254974381737
11.324,0.0023441314697265625,45.51254974381737
11.324,0.0023458003997802734,45.51254974381737
11.324,0.0023468732833862305,45.51254974381737
11.324,0.0023461580276489258,45.51254974381737
11.326,0.0023479461669921875,45.48466063206672
11.326,0.0023488998413085938,45.48466063206672
11.326,0.0023478269577026367,45.48466063206672
11.326,0.0023473501205444336,45.48466063206672
11.326,0.002347230911254883,45.48466063206672
11.326,0.002346515655517578,45.48466063206672
11.329,0.00234830379486084,45.04915606247068
11.329,0.00234830379486084,45.04915606247068
11.329,0.002348780632019043,45.04915606247068
11.329,0.002349376678466797,45.04915606247068
11.329,0.002349376678466797,45.04915606247068
11.329,0.0022879838943481445,45.04915606247068
11.113,0.002293109893798828,44.76284537780235
11.113,0.0022939443588256836,44.76284537780235
11.113,0.0022956132888793945,44.76284537780235
11.113,0.0022978782653808594,44.76284537780235
11.113,0.002297043800354004,44.76284537780235
11.113,0.0022978782653808594,44.76284537780235
11.115,0.0022978782653808594,44.58692257335899
11.115,0.0022988319396972656,44.58692257335899
11.115,0.0022988319396972656,44.58692257335899
11.115,0.002299189567565918,44.58692257335899
11.115,0.0022988319396972656,44.58692257335899
11.115,0.0022968053817749023,44.58692257335899
11.115,0.002299189567565918,44.544045939966395
11.115,0.0022971630096435547,44.544045939966395
11.115,0.0022498369216918945,44.544045939966395
11.115,0.002298116683959961,44.544045939966395
11.115,0.0022988319396972656,44.544045939966395
11.115,0.0023000240325927734,44.544045939966395
11.114,0.0022423267364501953,44.04282538501309
11.114,0.0022444725036621094,44.04282538501309
11.114,0.0022472143173217773,44.04282538501309
11.114,0.0022460222244262695,44.04282538501309
11.114,0.002247333526611328,44.04282538501309
11.114,0.002246856689453125,44.04282538501309
10.9,0.002249002456665039,43.91242578048326
10.9,0.0022488832473754883,43.91242578048326
10.9,0.0022488832473754883,43.91242578048326
10.9,0.00224912166595459,43.91242578048326
10.9,0.0022487640380859375,43.91242578048326
10.9,0.002248525619506836,43.91242578048326
10.901,0.0022488832473754883,43.303098444817905
10.901,0.0022499561309814453,43.303098444817905
10.901,0.0022492408752441406,43.303098444817905
10.901,0.0022488832473754883,43.303098444817905
10.901,0.0022492408752441406,43.303098444817905
10.901,0.002249598503112793,43.303098444817905
10.675,0.0022009611129760742,43.347942233499936
10.675,0.0021991729736328125,43.347942233499936
10.675,0.002199888229370117,43.347942233499936
10.675,0.002198934555053711,43.347942233499936
10.675,0.0021947622299194336,43.347942233499936
10.675,0.0021975040435791016,43.347942233499936
10.687,0.002200007438659668,42.93727258882792
10.687,0.0022014379501342773,42.93727258882792
10.687,0.0022014379501342773,42.93727258882792
10.687,0.002201557159423828,42.93727258882792
10.687,0.0022007226943969727,42.93727258882792
10.687,0.0022023916244506836,42.93727258882792
10.685,0.0022020339965820312,42.62891268755668
10.685,0.0022011995315551758,42.62891268755668
10.685,0.002202272415161133,42.62891268755668
10.685,0.002201557159423828,42.62891268755668
10.685,0.002201557159423828,42.62891268755668
10.685,0.002202153205871582,42.62891268755668
10.461,0.002147674560546875,42.30442538254595
10.461,0.0021512508392333984,42.30442538254595
10.461,0.002151966094970703,42.30442538254595
10.461,0.0021524429321289062,42.30442538254595
10.461,0.002153635025024414,42.30442538254595
10.461,0.0021539926528930664,42.30442538254595
10.476,0.0021543502807617188,42.05614032623214
10.476,0.0021551847457885742,42.05614032623214
10.476,0.002155780792236328,42.05614032623214
10.476,0.002154707908630371,42.05614032623214
10.476,0.0021551847457885742,42.05614032623214
10.476,0.0021545886993408203,42.05614032623214
10.48,0.0021556615829467773,42.01219796762552
10.48,0.0021549463272094727,42.01219796762552
10.48,0.0021561384201049805,42.01219796762552
10.48,0.002154707908630371,42.01219796762552
10.48,0.002154707908630371,42.01219796762552
10.48,0.0021554231643676758,42.01219796762552
10.261,0.002106904983520508,41.71999677120698
10.261,0.002108454704284668,41.71999677120698
10.261,0.0021085739135742188,41.71999677120698
10.261,0.002104043960571289,41.71999677120698
10.261,0.0021010637283325195,41.71999677120698
10.261,0.0021065473556518555,41.71999677120698
10.271,0.0021076202392578125,41.42088379148641
10.271,0.0021075010299682617,41.42088379148641
10.271,0.002109050750732422,41.42088379148641
10.271,0.0021080970764160156,41.42088379148641
10.271,0.0021091699600219727,41.42088379148641
10.271,0.002109527587890625,41.42088379148641
10.278,0.0020499229431152344,41.248684728742724
10.278,0.002110123634338379,41.248684728742724
10.278,0.0021086931228637695,41.248684728742724
10.278,0.002110123634338379,41.248684728742724
10.278,0.0021097660064697266,41.248684728742724
10.278,0.0021091699600219727,41.248684728742724
10.278,0.0021098852157592773,41.248684728742724
10.276,0.0020606517791748047,40.868837748858255
10.276,0.002061009407043457,40.868837748858255
10.276,0.0020624399185180664,40.868837748858255
10.276,0.002064228057861328,40.868837748858255
10.276,0.002064824104309082,40.868837748858255
10.276,0.002064347267150879,40.868837748858255
10.08,0.002065300941467285,40.534257307231
10.08,0.0020647048950195312,40.534257307231
10.08,0.002064943313598633,40.534257307231
10.08,0.002065300941467285,40.534257307231
10.08,0.0020657777786254883,40.534257307231
10.08,0.0020647048950195312,40.534257307231
10.084,0.002065896987915039,40.66306249410623
10.084,0.002066373825073242,40.66306249410623
10.084,0.0020667314529418945,40.66306249410623
10.084,0.0020639896392822266,40.66306249410623
10.084,0.0020662546157836914,40.66306249410623
10.084,0.002065300941467285,40.66306249410623
9.87,0.0020172595977783203,40.146039404140204
9.87,0.0020204782485961914,40.146039404140204
9.87,0.0020203590393066406,40.146039404140204
9.87,0.002022862434387207,40.146039404140204
9.87,0.0020221471786499023,40.146039404140204
9.87,0.0020232200622558594,40.146039404140204
9.893,0.0020252466201782227,40.024981571593926
9.893,0.002024531364440918,40.024981571593926
9.893,0.0020253658294677734,40.024981571593926
9.893,0.002024054527282715,40.024981571593926
9.893,0.0020231008529663086,40.024981571593926
9.893,0.0020232200622558594,40.024981571593926
9.897,0.002025008201599121,39.84938125785004
9.897,0.002024531364440918,39.84938125785004
9.897,0.002025127410888672,39.84938125785004
9.897,0.002025127410888672,39.84938125785004
9.897,0.0020252466201782227,39.84938125785004
9.897,0.0020254850387573242,39.84938125785004
9.896,0.001980423927307129,39.63090262290102
9.896,0.001982569694519043,39.63090262290102
9.896,0.001982569694519043,39.63090262290102
9.896,0.0019844770431518555,39.63090262290102
9.896,0.001984238624572754,39.63090262290102
9.896,0.0019829273223876953,39.63090262290102
9.734,0.0019834041595458984,39.30787597868874
9.734,0.00198519229888916,39.30787597868874
9.734,0.001984834671020508,39.30787597868874
9.734,0.0019850730895996094,39.30787597868874
9.734,0.001985311508178711,39.30787597868874
9.734,0.001985907554626465,39.30787597868874
9.73,0.001985311508178711,39.31406340093284
9.73,0.0019866228103637695,39.31406340093284
9.73,0.001986384391784668,39.31406340093284
9.73,0.00198519229888916,39.31406340093284
9.73,0.001984834671020508,39.31406340093284
9.73,0.0019854307174682617,39.31406340093284
9.73,0.0019341707229614258,39.21755488285328
9.73,0.001938462257385254,39.21755488285328
9.73,0.0019404888153076172,39.21755488285328
9.73,0.0019414424896240234,39.21755488285328
9.73,0.0019421577453613281,39.21755488285328
9.73,0.0019419193267822266,39.21755488285328
9.532,0.0019439458847045898,38.949396430448814
9.532,0.001943349838256836,38.949396430448814
9.532,0.0019429922103881836,38.949396430448814
9.532,0.0019409656524658203,38.949396430448814
9.539,0.001942753791809082,38.48301688584567
9.539,0.0019426345825195312,38.48301688584567
9.539,0.0019431114196777344,38.48301688584567
9.539,0.0019434690475463867,38.48301688584567
9.539,0.0019446611404418945,38.48301688584567
9.539,0.0019435882568359375,38.48301688584567
9.54,0.0019022226333618164,38.59321210266836
9.54,0.0019026994705200195,38.59321210266836
9.54,0.001900315284729004,38.59321210266836
9.54,0.0018996000289916992,38.59321210266836
9.54,0.0019015073776245117,38.59321210266836
9.54,0.0018941164016723633,38.59321210266836
9.355,0.0019021034240722656,38.257333945753395
9.355,0.0019037723541259766,38.257333945753395
9.355,0.0019022226333618164,38.257333945753395
9.355,0.001902461051940918,38.257333945753395
9.355,0.0019030570983886719,38.257333945753395
9.355,0.0019028186798095703,38.257333945753395
9.36,0.001904606819152832,38.25326101058572
9.36,0.0019044876098632812,38.25326101058572
9.36,0.0019023418426513672,38.25326101058572
9.36,0.001903533935546875,38.25326101058572
9.36,0.0019037723541259766,38.25326101058572
9.36,0.0019034147262573242,38.25326101058572
9.363,0.0018614530563354492,38.03945079345913
9.363,0.0018620491027832031,38.03945079345913
9.363,0.0018603801727294922,38.03945079345913
9.363,0.001856684684753418,38.03945079345913
9.363,0.0018526315689086914,38.03945079345913
9.363,0.0018595457077026367,38.03945079345913
9.187,0.0018610954284667969,37.777629449539376
9.187,0.0018625259399414062,37.777629449539376
9.187,0.0018622875213623047,37.777629449539376
9.187,0.0018622875213623047,37.777629449539376
9.187,0.0018625259399414062,37.777629449539376
9.187,0.001864790916442871,37.777629449539376
9.195,0.0018634796142578125,37.62817693269368
9.195,0.0018627643585205078,37.62817693269368
9.195,0.0018649101257324219,37.62817693269368
9.195,0.0018646717071533203,37.62817693269368
9.195,0.0018635988235473633,37.62817693269368
9.195,0.0018644332885742188,37.62817693269368
8.992,0.0018239021301269531,37.634069275730546
8.992,0.0018237829208374023,37.634069275730546
8.992,0.001822352409362793,37.634069275730546
8.992,0.0018641948699951172,37.634069275730546
8.992,0.0018199682235717773,37.634069275730546
8.992,0.0018215179443359375,37.634069275730546
9.016,0.001824021339416504,37.312423083818814
9.016,0.0018248558044433594,37.312423083818814
9.016,0.001824021339416504,37.312423083818814
9.016,0.001825094223022461,37.312423083818814
9.016,0.0018249750137329102,37.312423083818814
9.016,0.0018256902694702148,37.312423083818814
9.019,0.001825571060180664,37.304530349819885
9.019,0.0018265247344970703,37.304530349819885
9.019,0.0018239021301269531,37.304530349819885
9.019,0.0018254518508911133,37.304530349819885
9.016,0.0017824172973632812,37.191818513000314
9.016,0.0017817020416259766,37.191818513000314
9.016,0.0017848014831542969,37.191818513000314
9.016,0.0018260478973388672,37.191818513000314
9.016,0.0017789602279663086,37.191818513000314
9.016,0.0017824172973632812,37.191818513000314
8.832,0.0017839670181274414,36.94987698637596
8.832,0.0017848014831542969,36.94987698637596
8.832,0.0017865896224975586,36.94987698637596
8.832,0.0017865896224975586,36.94987698637596
8.832,0.0017853975296020508,36.94987698637596
8.832,0.0017864704132080078,36.94987698637596
8.841,0.001786351203918457,36.760800298150784
8.841,0.0017853975296020508,36.760800298150784
8.841,0.0017870664596557617,36.760800298150784
8.841,0.0017865896224975586,36.760800298150784
8.841,0.0017861127853393555,36.760800298150784
8.841,0.0017852783203125,36.760800298150784
8.841,0.0017871856689453125,36.760800298150784
8.845,0.0017446279525756836,36.72759483787934
8.845,0.0017437934875488281,36.72759483787934
8.845,0.0017435550689697266,36.72759483787934
8.845,0.0017415285110473633,36.72759483787934
8.845,0.0017429590225219727,36.72759483787934
8.845,0.0017386674880981445,36.72759483787934
8.669,0.0017435550689697266,36.44812827327978
8.669,0.001744985580444336,36.44812827327978
8.669,0.001746058464050293,36.44812827327978
8.669,0.0017446279525756836,36.44812827327978
8.669,0.0017452239990234375,36.44812827327978
8.669,0.0017447471618652344,36.44812827327978
8.672,0.0017457008361816406,36.405821497061645
8.672,0.0017462968826293945,36.405821497061645
8.672,0.0017474889755249023,36.405821497061645
8.672,0.001744985580444336,36.405821497061645
8.672,0.0017445087432861328,36.405821497061645
8.672,0.0017470121383666992,36.405821497061645
8.67,0.0017091035842895508,36.38517094606141
8.67,0.0017091035842895508,36.38517094606141
8.67,0.0017082691192626953,36.38517094606141
8.67,0.0017082691192626953,36.38517094606141
8.67,0.0017023086547851562,36.38517094606141
8.67,0.001704573631286621,36.38517094606141
8.498,0.0017088651657104492,36.29880168358477
8.498,0.0017101764678955078,36.29880168358477
8.498,0.0017094612121582031,36.29880168358477
8.498,0.0017105340957641602,36.29880168358477
8.498,0.001711130142211914,36.29880168358477
8.498,0.0017094612121582031,36.29880168358477
8.506,0.0017120838165283203,36.10414116331822
8.506,0.0017099380493164062,36.10414116331822
8.506,0.0017101764678955078,36.10414116331822
8.506,0.0017098188400268555,36.10414116331822
8.506,0.0017102956771850586,36.10414116331822
8.506,0.0017119646072387695,36.10414116331822
8.505,0.0016750097274780273,36.13423150583397
8.505,0.0016748905181884766,36.13423150583397
8.505,0.0016754865646362305,36.13423150583397
8.505,0.0016722679138183594,36.13423150583397
8.505,0.0017099380493164062,36.13423150583397
8.505,0.0016741752624511719,36.13423150583397
8.35,0.0016760826110839844,35.98832170557503
8.35,0.001677393913269043,35.98832170557503
8.35,0.0016766786575317383,35.98832170557503
8.35,0.0016759634017944336,35.98832170557503
8.35,0.001675724983215332,35.98832170557503
8.35,0.001675724983215332,35.98832170557503
8.356,0.001676321029663086,35.713295887339015
8.356,0.0016776323318481445,35.713295887339015
8.356,0.001676797866821289,35.713295887339015
8.356,0.0016751289367675781,35.713295887339015
8.356,0.001677393913269043,35.713295887339015
8.356,0.0016765594482421875,35.713295887339015
8.36,0.0016756057739257812,35.68822756019004
8.36,0.0016764402389526367,35.68822756019004
8.36,0.0016765594482421875,35.68822756019004
8.36,0.0016781091690063477,35.68822756019004
8.36,0.0016766786575317383,35.68822756019004
8.36,0.0016759634017944336,35.68822756019004
8.362,0.0016770362854003906,35.546494782614786
8.362,0.0016775131225585938,35.546494782614786
8.362,0.0016760826110839844,35.546494782614786
8.362,0.0016770362854003906,35.546494782614786
8.362,0.0016764402389526367,35.546494782614786
8.362,0.0016782283782958984,35.546494782614786
8.364,0.0016771554946899414,35.65002179162454
8.364,0.001677393913269043,35.65002179162454
8.364,0.0016769170761108398,35.65002179162454
8.364,0.0016769170761108398,35.65002179162454
8.364,0.001677870750427246,35.65002179162454
8.364,0.001676321029663086,35.65002179162454
8.367,0.0016781091690063477,35.64842120580012
8.367,0.0016782283782958984,35.64842120580012
8.367,0.001676321029663086,35.64842120580012
8.367,0.001677393913269043,35.64842120580012
8.367,0.0016771554946899414,35.64842120580012
8.367,0.0016772747039794922,35.64842120580012
8.37,0.001679062843322754,35.72041948712206
8.37,0.001677870750427246,35.72041948712206
8.37,0.001677393913269043,35.72041948712206
8.37,0.0016785860061645508,35.72041948712206
8.37,0.001676797866821289,35.72041948712206
8.37,0.0016766786575317383,35.72041948712206
8.372,0.0016782283782958984,35.98342358960531
8.372,0.0016794204711914062,35.98342358960531
8.372,0.0016803741455078125,35.98342358960531
8.372,0.0016794204711914062,35.98342358960531
8.372,0.0016789436340332031,35.98342358960531
8.372,0.0016798973083496094,35.98342358960531
8.373,0.0016793012619018555,36.16676314282262
8.373,0.001680135726928711,36.16676314282262
8.373,0.0016779899597167969,36.16676314282262
8.373,0.0016788244247436523,36.16676314282262
8.373,0.001680135726928711,36.16676314282262
8.373,0.0016791820526123047,36.16676314282262
8.375,0.0016800165176391602,36.6904933693348
8.375,0.0016808509826660156,36.6904933693348
8.375,0.0016793012619018555,36.6904933693348
8.375,0.0016785860061645508,36.6904933693348
8.375,0.0016794204711914062,36.6904933693348
8.375,0.001678466796875,36.6904933693348
8.379,0.0016798973083496094,37.146109435601545
8.379,0.0016798973083496094,37.146109435601545
8.379,0.0016793012619018555,37.146109435601545
8.379,0.0016794204711914062,37.146109435601545
8.379,0.0016804933547973633,37.146109435601545
8.379,0.001679539680480957,37.146109435601545
8.383,0.0016803741455078125,37.326802696019016
8.383,0.0016793012619018555,37.326802696019016
8.383,0.0016804933547973633,37.326802696019016
8.383,0.0016800165176391602,37.326802696019016
8.383,0.0016807317733764648,37.326802696019016
8.383,0.0016813278198242188,37.326802696019016
8.385,0.0016802549362182617,37.89306509751584
8.385,0.0016818046569824219,37.89306509751584
8.385,0.001680135726928711,37.89306509751584
8.385,0.0016803741455078125,37.89306509751584
8.385,0.0016797780990600586,37.89306509751584
8.385,0.0016798973083496094,37.89306509751584
8.385,0.001680612564086914,38.82637302424965
8.385,0.001680135726928711,38.82637302424965
8.385,0.0016807317733764648,38.82637302424965
8.385,0.001680612564086914,38.82637302424965
8.385,0.0016807317733764648,38.82637302424965
8.385,0.001681685447692871,38.82637302424965
8.387,0.0016809701919555664,39.122005270430314
8.387,0.0016814470291137695,39.122005270430314
8.387,0.001681208610534668,39.122005270430314
8.387,0.0016804933547973633,39.122005270430314
8.387,0.0016820430755615234,39.122005270430314
8.387,0.0016825199127197266,39.122005270430314
8.386,0.0016820430755615234,40.13827770493233
8.386,0.0016819238662719727,40.13827770493233
8.386,0.0016809701919555664,40.13827770493233
8.386,0.0016819238662719727,40.13827770493233
8.386,0.001682281494140625,40.13827770493233
8.386,0.001681208610534668,40.13827770493233
8.388,0.0016814470291137695,40.366078030894116
8.388,0.001681208610534668,40.366078030894116
8.388,0.001682281494140625,40.366078030894116
8.388,0.0016824007034301758,40.366078030894116
8.388,0.001682877540588379,40.366078030894116
8.388,0.0016821622848510742,40.366078030894116
8.392,0.0016815662384033203,41.17013475122239
8.392,0.0016827583312988281,41.17013475122239
8.392,0.0016814470291137695,41.17013475122239
8.392,0.0016820430755615234,41.17013475122239
8.392,0.001682281494140625,41.17013475122239
8.392,0.0016813278198242188,41.17013475122239
8.392,0.0016827583312988281,41.17013475122239
8.393,0.0016832351684570312,42.0630210016673
8.393,0.0016827583312988281,42.0630210016673
8.393,0.0016827583312988281,42.0630210016673
8.393,0.0016829967498779297,42.0630210016673
8.393,0.0016821622848510742,42.0630210016673
8.393,0.0016827583312988281,42.0630210016673
8.397,0.0016832351684570312,42.383714250050915
8.397,0.001683354377746582,42.383714250050915
8.397,0.0016832351684570312,42.383714250050915
8.397,0.0016852617263793945,42.383714250050915
8.397,0.001682281494140625,42.383714250050915
8.397,0.0016826391220092773,42.383714250050915
8.4,0.0016835927963256836,43.11428500762348
8.4,0.001683950424194336,43.11428500762348
8.4,0.0016831159591674805,43.11428500762348
8.4,0.0016843080520629883,43.11428500762348
8.4,0.0016845464706420898,43.11428500762348
8.4,0.0016832351684570312,43.11428500762348
8.4,0.0016843080520629883,43.70276996160315
8.4,0.0016852617263793945,43.70276996160315
8.4,0.001684427261352539,43.70276996160315
8.4,0.0016841888427734375,43.70276996160315
8.4,0.0016840696334838867,43.70276996160315
8.4,0.0016843080520629883,43.70276996160315
8.403,0.0016837120056152344,44.52748649550724
8.403,0.001685023307800293,44.52748649550724
8.403,0.001685023307800293,44.52748649550724
8.403,0.0016841888427734375,44.52748649550724
8.403,0.0016845464706420898,44.52748649550724
8.403,0.0016834735870361328,44.52748649550724
8.408,0.001685023307800293,44.90973006182868
8.408,0.0016849040985107422,44.90973006182868
8.408,0.0016846656799316406,44.90973006182868
8.408,0.0016837120056152344,44.90973006182868
8.408,0.0016846656799316406,44.90973006182868
8.408,0.001684427261352539,44.90973006182868
8.415,0.0016446113586425781,45.673393962790456
8.415,0.0016454458236694336,45.673393962790456
8.415,0.0016338825225830078,45.673393962790456
8.415,0.0016851425170898438,45.673393962790456
8.415,0.0016857385635375977,45.673393962790456
8.415,0.0016846656799316406,45.673393962790456
8.241,0.0016469955444335938,45.83617785777511
8.241,0.0016465187072753906,45.83617785777511
8.241,0.0016477108001708984,45.83617785777511
8.241,0.0016471147537231445,45.83617785777511
8.241,0.0016475915908813477,45.83617785777511
8.241,0.0016481876373291016,45.83617785777511
8.243,0.001649022102355957,46.19469613025227
8.243,0.0016486644744873047,46.19469613025227
8.243,0.0016486644744873047,46.19469613025227
8.243,0.0016491413116455078,46.19469613025227
8.243,0.001649022102355957,46.19469613025227
8.243,0.0016492605209350586,46.19469613025227
8.244,0.001650094985961914,47.2225692768793
8.244,0.0016492605209350586,47.2225692768793
8.244,0.0016475915908813477,47.2225692768793
8.244,0.001649022102355957,47.2225692768793
8.244,0.0016502141952514648,47.2225692768793
8.244,0.001649618148803711,47.2225692768793
8.247,0.0016494989395141602,47.305818132291584
8.247,0.001649022102355957,47.305818132291584
8.247,0.0016498565673828125,47.305818132291584
8.247,0.0016504526138305664,47.305818132291584
8.247,0.0016487836837768555,47.305818132291584
8.247,0.0016502141952514648,47.305818132291584
8.249,0.0016499757766723633,47.61940045218184
8.249,0.0016510486602783203,47.61940045218184
8.249,0.0016497373580932617,47.61940045218184
8.249,0.0016494989395141602,47.61940045218184
8.249,0.0016494989395141602,47.61940045218184
8.249,0.0016505718231201172,47.61940045218184
8.255,0.0016497373580932617,47.92436118205414
8.255,0.0016508102416992188,47.92436118205414
8.255,0.0016505718231201172,47.92436118205414
8.255,0.0016487836837768555,47.92436118205414
8.255,0.0016492605209350586,47.92436118205414
8.255,0.0016508102416992188,47.92436118205414
8.254,0.0016494989395141602,48.00777873847477
8.254,0.0016510486602783203,48.00777873847477
8.254,0.0016499757766723633,48.00777873847477
8.254,0.0016497373580932617,48.00777873847477
8.254,0.0016494989395141602,48.00777873847477
8.254,0.0016499757766723633,48.00777873847477
8.256,0.0016514062881469727,48.023826885522034
8.256,0.0016509294509887695,48.023826885522034
8.256,0.001651167869567871,48.023826885522034
8.256,0.001650094985961914,48.023826885522034
8.256,0.0016516447067260742,48.023826885522034
8.256,0.001650691032409668,48.023826885522034
8.255,0.0016515254974365234,48.06446031669794
8.255,0.0016502141952514648,48.06446031669794
8.255,0.0016508102416992188,48.06446031669794
8.255,0.0016515254974365234,48.06446031669794
8.255,0.0016505718231201172,48.06446031669794
8.255,0.0016502141952514648,48.06446031669794
8.256,0.0016522407531738281,47.86239969442167
8.256,0.0016521215438842773,47.86239969442167
8.256,0.0016525983810424805,47.86239969442167
8.256,0.0016530752182006836,47.86239969442167
8.256,0.0016518831253051758,47.86239969442167
8.256,0.0016520023345947266,47.86239969442167
8.257,0.001650691032409668,48.019927479045585
8.257,0.0016516447067260742,48.019927479045585
8.257,0.0016516447067260742,48.019927479045585
8.257,0.0016520023345947266,48.019927479045585
8.257,0.001651763916015625,48.019927479045585
8.257,0.0016516447067260742,48.019927479045585
8.258,0.0016514062881469727,47.23119997127945
8.258,0.0016512870788574219,47.23119997127945
8.258,0.001651167869567871,47.23119997127945
8.258,0.0016521215438842773,47.23119997127945
8.258,0.0016520023345947266,47.23119997127945
8.258,0.0016535520553588867,47.23119997127945
8.26,0.0016524791717529297,47.14193338880702
8.26,0.0016512870788574219,47.14193338880702
8.26,0.0016524791717529297,47.14193338880702
8.26,0.0016535520553588867,47.14193338880702
8.26,0.0016514062881469727,47.14193338880702
8.26,0.0016514062881469727,47.14193338880702
8.26,0.0016515254974365234,46.38686238841928
8.26,0.0016542673110961914,46.38686238841928
8.26,0.001652359962463379,46.38686238841928
8.26,0.0016530752182006836,46.38686238841928
8.26,0.0016521215438842773,46.38686238841928
8.26,0.0016521215438842773,46.38686238841928
8.259,0.0016518831253051758,46.54855273485261
8.259,0.0016516447067260742,46.54855273485261
8.259,0.0016533136367797852,46.54855273485261
8.259,0.0016524791717529297,46.54855273485261
8.259,0.0016530752182006836,46.54855273485261
8.259,0.0016530752182006836,46.54855273485261
8.26,0.0016529560089111328,45.95073502197314
8.26,0.0016527175903320312,45.95073502197314
8.26,0.0016520023345947266,45.95073502197314
8.26,0.001653432846069336,45.95073502197314
8.26,0.0016527175903320312,45.95073502197314
8.26,0.001652836799621582,45.95073502197314
8.26,0.0016530752182006836,45.047288107921595
8.26,0.0016533136367797852,45.047288107921595
8.26,0.0016540288925170898,45.047288107921595
8.26,0.0016527175903320312,45.047288107921595
8.26,0.0016522407531738281,45.047288107921595
8.26,0.0016529560089111328,45.047288107921595
8.264,0.0016537904739379883,45.02798853709602
8.264,0.001652359962463379,45.02798853709602
8.264,0.0016527175903320312,45.02798853709602
8.264,0.0016531944274902344,45.02798853709602
8.264,0.001653909683227539,45.02798853709602
8.264,0.0016531944274902344,45.02798853709602
8.266,0.001652836799621582,44.09159748895595
8.266,0.0016541481018066406,44.09159748895595
8.266,0.0016536712646484375,44.09159748895595
8.266,0.0016531944274902344,44.09159748895595
8.266,0.0016531944274902344,44.09159748895595
8.266,0.0016525983810424805,44.09159748895595
8.268,0.0016530752182006836,43.688850135147305
8.268,0.0016527175903320312,43.688850135147305
8.268,0.001653909683227539,43.688850135147305
8.268,0.0016529560089111328,43.688850135147305
8.268,0.0016536712646484375,43.688850135147305
8.268,0.0016536712646484375,43.688850135147305
8.268,0.001654505729675293,43.688850135147305
8.268,0.0016529560089111328,43.34287931133471
8.268,0.001653909683227539,43.34287931133471
8.268,0.0016525983810424805,43.34287931133471
8.268,0.0016543865203857422,43.34287931133471
8.268,0.0016533136367797852,43.34287931133471
8.268,0.001653432846069336,43.34287931133471
8.267,0.0016541481018066406,42.41229747751781
8.267,0.0016551017761230469,42.41229747751781
8.267,0.0016529560089111328,42.41229747751781
8.267,0.0016543865203857422,42.41229747751781
8.267,0.0016551017761230469,42.41229747751781
8.267,0.001653432846069336,42.41229747751781
8.266,0.0016541481018066406,42.20122018313719
8.266,0.0016560554504394531,42.20122018313719
8.266,0.001654982566833496,42.20122018313719
8.266,0.0016553401947021484,42.20122018313719
8.266,0.0016535520553588867,42.20122018313719
8.266,0.001653909683227539,42.20122018313719
8.267,0.0016547441482543945,41.8445238042401
8.267,0.0016546249389648438,41.8445238042401
8.267,0.0016558170318603516,41.8445238042401
8.267,0.001653909683227539,41.8445238042401
8.267,0.001653909683227539,41.8445238042401
8.267,0.0016543865203857422,41.8445238042401
8.27,0.0016543865203857422,40.86483151320794
8.27,0.001654982566833496,40.86483151320794
8.27,0.0016559362411499023,40.86483151320794
8.27,0.0016548633575439453,40.86483151320794
8.27,0.0016548633575439453,40.86483151320794
8.27,0.001656174659729004,40.86483151320794
8.273,0.001654982566833496,40.7247131833379
8.273,0.0016542673110961914,40.7247131833379
8.273,0.001654505729675293,40.7247131833379
8.273,0.00165557861328125,40.7247131833379
8.273,0.0016551017761230469,40.7247131833379
8.273,0.0016558170318603516,40.7247131833379
8.271,0.0016559362411499023,39.8830643938023
8.271,0.0016543865203857422,39.8830643938023
8.271,0.00165557861328125,39.8830643938023
8.271,0.0016551017761230469,39.8830643938023
8.271,0.0016564130783081055,39.8830643938023
8.271,0.00165557861328125,39.8830643938023
8.271,0.0016556978225708008,39.620285267068375
8.271,0.001654982566833496,39.620285267068375
8.271,0.0016553401947021484,39.620285267068375
8.271,0.0016551017761230469,39.620285267068375
8.271,0.0016558170318603516,39.620285267068375
8.271,0.001656651496887207,39.620285267068375
8.268,0.0016553401947021484,39.053273251945214
8.268,0.0016559362411499023,39.053273251945214
8.268,0.00165557861328125,39.053273251945214
8.268,0.001656651496887207,39.053273251945214
8.268,0.0016559362411499023,39.053273251945214
8.268,0.001654982566833496,39.053273251945214
8.269,0.0016571283340454102,38.690394803632735
8.269,0.0016570091247558594,38.690394803632735
8.269,0.0016562938690185547,38.690394803632735
8.269,0.0016559362411499023,38.690394803632735
8.269,0.0016560554504394531,38.690394803632735
8.269,0.001656651496887207,38.690394803632735
8.27,0.0016574859619140625,38.22046783726157
8.27,0.001656651496887207,38.22046783726157
8.27,0.0016565322875976562,38.22046783726157
8.27,0.0016562938690185547,38.22046783726157
8.27,0.001656174659729004,38.22046783726157
8.27,0.0016559362411499023,38.22046783726157
8.272,0.001656651496887207,37.626048756855056
8.272,0.0016554594039916992,37.626048756855056
8.272,0.0016573667526245117,37.626048756855056
8.272,0.0016568899154663086,37.626048756855056
8.272,0.0016574859619140625,37.626048756855056
8.272,0.001656651496887207,37.626048756855056
8.273,0.001657724380493164,37.16140329812049
8.273,0.0016574859619140625,37.16140329812049
8.273,0.0016571283340454102,37.16140329812049
8.273,0.0016559362411499023,37.16140329812049
8.273,0.0016567707061767578,37.16140329812049
8.273,0.0016567707061767578,37.16140329812049
8.273,0.0016571283340454102,37.024001384394765
8.273,0.0016571283340454102,37.024001384394765
8.273,0.0016568899154663086,37.024001384394765
8.273,0.001657247543334961,37.024001384394765
8.273,0.0016576051712036133,37.024001384394765
8.273,0.0016568899154663086,37.024001384394765
8.274,0.001656651496887207,36.420421909723856
8.274,0.0016568899154663086,36.420421909723856
8.274,0.00165557861328125,36.420421909723856
8.274,0.0016571283340454102,36.420421909723856
8.274,0.001656651496887207,36.420421909723856
8.274,0.0016559362411499023,36.420421909723856
8.271,0.0016578435897827148,35.91021341940562
8.271,0.001657247543334961,35.91021341940562
8.271,0.001657247543334961,35.91021341940562
8.271,0.0016562938690185547,35.91021341940562
8.271,0.0016578435897827148,35.91021341940562
8.271,0.001656651496887207,35.91021341940562
8.271,0.0016573667526245117,35.75826027692004
8.271,0.0016585588455200195,35.75826027692004
8.271,0.001657724380493164,35.75826027692004
8.271,0.0016567707061767578,35.75826027692004
8.271,0.0016574859619140625,35.75826027692004
8.271,0.001657724380493164,35.75826027692004
8.27,0.0016590356826782227,35.26621490689102
8.27,0.0016565322875976562,35.26621490689102
8.27,0.0016578435897827148,35.26621490689102
8.27,0.0016579627990722656,35.26621490689102
8.27,0.001658320426940918,35.26621490689102
8.27,0.0016576051712036133,35.26621490689102
8.271,0.0016554594039916992,34.78474074249891
8.271,0.0016585588455200195,34.78474074249891
8.271,0.0016578435897827148,34.78474074249891
8.271,0.001656174659729004,34.78474074249891
8.271,0.0016582012176513672,34.78474074249891
8.271,0.0016574859619140625,34.78474074249891
8.275,0.001657247543334961,34.76472134952911
8.275,0.0016567707061767578,34.76472134952911
8.275,0.0016574859619140625,34.76472134952911
8.275,0.0016573667526245117,34.76472134952911
8.275,0.0016576051712036133,34.76472134952911
8.275,0.0016568899154663086,34.76472134952911
8.276,0.0016590356826782227,34.45789506642844
8.276,0.001657247543334961,34.45789506642844
8.276,0.001658320426940918,34.45789506642844
8.276,0.001657724380493164,34.45789506642844
8.276,0.0016579627990722656,34.45789506642844
8.276,0.0016568899154663086,34.45789506642844
8.28,0.0016578435897827148,33.74919954583251
8.28,0.0016573667526245117,33.74919954583251
8.28,0.0016589164733886719,33.74919954583251
8.28,0.0016571283340454102,33.74919954583251
8.28,0.001656174659729004,33.74919954583251
8.28,0.001657724380493164,33.74919954583251
8.281,0.0016590356826782227,33.900607856488634
8.281,0.0016585588455200195,33.900607856488634
8.281,0.0016578435897827148,33.900607856488634
8.281,0.001658797264099121,33.900607856488634
8.281,0.0016586780548095703,33.900607856488634
8.281,0.0016578435897827148,33.900607856488634
8.28,0.0016580820083618164,32.99108646224066
8.28,0.0016578435897827148,32.99108646224066
8.28,0.001657724380493164,32.99108646224066
8.28,0.0016592741012573242,32.99108646224066
8.28,0.001657247543334961,32.99108646224066
8.28,0.001657247543334961,32.99108646224066
8.28,0.0016592741012573242,32.99108646224066
8.281,0.0016579627990722656,32.85606851899476
8.281,0.0016573667526245117,32.85606851899476
8.281,0.0016582012176513672,32.85606851899476
8.281,0.0016582012176513672,32.85606851899476
8.281,0.0016585588455200195,32.85606851899476
8.281,0.0016570091247558594,32.85606851899476
8.278,0.001658320426940918,32.537841295343455
8.278,0.0016589164733886719,32.537841295343455
8.278,0.0016582012176513672,32.537841295343455
8.278,0.0016589164733886719,32.537841295343455
8.278,0.0016589164733886719,32.537841295343455
8.278,0.0016592741012573242,32.537841295343455
8.279,0.001658797264099121,32.21068130778102
8.279,0.001657724380493164,32.21068130778102
8.279,0.001657247543334961,32.21068130778102
8.279,0.0016582012176513672,32.21068130778102
8.279,0.0016590356826782227,32.21068130778102
8.279,0.001658320426940918,32.21068130778102
8.28,0.0016586780548095703,31.807868290594577
8.28,0.0016582012176513672,31.807868290594577
8.28,0.001656174659729004,31.807868290594577
8.28,0.001657724380493164,31.807868290594577
8.28,0.0016580820083618164,31.807868290594577
8.28,0.0016568899154663086,31.807868290594577
8.278,0.0016576051712036133,31.612818933779046
8.278,0.0016579627990722656,31.612818933779046
8.278,0.0016598701477050781,31.612818933779046
8.278,0.0016580820083618164,31.612818933779046
8.278,0.0016589164733886719,31.612818933779046
8.278,0.001658320426940918,31.612818933779046
8.279,0.001659393310546875,31.103768405015046
8.279,0.0016578435897827148,31.103768405015046
8.279,0.0016578435897827148,31.103768405015046
8.279,0.001657724380493164,31.103768405015046
8.279,0.0016585588455200195,31.103768405015046
8.277,0.001657724380493164,30.730944289302574
8.277,0.0016590356826782227,30.730944289302574
8.277,0.001658320426940918,30.730944289302574
8.277,0.0016591548919677734,30.730944289302574
8.277,0.0016582012176513672,30.730944289302574
8.278,0.0016582012176513672,30.599390989096968
8.278,0.0016591548919677734,30.599390989096968
8.278,0.0016576051712036133,30.599390989096968
8.278,0.0016579627990722656,30.599390989096968
8.278,0.001658797264099121,30.599390989096968
8.278,0.0016576051712036133,30.599390989096968
8.278,0.0016590356826782227,30.324417606392153
8.278,0.0016585588455200195,30.324417606392153
8.278,0.0016602277755737305,30.324417606392153
8.278,0.0016586780548095703,30.324417606392153
8.278,0.0016585588455200195,30.324417606392153
8.278,0.0016586780548095703,30.324417606392153
8.28,0.001658320426940918,30.025261703248916
8.28,0.001656651496887207,30.025261703248916
8.28,0.0016580820083618164,30.025261703248916
8.28,0.0016584396362304688,30.025261703248916
8.28,0.0016576051712036133,30.025261703248916
8.28,0.0016582012176513672,30.025261703248916
8.281,0.0016596317291259766,29.90187275038498
8.281,0.0016579627990722656,29.90187275038498
8.281,0.001659393310546875,29.90187275038498
8.281,0.0016576051712036133,29.90187275038498
8.281,0.0016584396362304688,29.90187275038498
8.281,0.0016584396362304688,29.90187275038498
8.285,0.0016597509384155273,29.377172134924486
8.285,0.001658797264099121,29.377172134924486
8.285,0.0016589164733886719,29.377172134924486
8.285,0.0016596317291259766,29.377172134924486
8.285,0.0016571283340454102,29.377172134924486
8.285,0.0016589164733886719,29.377172134924486
8.287,0.0016582012176513672,29.087204377567605
8.287,0.001657724380493164,29.087204377567605
8.287,0.0016580820083618164,29.087204377567605
8.287,0.0016602277755737305,29.087204377567605
8.287,0.001658797264099121,29.087204377567605
8.287,0.0016578435897827148,29.087204377567605
8.29,0.0016578435897827148,28.966123090648786
8.29,0.0016585588455200195,28.966123090648786
8.29,0.0016592741012573242,28.966123090648786
8.29,0.0016598701477050781,28.966123090648786
8.29,0.0016580820083618164,28.966123090648786
8.29,0.001657247543334961,28.966123090648786
8.289,0.0016580820083618164,28.808123924437275
8.289,0.001658797264099121,28.808123924437275
8.289,0.001659393310546875,28.808123924437275
8.289,0.0016580820083618164,28.808123924437275
8.289,0.0016595125198364258,28.808123924437275
8.289,0.0016573667526245117,28.808123924437275
8.29,0.0016579627990722656,28.33127901758875
8.29,0.0016586780548095703,28.33127901758875
8.29,0.0016592741012573242,28.33127901758875
8.29,0.001658320426940918,28.33127901758875
8.29,0.001658797264099121,28.33127901758875
8.29,0.0016586780548095703,28.33127901758875
8.291,0.0016578435897827148,28.19138934557725
8.291,0.0016573667526245117,28.19138934557725
8.291,0.001658320426940918,28.19138934557725
8.291,0.001657724380493164,28.19138934557725
8.291,0.0016573667526245117,28.19138934557725
8.291,0.0016582012176513672,28.19138934557725
8.291,0.0016571283340454102,27.947746685961725
8.291,0.0016590356826782227,27.947746685961725
8.291,0.0016582012176513672,27.947746685961725
8.291,0.0016580820083618164,27.947746685961725
8.291,0.0016590356826782227,27.947746685961725
8.291,0.001659393310546875,27.947746685961725
8.289,0.001658320426940918,27.71502740747877
8.289,0.0016573667526245117,27.71502740747877
8.289,0.0016585588455200195,27.71502740747877
8.289,0.0016574859619140625,27.71502740747877
8.289,0.0016574859619140625,27.71502740747877
8.289,0.001657247543334961,27.71502740747877
8.29,0.0016584396362304688,27.47582421301162
8.29,0.0016580820083618164,27.47582421301162
8.29,0.0016585588455200195,27.47582421301162
8.29,0.0016579627990722656,27.47582421301162
8.29,0.0016586780548095703,27.47582421301162
8.29,0.0016578435897827148,27.47582421301162
8.291,0.0016580820083618164,27.23614968452495
8.291,0.0016584396362304688,27.23614968452495
8.291,0.0016580820083618164,27.23614968452495
8.291,0.001657247543334961,27.23614968452495
8.291,0.0016573667526245117,27.23614968452495
8.291,0.0016580820083618164,27.23614968452495
8.292,0.0016582012176513672,26.998981583991593
8.292,0.0016579627990722656,26.998981583991593
8.292,0.0016558170318603516,26.998981583991593
8.292,0.0016567707061767578,26.998981583991593
8.292,0.001658320426940918,26.998981583991593
8.292,0.0016574859619140625,26.998981583991593
8.29,0.0016576051712036133,26.456284951669723
8.29,0.0016586780548095703,26.456284951669723
8.29,0.0016582012176513672,26.456284951669723
8.29,0.0016574859619140625,26.456284951669723
8.29,0.0016598701477050781,26.456284951669723
8.29,0.0016564130783081055,26.456284951669723
8.29,0.001658320426940918,26.456284951669723
8.292,0.0016595125198364258,26.542222948628805
8.292,0.0016595125198364258,26.542222948628805
8.292,0.0016579627990722656,26.542222948628805
8.292,0.001657247543334961,26.542222948628805
8.292,0.0016568899154663086,26.542222948628805
8.292,0.0016578435897827148,26.138762134633826
8.292,0.001657247543334961,26.138762134633826
8.292,0.0016579627990722656,26.138762134633826
8.292,0.0016591548919677734,26.138762134633826
8.292,0.0016562938690185547,26.138762134633826
8.292,0.0016592741012573242,26.138762134633826
8.292,0.0016584396362304688,26.138762134633826
8.293,0.001658797264099121,25.91446990114507
8.293,0.0016568899154663086,25.91446990114507
8.293,0.001657724380493164,25.91446990114507
8.293,0.0016578435897827148,25.91446990114507
8.294,0.0016571283340454102,25.945535769548854
8.294,0.0016585588455200195,25.945535769548854
8.294,0.0016578435897827148,25.945535769548854
8.294,0.0016567707061767578,25.945535769548854
8.294,0.001657724380493164,25.945535769548854
8.294,0.001657724380493164,25.945535769548854
8.292,0.001656651496887207,25.663786713284654
8.292,0.0016582012176513672,25.663786713284654
8.292,0.0016582012176513672,25.663786713284654
8.292,0.0016586780548095703,25.663786713284654
8.292,0.0016573667526245117,25.663786713284654
8.292,0.0016580820083618164,25.663786713284654
8.293,0.0016585588455200195,25.50423028258988
8.293,0.0016578435897827148,25.50423028258988
8.293,0.0016564130783081055,25.50423028258988
8.293,0.0016586780548095703,25.50423028258988
8.293,0.0016584396362304688,25.50423028258988
8.293,0.0016574859619140625,25.50423028258988
8.294,0.001656651496887207,25.352627428413953
8.294,0.001658320426940918,25.352627428413953
8.294,0.0016579627990722656,25.352627428413953
8.294,0.0016578435897827148,25.352627428413953
8.294,0.001657724380493164,25.352627428413953
8.294,0.0016571283340454102,25.352627428413953
8.294,0.0016576051712036133,24.856262364753213
8.294,0.0016585588455200195,24.856262364753213
8.294,0.0016574859619140625,24.856262364753213
8.294,0.0016570091247558594,24.856262364753213
8.294,0.0016565322875976562,24.856262364753213
8.294,0.0016579627990722656,24.856262364753213
8.298,0.0016568899154663086,24.678426801439407
8.298,0.001657247543334961,24.678426801439407
8.298,0.0016573667526245117,24.678426801439407
8.298,0.0016560554504394531,24.678426801439407
8.298,0.0016568899154663086,24.678426801439407
8.298,0.0016570091247558594,24.678426801439407
8.298,0.0016570091247558594,24.590565926295675
8.298,0.0016590356826782227,24.590565926295675
8.298,0.001658320426940918,24.590565926295675
8.298,0.0016580820083618164,24.590565926295675
8.298,0.0016570091247558594,24.590565926295675
8.298,0.0016574859619140625,24.590565926295675
8.3,0.0016570091247558594,24.308619728006164
8.3,0.0016568899154663086,24.308619728006164
8.3,0.001657247543334961,24.308619728006164
8.3,0.0016570091247558594,24.308619728006164
8.3,0.0016571283340454102,24.308619728006164
8.3,0.0016573667526245117,24.308619728006164
8.304,0.001658320426940918,23.80531079913348
8.304,0.0016580820083618164,23.80531079913348
8.304,0.0016578435897827148,23.80531079913348
8.304,0.0016562938690185547,23.80531079913348
8.304,0.0016559362411499023,23.80531079913348
8.304,0.0016574859619140625,23.80531079913348
8.299,0.0016568899154663086,24.110335825368264
8.299,0.0016571283340454102,24.110335825368264
8.299,0.0016576051712036133,24.110335825368264
8.299,0.0016579627990722656,24.110335825368264
8.299,0.0016571283340454102,24.110335825368264
8.299,0.0016571283340454102,24.110335825368264
8.3,0.0016564130783081055,23.898544530942534
8.3,0.0016552209854125977,23.898544530942534
8.3,0.0016564130783081055,23.898544530942534
8.3,0.0016582012176513672,23.898544530942534
8.3,0.0016574859619140625,23.898544530942534
8.3,0.001656651496887207,23.898544530942534
8.303,0.0016580820083618164,23.530744294511614
8.303,0.0016576051712036133,23.530744294511614
8.303,0.0016567707061767578,23.530744294511614
8.303,0.0016580820083618164,23.530744294511614
8.303,0.0016564130783081055,23.530744294511614
8.303,0.0016562938690185547,23.530744294511614
8.307,0.0016568899154663086,23.265892714975408
8.307,0.0016559362411499023,23.265892714975408
8.307,0.001657247543334961,23.265892714975408
8.307,0.0016565322875976562,23.265892714975408
8.307,0.0016570091247558594,23.265892714975408
8.307,0.0016570091247558594,23.265892714975408
8.305,0.0016571283340454102,23.13493047728922
8.305,0.0016567707061767578,23.13493047728922
8.305,0.0016554594039916992,23.13493047728922
8.305,0.0016564130783081055,23.13493047728922
8.305,0.0016556978225708008,23.13493047728922
8.305,0.0016548633575439453,23.13493047728922
8.303,0.0016568899154663086,22.920440302631164
8.303,0.0016567707061767578,22.920440302631164
8.303,0.0016554594039916992,22.920440302631164
8.303,0.0016562938690185547,22.920440302631164
8.303,0.0016565322875976562,22.920440302631164
8.303,0.0016562938690185547,22.920440302631164
8.304,0.001656174659729004,22.83173384255758
8.304,0.0016560554504394531,22.83173384255758
8.304,0.0016567707061767578,22.83173384255758
8.304,0.0016562938690185547,22.83173384255758
8.304,0.0016552209854125977,22.83173384255758
8.304,0.0016570091247558594,22.83173384255758
8.304,0.0016556978225708008,22.4968946985618
8.304,0.0016559362411499023,22.4968946985618
8.304,0.0016576051712036133,22.4968946985618
8.304,0.0016567707061767578,22.4968946985618
8.304,0.0016562938690185547,22.4968946985618
8.304,0.0016565322875976562,22.4968946985618
8.306,0.0016560554504394531,22.303296392084967
8.306,0.0016560554504394531,22.303296392084967
8.306,0.0016576051712036133,22.303296392084967
8.306,0.0016560554504394531,22.303296392084967
8.306,0.001656651496887207,22.303296392084967
8.306,0.0016571283340454102,22.303296392084967
8.308,0.0016570091247558594,22.312130032501436
8.308,0.0016554594039916992,22.312130032501436
8.308,0.0016551017761230469,22.312130032501436
8.308,0.0016551017761230469,22.312130032501436
8.308,0.001656174659729004,22.312130032501436
8.308,0.0016573667526245117,22.312130032501436
8.307,0.001656174659729004,21.946331238037466
8.307,0.0016548633575439453,21.946331238037466
8.307,0.001654982566833496,21.946331238037466
8.307,0.0016553401947021484,21.946331238037466
8.307,0.001656174659729004,21.946331238037466
8.307,0.001656651496887207,21.946331238037466
8.307,0.0016554594039916992,21.958559581785018
8.307,0.0016560554504394531,21.958559581785018
8.307,0.0016558170318603516,21.958559581785018
8.307,0.0016564130783081055,21.958559581785018
8.307,0.001656174659729004,21.958559581785018
8.307,0.001656174659729004,21.958559581785018
8.311,0.0016571283340454102,21.847497066165175
8.311,0.001654982566833496,21.847497066165175
8.311,0.0016559362411499023,21.847497066165175
8.311,0.0016565322875976562,21.847497066165175
8.311,0.0016560554504394531,21.847497066165175
8.311,0.001656651496887207,21.847497066165175
8.311,0.0016565322875976562,21.3529341531301
8.311,0.00165557861328125,21.3529341531301
8.311,0.0016559362411499023,21.3529341531301
8.311,0.0016565322875976562,21.3529341531301
8.311,0.0016554594039916992,21.3529341531301
8.311,0.0016565322875976562,21.3529341531301
8.313,0.0016565322875976562,21.15939631406174
8.313,0.0016543865203857422,21.15939631406174
8.313,0.00165557861328125,21.15939631406174
8.313,0.0016568899154663086,21.15939631406174
8.313,0.0016542673110961914,21.15939631406174
8.313,0.0016551017761230469,21.15939631406174
8.312,0.0016559362411499023,21.40612806165808
8.312,0.0016551017761230469,21.40612806165808
8.312,0.00165557861328125,21.40612806165808
8.312,0.001656174659729004,21.40612806165808
8.312,0.0016548633575439453,21.40612806165808
8.312,0.0016554594039916992,21.40612806165808
8.312,0.0016559362411499023,21.40612806165808
8.312,0.001654982566833496,21.00653927635618
8.312,0.0016547441482543945,21.00653927635618
8.312,0.0016559362411499023,21.00653927635618
8.312,0.0016546249389648438,21.00653927635618
8.312,0.0016547441482543945,21.00653927635618
8.312,0.0016554594039916992,21.00653927635618
8.313,0.0016548633575439453,20.865685964867847
8.313,0.0016552209854125977,20.865685964867847
8.313,0.0016542673110961914,20.865685964867847
8.313,0.0016552209854125977,20.865685964867847
8.313,0.0016553401947021484,20.865685964867847
8.313,0.0016542673110961914,20.865685964867847
8.316,0.0016554594039916992,20.49800822438288
8.316,0.0016551017761230469,20.49800822438288
8.316,0.0016548633575439453,20.49800822438288
8.316,0.0016537904739379883,20.49800822438288
8.316,0.0016553401947021484,20.49800822438288
8.316,0.0016560554504394531,20.49800822438288
8.318,0.0016542673110961914,20.52779457403001
8.318,0.0016551017761230469,20.52779457403001
8.318,0.0016542673110961914,20.52779457403001
8.318,0.001656174659729004,20.52779457403001
8.318,0.0016536712646484375,20.52779457403001
8.318,0.00165557861328125,20.52779457403001
8.319,0.0016564130783081055,20.304825857657463
8.319,0.0016548633575439453,20.304825857657463
8.319,0.0016536712646484375,20.304825857657463
8.319,0.0016560554504394531,20.304825857657463
8.319,0.0016542673110961914,20.304825857657463
8.319,0.0016551017761230469,20.304825857657463
8.319,0.0016546249389648438,20.00345725305156
8.319,0.0016546249389648438,20.00345725305156
8.319,0.0016542673110961914,20.00345725305156
8.319,0.0016541481018066406,20.00345725305156
8.319,0.0016553401947021484,20.00345725305156
8.319,0.0016556978225708008,20.00345725305156
8.319,0.0016536712646484375,19.836394906975023
8.319,0.00165557861328125,19.836394906975023
8.319,0.0016554594039916992,19.836394906975023
8.319,0.001654982566833496,19.836394906975023
8.319,0.0016552209854125977,19.836394906975023
8.319,0.0016543865203857422,19.836394906975023
8.319,0.001654982566833496,19.616146057707194
8.319,0.0016541481018066406,19.616146057707194
8.319,0.001654982566833496,19.616146057707194
8.319,0.0016536712646484375,19.616146057707194
8.319,0.0016547441482543945,19.616146057707194
8.319,0.0016537904739379883,19.616146057707194
8.316,0.0016521215438842773,19.673790487236523
8.316,0.0016535520553588867,19.673790487236523
8.316,0.0016535520553588867,19.673790487236523
8.316,0.0016546249389648438,19.673790487236523
8.316,0.001654982566833496,19.673790487236523
8.316,0.001654982566833496,19.673790487236523
8.316,0.00165557861328125,19.554886297216058
8.316,0.0016542673110961914,19.554886297216058
8.316,0.0016543865203857422,19.554886297216058
8.316,0.001652359962463379,19.554886297216058
8.316,0.001653432846069336,19.554886297216058
8.316,0.001653432846069336,19.554886297216058
8.317,0.0016542673110961914,19.222163199128122
8.317,0.0016543865203857422,19.222163199128122
8.317,0.001653432846069336,19.222163199128122
8.317,0.0016559362411499023,19.222163199128122
8.317,0.0016540288925170898,19.222163199128122
8.317,0.0016541481018066406,19.222163199128122
8.321,0.0016546249389648438,19.04244396410107
8.321,0.001653432846069336,19.04244396410107
8.321,0.0016537904739379883,19.04244396410107
8.321,0.0016535520553588867,19.04244396410107
8.321,0.0016542673110961914,19.04244396410107
8.321,0.0016540288925170898,19.04244396410107
8.323,0.0016524791717529297,19.02291580347439
8.323,0.0016531944274902344,19.02291580347439
8.323,0.0016531944274902344,19.02291580347439
8.323,0.0016542673110961914,19.02291580347439
8.323,0.001653432846069336,19.02291580347439
8.323,0.0016536712646484375,19.02291580347439
8.323,0.0016542673110961914,18.809338637556976
8.323,0.0016533136367797852,18.809338637556976
8.323,0.0016527175903320312,18.809338637556976
8.323,0.0016540288925170898,18.809338637556976
8.322,0.0016531944274902344,18.598715743654704
8.322,0.0016542673110961914,18.598715743654704
8.322,0.0016533136367797852,18.598715743654704
8.322,0.0016547441482543945,18.598715743654704
8.322,0.0016536712646484375,18.598715743654704
8.322,0.001653909683227539,18.598715743654704
8.321,0.001653909683227539,18.379815284596898
8.321,0.0016541481018066406,18.379815284596898
8.321,0.0016542673110961914,18.379815284596898
8.321,0.001652836799621582,18.379815284596898
8.321,0.001653909683227539,18.379815284596898
8.321,0.0016537904739379883,18.379815284596898
8.324,0.0016542673110961914,18.264567389924146
8.324,0.001654505729675293,18.264567389924146
8.324,0.0016541481018066406,18.264567389924146
8.324,0.001652836799621582,18.264567389924146
8.324,0.0016535520553588867,18.264567389924146
8.324,0.0016510486602783203,18.264567389924146
8.325,0.001652359962463379,18.27269977903053
8.325,0.0016527175903320312,18.27269977903053
8.325,0.0016518831253051758,18.27269977903053
8.325,0.001652836799621582,18.27269977903053
8.325,0.001653432846069336,18.27269977903053
8.325,0.0016535520553588867,18.27269977903053
8.326,0.0016533136367797852,18.135844403453063
8.326,0.0016533136367797852,18.135844403453063
8.326,0.0016516447067260742,18.135844403453063
8.326,0.001653432846069336,18.135844403453063
8.326,0.0016537904739379883,18.135844403453063
8.326,0.001652359962463379,18.135844403453063
8.327,0.0016518831253051758,17.970465113215667
8.327,0.0016521215438842773,17.970465113215667
8.327,0.0016527175903320312,17.970465113215667
8.327,0.001653432846069336,17.970465113215667
8.327,0.0016521215438842773,17.970465113215667
8.327,0.0016521215438842773,17.970465113215667
8.331,0.0016521215438842773,17.80872290359101
8.331,0.0016529560089111328,17.80872290359101
8.331,0.0016525983810424805,17.80872290359101
8.331,0.0016531944274902344,17.80872290359101
8.331,0.001652836799621582,17.80872290359101
8.331,0.001653432846069336,17.80872290359101
8.331,0.0016508102416992188,17.749996308502794
8.331,0.0016527175903320312,17.749996308502794
8.331,0.0016522407531738281,17.749996308502794
8.331,0.0016524791717529297,17.749996308502794
8.331,0.0016527175903320312,17.749996308502794
8.331,0.0016529560089111328,17.749996308502794
8.332,0.0016535520553588867,17.403734926480716
8.332,0.0016524791717529297,17.403734926480716
8.332,0.0016520023345947266,17.403734926480716
8.332,0.0016530752182006836,17.403734926480716
8.332,0.0016524791717529297,17.403734926480716
8.332,0.0016524791717529297,17.403734926480716
8.336,0.0016512870788574219,17.480173160190006
8.336,0.0016529560089111328,17.480173160190006
8.336,0.0016518831253051758,17.480173160190006
8.336,0.0016514062881469727,17.480173160190006
8.336,0.0016518831253051758,17.480173160190006
8.336,0.001652359962463379,17.480173160190006
8.336,0.0016525983810424805,17.480173160190006
8.335,0.0016516447067260742,17.31662999186555
8.335,0.0016527175903320312,17.31662999186555
8.335,0.0016509294509887695,17.31662999186555
8.335,0.0016510486602783203,17.31662999186555
8.335,0.001651763916015625,17.31662999186555
8.335,0.0016518831253051758,17.31662999186555
8.336,0.001652359962463379,16.98312607921308
8.336,0.0016515254974365234,16.98312607921308
8.336,0.0016514062881469727,16.98312607921308
8.336,0.0016504526138305664,16.98312607921308
8.336,0.0016521215438842773,16.98312607921308
8.335,0.001651167869567871,16.775290036766734
8.335,0.0016516447067260742,16.775290036766734
8.335,0.0016510486602783203,16.775290036766734
8.335,0.0016509294509887695,16.775290036766734
8.335,0.0016516447067260742,16.775290036766734
8.334,0.0016520023345947266,17.062456356689474
8.334,0.0016515254974365234,17.062456356689474
8.334,0.001650691032409668,17.062456356689474
8.334,0.0016515254974365234,17.062456356689474
8.334,0.0016516447067260742,17.062456356689474
8.334,0.0016503334045410156,17.062456356689474
8.336,0.0016510486602783203,16.53251558073667
8.336,0.0016502141952514648,16.53251558073667
8.336,0.001651763916015625,16.53251558073667
8.336,0.0016514062881469727,16.53251558073667
8.336,0.0016512870788574219,16.53251558073667
8.336,0.0016516447067260742,16.53251558073667
8.338,0.0016503334045410156,16.383301097508312
8.338,0.0016510486602783203,16.383301097508312
8.338,0.0016503334045410156,16.383301097508312
8.338,0.001650691032409668,16.383301097508312
8.338,0.0016518831253051758,16.383301097508312
8.338,0.001650691032409668,16.383301097508312
8.34,0.0016504526138305664,16.494026261081853
8.34,0.0016514062881469727,16.494026261081853
8.34,0.001652359962463379,16.494026261081853
8.34,0.0016505718231201172,16.494026261081853
8.34,0.0016515254974365234,16.494026261081853
8.34,0.0016510486602783203,16.494026261081853
8.339,0.0016497373580932617,16.12578688588363
8.339,0.0016512870788574219,16.12578688588363
8.339,0.0016504526138305664,16.12578688588363
8.339,0.0016512870788574219,16.12578688588363
8.339,0.0016510486602783203,16.12578688588363
8.339,0.0016518831253051758,16.12578688588363
8.339,0.001651167869567871,16.062162530494255
8.339,0.0016510486602783203,16.062162530494255
8.339,0.0016508102416992188,16.062162530494255
8.339,0.0016504526138305664,16.062162530494255
8.339,0.001651167869567871,16.062162530494255
8.339,0.0016508102416992188,16.062162530494255
8.338,0.001650094985961914,16.07712827317003
8.338,0.0016508102416992188,16.07712827317003
8.338,0.0016508102416992188,16.07712827317003
8.338,0.0016516447067260742,16.07712827317003
8.338,0.0016503334045410156,16.07712827317003
8.338,0.0016498565673828125,16.07712827317003
8.335,0.0016516447067260742,15.71999185040263
8.335,0.001651763916015625,15.71999185040263
8.335,0.0016499757766723633,15.71999185040263
8.335,0.0016505718231201172,15.71999185040263
8.335,0.0016492605209350586,15.71999185040263
8.335,0.0016520023345947266,15.71999185040263
8.338,0.0016514062881469727,15.8650455890172
8.338,0.001650691032409668,15.8650455890172
8.338,0.001649618148803711,15.8650455890172
8.338,0.0016522407531738281,15.8650455890172
8.338,0.0016505718231201172,15.8650455890172
8.338,0.0016510486602783203,15.8650455890172
8.341,0.0016493797302246094,15.557740419752662
8.341,0.001650691032409668,15.557740419752662
8.341,0.0016493797302246094,15.557740419752662
8.341,0.0016504526138305664,15.557740419752662
8.341,0.0016505718231201172,15.557740419752662
8.341,0.0016505718231201172,15.557740419752662
8.343,0.001649022102355957,15.47126245846382
8.343,0.0016504526138305664,15.47126245846382
8.343,0.0016502141952514648,15.47126245846382
8.343,0.0016499757766723633,15.47126245846382
8.343,0.0016492605209350586,15.47126245846382
8.343,0.001650094985961914,15.47126245846382
8.346,0.0016505718231201172,15.206280846464843
8.346,0.001648545265197754,15.206280846464843
8.346,0.001649618148803711,15.206280846464843
8.346,0.0016508102416992188,15.206280846464843
8.346,0.001650094985961914,15.206280846464843
8.346,0.0016497373580932617,15.206280846464843
8.346,0.0016505718231201172,15.164682378655192
8.346,0.0016493797302246094,15.164682378655192
8.346,0.0016504526138305664,15.164682378655192
8.346,0.0016512870788574219,15.164682378655192
8.346,0.001649618148803711,15.164682378655192
8.346,0.0016497373580932617,15.164682378655192
8.346,0.0016509294509887695,15.189766610470251
8.346,0.0016494989395141602,15.189766610470251
8.346,0.0016499757766723633,15.189766610470251
8.346,0.0016487836837768555,15.189766610470251
8.346,0.0016497373580932617,15.189766610470251
8.346,0.0016493797302246094,15.189766610470251
8.346,0.001649618148803711,14.904764600190507
8.346,0.0016483068466186523,14.904764600190507
8.346,0.0016491413116455078,14.904764600190507
8.346,0.0016498565673828125,14.904764600190507
8.346,0.0016491413116455078,14.904764600190507
8.346,0.0016498565673828125,14.904764600190507
8.346,0.0016498565673828125,14.589724819902667
8.346,0.0016497373580932617,14.589724819902667
8.346,0.0016512870788574219,14.589724819902667
8.346,0.0016480684280395508,14.589724819902667
8.347,0.0016489028930664062,14.78595661679891
8.347,0.0016493797302246094,14.78595661679891
8.347,0.0016487836837768555,14.78595661679891
8.347,0.0016487836837768555,14.78595661679891
8.347,0.0016487836837768555,14.78595661679891
8.347,0.0016497373580932617,14.78595661679891
8.351,0.0016498565673828125,14.60087391142891
8.351,0.0016502141952514648,14.60087391142891
8.351,0.001649618148803711,14.60087391142891
8.351,0.0016497373580932617,14.60087391142891
8.351,0.0016498565673828125,14.60087391142891
8.351,0.001650094985961914,14.60087391142891
8.353,0.0016493797302246094,14.582274626273403
8.353,0.001649022102355957,14.582274626273403
8.353,0.0016487836837768555,14.582274626273403
8.353,0.0016475915908813477,14.582274626273403
8.353,0.0016497373580932617,14.582274626273403
8.353,0.0016502141952514648,14.582274626273403
8.353,0.001650691032409668,14.230756145161944
8.353,0.0016486644744873047,14.230756145161944
8.353,0.0016498565673828125,14.230756145161944
8.353,0.0016497373580932617,14.230756145161944
8.353,0.0016489028930664062,14.230756145161944
8.353,0.001648545265197754,14.230756145161944
8.354,0.0016492605209350586,14.064420495141036
8.354,0.0016484260559082031,14.064420495141036
8.354,0.0016483068466186523,14.064420495141036
8.354,0.0016487836837768555,14.064420495141036
8.354,0.0016493797302246094,14.064420495141036
8.354,0.0016483068466186523,14.064420495141036
8.353,0.001649618148803711,13.951460818294422
8.353,0.00164794921875,13.951460818294422
8.353,0.00164794921875,13.951460818294422
8.353,0.0016493797302246094,13.951460818294422
8.353,0.00164794921875,13.951460818294422
8.353,0.0016491413116455078,13.951460818294422
8.355,0.0016494989395141602,13.964270917709365
8.355,0.001648545265197754,13.964270917709365
8.355,0.0016491413116455078,13.964270917709365
8.355,0.0016497373580932617,13.964270917709365
8.355,0.001647353172302246,13.964270917709365
8.355,0.0016483068466186523,13.964270917709365
8.355,0.0016493797302246094,13.964270917709365
8.355,0.0016489028930664062,14.007376477131633
8.355,0.0016493797302246094,14.007376477131633
8.355,0.0016484260559082031,14.007376477131633
8.355,0.0016481876373291016,14.007376477131633
8.355,0.0016497373580932617,14.007376477131633
8.355,0.0016481876373291016,14.007376477131633
8.356,0.0016486644744873047,13.507537404954213
8.356,0.0016493797302246094,13.507537404954213
8.356,0.001646876335144043,13.507537404954213
8.356,0.0016483068466186523,13.507537404954213
8.356,0.0016487836837768555,13.507537404954213
8.356,0.0016478300094604492,13.507537404954213
8.355,0.0016487836837768555,13.604265453795737
8.355,0.001649022102355957,13.604265453795737
8.355,0.0016486644744873047,13.604265453795737
8.355,0.0016487836837768555,13.604265453795737
8.355,0.0016497373580932617,13.604265453795737
8.355,0.0016486644744873047,13.604265453795737
8.356,0.001648545265197754,13.505988321805674
8.356,0.0016480684280395508,13.505988321805674
8.356,0.001648545265197754,13.505988321805674
8.356,0.0016491413116455078,13.505988321805674
8.356,0.0016486644744873047,13.505988321805674
8.356,0.0016483068466186523,13.505988321805674
8.355,0.0016484260559082031,13.406203661190883
8.355,0.0016465187072753906,13.406203661190883
8.355,0.0016478300094604492,13.406203661190883
8.355,0.00164794921875,13.406203661190883
8.355,0.0016491413116455078,13.406203661190883
8.355,0.0016484260559082031,13.406203661190883
8.357,0.0016475915908813477,13.20123451122906
8.357,0.0016484260559082031,13.20123451122906
8.357,0.0016491413116455078,13.20123451122906
8.357,0.0016487836837768555,13.20123451122906
8.357,0.0016478300094604492,13.20123451122906
8.357,0.0016477108001708984,13.20123451122906
8.357,0.0016474723815917969,13.04610556667981
8.357,0.0016494989395141602,13.04610556667981
8.357,0.001649022102355957,13.04610556667981
8.357,0.0016474723815917969,13.04610556667981
8.357,0.0016472339630126953,13.04610556667981
8.357,0.0016487836837768555,13.04610556667981
8.36,0.0016477108001708984,12.788839864117499
8.36,0.0016481876373291016,12.788839864117499
8.36,0.0016483068466186523,12.788839864117499
8.36,0.0016481876373291016,12.788839864117499
8.36,0.0016481876373291016,12.788839864117499
8.36,0.001647353172302246,12.788839864117499
8.366,0.0016477108001708984,13.001136402848434
8.366,0.0016484260559082031,13.001136402848434
8.366,0.0016471147537231445,13.001136402848434
8.366,0.0016483068466186523,13.001136402848434
8.366,0.0016486644744873047,13.001136402848434
8.366,0.0016461610794067383,13.001136402848434
8.367,0.0016475915908813477,12.660375202711782
8.367,0.0016471147537231445,12.660375202711782
8.367,0.0016486644744873047,12.660375202711782
8.367,0.001647353172302246,12.660375202711782
8.367,0.0016478300094604492,12.660375202711782
8.367,0.0016480684280395508,12.660375202711782
8.369,0.0016480684280395508,12.716357686953017
8.369,0.00164794921875,12.716357686953017
8.369,0.0016467571258544922,12.716357686953017
8.369,0.0016487836837768555,12.716357686953017
8.369,0.0016489028930664062,12.716357686953017
8.369,0.0016474723815917969,12.716357686953017
8.369,0.0016478300094604492,12.653122565093724
8.369,0.0016481876373291016,12.653122565093724
8.369,0.0016481876373291016,12.653122565093724
8.369,0.0016469955444335938,12.653122565093724
8.369,0.001648545265197754,12.653122565093724
8.369,0.0016481876373291016,12.653122565093724
8.367,0.001647353172302246,12.306672372715791
8.367,0.0016472339630126953,12.306672372715791
8.367,0.0016471147537231445,12.306672372715791
8.367,0.0016474723815917969,12.306672372715791
8.367,0.0016463994979858398,12.306672372715791
8.367,0.0016477108001708984,12.306672372715791
8.367,0.0016461610794067383,12.1406057965129
8.367,0.0016471147537231445,12.1406057965129
8.367,0.0016471147537231445,12.1406057965129
8.367,0.00164794921875,12.1406057965129
8.367,0.0016480684280395508,12.1406057965129
8.367,0.00164794921875,12.1406057965129
8.364,0.0016459226608276367,12.27697438522629
8.364,0.0016469955444335938,12.27697438522629
8.364,0.0016475915908813477,12.27697438522629
8.364,0.001647353172302246,12.27697438522629
8.364,0.0016478300094604492,12.27697438522629
8.364,0.0016471147537231445,12.27697438522629
8.364,0.0016463994979858398,11.91903198160423
8.364,0.001647353172302246,11.91903198160423
8.364,0.0016486644744873047,11.91903198160423
8.364,0.0016489028930664062,11.91903198160423
8.364,0.0016474723815917969,11.91903198160423
8.364,0.001646876335144043,11.91903198160423
8.367,0.0016467571258544922,12.229382009843489
8.367,0.0016455650329589844,12.229382009843489
8.367,0.0016481876373291016,12.229382009843489
8.367,0.0016478300094604492,12.229382009843489
8.367,0.0016460418701171875,12.229382009843489
8.367,0.0016461610794067383,12.229382009843489
8.367,0.0016466379165649414,11.82195303145297
8.367,0.0016469955444335938,11.82195303145297
8.367,0.0016465187072753906,11.82195303145297
8.367,0.0016461610794067383,11.82195303145297
8.367,0.0016477108001708984,11.82195303145297
8.367,0.0016467571258544922,11.82195303145297
8.371,0.0016478300094604492,11.732142650260691
8.371,0.0016472339630126953,11.732142650260691
8.371,0.0016477108001708984,11.732142650260691
8.371,0.0016461610794067383,11.732142650260691
8.371,0.0016469955444335938,11.732142650260691
8.371,0.001647353172302246,11.732142650260691
8.373,0.0016460418701171875,11.887721324322767
8.373,0.0016475915908813477,11.887721324322767
8.373,0.0016465187072753906,11.887721324322767
8.373,0.0016467571258544922,11.887721324322767
8.373,0.0016463994979858398,11.887721324322767
8.373,0.0016463994979858398,11.887721324322767
8.373,0.0016465187072753906,11.481164757992083
8.373,0.001646876335144043,11.481164757992083
8.373,0.0016467571258544922,11.481164757992083
8.373,0.0016465187072753906,11.481164757992083
8.373,0.0016467571258544922,11.481164757992083
8.373,0.001647353172302246,11.481164757992083
8.372,0.0016456842422485352,11.620647902998417
8.372,0.0016460418701171875,11.620647902998417
8.372,0.0016463994979858398,11.620647902998417
8.372,0.0016471147537231445,11.620647902998417
8.372,0.0016460418701171875,11.620647902998417
8.372,0.001646280288696289,11.620647902998417
8.373,0.001646280288696289,11.31634008442758
8.373,0.0016453266143798828,11.31634008442758
8.373,0.0016455650329589844,11.31634008442758
8.373,0.0016478300094604492,11.31634008442758
8.373,0.0016469955444335938,11.31634008442758
8.373,0.0016467571258544922,11.31634008442758
8.377,0.0016472339630126953,11.225484599958776
8.377,0.0016471147537231445,11.225484599958776
8.377,0.0016460418701171875,11.225484599958776
8.377,0.0016454458236694336,11.225484599958776
8.377,0.0016463994979858398,11.225484599958776
8.377,0.0016461610794067383,11.225484599958776
8.378,0.0016466379165649414,11.142017020925664
8.378,0.0016453266143798828,11.142017020925664
8.378,0.001645803451538086,11.142017020925664
8.378,0.0016467571258544922,11.142017020925664
8.378,0.0016456842422485352,11.142017020925664
8.378,0.0016461610794067383,11.142017020925664
8.381,0.0016465187072753906,10.989265034477068
8.381,0.0016461610794067383,10.989265034477068
8.381,0.0016450881958007812,10.989265034477068
8.381,0.0016460418701171875,10.989265034477068
8.381,0.0016460418701171875,10.989265034477068
8.381,0.0016459226608276367,10.989265034477068
8.381,0.0016463994979858398,10.989265034477068
8.382,0.0016459226608276367,10.746036793398197
8.382,0.0016459226608276367,10.746036793398197
8.382,0.001646280288696289,10.746036793398197
8.382,0.0016467571258544922,10.746036793398197
8.382,0.0016449689865112305,10.746036793398197
8.382,0.0016454458236694336,10.746036793398197
8.382,0.0016460418701171875,10.777102761797476
8.382,0.0016450881958007812,10.777102761797476
8.382,0.0016466379165649414,10.777102761797476
8.382,0.0016453266143798828,10.777102761797476
8.382,0.0016456842422485352,10.777102761797476
8.382,0.0016455650329589844,10.777102761797476
8.381,0.0016459226608276367,10.69352489635926
8.381,0.001646280288696289,10.69352489635926
8.381,0.0016461610794067383,10.69352489635926
8.381,0.0016466379165649414,10.69352489635926
8.381,0.001645803451538086,10.69352489635926
8.381,0.0016459226608276367,10.69352489635926
8.382,0.001646876335144043,10.520709331492464
8.382,0.0016460418701171875,10.520709331492464
8.382,0.0016461610794067383,10.520709331492464
8.382,0.0016449689865112305,10.520709331492464
8.382,0.001645207405090332,10.520709331492464
8.382,0.001644730567932129,10.520709331492464
8.381,0.0016455650329589844,10.51881356652868
8.381,0.0016467571258544922,10.51881356652868
8.381,0.001646280288696289,10.51881356652868
8.381,0.0016460418701171875,10.51881356652868
8.381,0.001645803451538086,10.51881356652868
8.381,0.0016461610794067383,10.51881356652868
8.381,0.0016446113586425781,10.492897479132841
8.381,0.0016463994979858398,10.492897479132841
8.381,0.0016455650329589844,10.492897479132841
8.381,0.0016454458236694336,10.492897479132841
8.381,0.0016444921493530273,10.492897479132841
8.381,0.0016455650329589844,10.492897479132841
8.384,0.0016466379165649414,10.154342546538027
8.384,0.0016450881958007812,10.154342546538027
8.384,0.0016461610794067383,10.154342546538027
8.384,0.0016454458236694336,10.154342546538027
8.384,0.001645803451538086,10.154342546538027
8.384,0.001644134521484375,10.154342546538027
8.383,0.0016453266143798828,10.115755160231094
8.383,0.0016453266143798828,10.115755160231094
8.383,0.0016448497772216797,10.115755160231094
8.383,0.0016466379165649414,10.115755160231094
8.383,0.001646280288696289,10.115755160231094
8.383,0.0016456842422485352,10.115755160231094
8.384,0.0016449689865112305,10.168599753385324
8.384,0.0016444921493530273,10.168599753385324
8.384,0.001644730567932129,10.168599753385324
8.384,0.001644134521484375,10.168599753385324
8.384,0.0016463994979858398,10.168599753385324
8.384,0.001645803451538086,10.168599753385324
8.386,0.0016456842422485352,9.966512514124002
8.386,0.0016454458236694336,9.966512514124002
8.386,0.0016446113586425781,9.966512514124002
8.386,0.001645207405090332,9.966512514124002
8.386,0.0016443729400634766,9.966512514124002
8.386,0.0016449689865112305,9.966512514124002
8.387,0.0016454458236694336,10.083401234148017
8.387,0.0016460418701171875,10.083401234148017
8.387,0.001645803451538086,10.083401234148017
8.387,0.0016459226608276367,10.083401234148017
8.387,0.0016450881958007812,10.083401234148017
8.387,0.0016446113586425781,10.083401234148017
8.387,0.0016453266143798828,9.916112116762086
8.387,0.0016446113586425781,9.916112116762086
8.387,0.001644134521484375,9.916112116762086
8.387,0.001645207405090332,9.916112116762086
8.387,0.0016446113586425781,9.916112116762086
8.387,0.0016448497772216797,9.916112116762086
8.389,0.0016463994979858398,9.814435598807925
8.389,0.0016450881958007812,9.814435598807925
8.389,0.0016438961029052734,9.814435598807925
8.389,0.0016449689865112305,9.814435598807925
8.389,0.0016463994979858398,9.814435598807925
8.389,0.0016438961029052734,9.814435598807925
8.389,0.0016455650329589844,9.439550963548706
8.389,0.001644730567932129,9.439550963548706
8.389,0.0016449689865112305,9.439550963548706
8.389,0.0016455650329589844,9.439550963548706
8.389,0.0016449689865112305,9.439550963548706
8.389,0.0016433000564575195,9.439550963548706
8.39,0.001644134521484375,9.354862397230562
8.39,0.0016431808471679688,9.354862397230562
8.39,0.0016443729400634766,9.354862397230562
8.39,0.001644730567932129,9.354862397230562
8.39,0.0016453266143798828,9.354862397230562
8.39,0.0016440153121948242,9.354862397230562
8.39,0.001643538475036621,9.35612546168359
8.39,0.001644730567932129,9.35612546168359
8.39,0.0016454458236694336,9.35612546168359
8.39,0.0016444921493530273,9.35612546168359
8.39,0.0016449689865112305,9.35612546168359
8.39,0.0016446113586425781,9.35612546168359
8.392,0.0016459226608276367,9.332265064140005
8.392,0.0016449689865112305,9.332265064140005
8.392,0.0016443729400634766,9.332265064140005
8.392,0.0016438961029052734,9.332265064140005
8.392,0.001644730567932129,9.332265064140005
8.392,0.0016438961029052734,9.332265064140005
8.389,0.0016446113586425781,9.08024575607833
8.389,0.0016454458236694336,9.08024575607833
8.389,0.0016448497772216797,9.08024575607833
8.389,0.001644134521484375,9.08024575607833
8.389,0.001644134521484375,9.08024575607833
8.391,0.0016440153121948242,9.116089456567641
8.391,0.0016453266143798828,9.116089456567641
8.391,0.0016434192657470703,9.116089456567641
8.391,0.0016450881958007812,9.116089456567641
8.392,0.0016442537307739258,9.122541053357395
8.392,0.001644730567932129,9.122541053357395
8.392,0.001643538475036621,9.122541053357395
8.392,0.0016438961029052734,9.122541053357395
8.392,0.0016448497772216797,9.122541053357395
8.392,0.0016446113586425781,9.122541053357395
8.391,0.0016446113586425781,8.900669497511453
8.391,0.0016442537307739258,8.900669497511453
8.391,0.001644730567932129,8.900669497511453
8.391,0.0016446113586425781,8.900669497511453
8.391,0.0016454458236694336,8.900669497511453
8.391,0.0016429424285888672,8.900669497511453
8.399,0.0016438961029052734,9.00696567821642
8.399,0.0016440153121948242,9.00696567821642
8.399,0.0016450881958007812,9.00696567821642
8.399,0.0016433000564575195,9.00696567821642
8.399,0.0016443729400634766,9.00696567821642
8.399,0.0016449689865112305,9.00696567821642
8.399,0.0016433000564575195,8.77612433749872
8.399,0.0016436576843261719,8.77612433749872
8.399,0.0016446113586425781,8.77612433749872
8.399,0.0016434192657470703,8.77612433749872
8.399,0.0016443729400634766,8.77612433749872
8.403,0.0016438961029052734,8.474376424687666
8.403,0.0016440153121948242,8.474376424687666
8.403,0.0016444921493530273,8.474376424687666
8.403,0.0016442537307739258,8.474376424687666
8.403,0.0016450881958007812,8.474376424687666
8.402,0.001644730567932129,8.754585095722918
8.402,0.001643061637878418,8.754585095722918
8.402,0.0016438961029052734,8.754585095722918
8.402,0.0016440153121948242,8.754585095722918
8.402,0.0016446113586425781,8.754585095722918
8.402,0.001644134521484375,8.754585095722918
8.404,0.0016434192657470703,8.465958703719314
8.404,0.001643061637878418,8.465958703719314
8.404,0.0016438961029052734,8.465958703719314
8.404,0.0016438961029052734,8.465958703719314
8.404,0.0016434192657470703,8.465958703719314
8.404,0.0016442537307739258,8.465958703719314
8.404,0.0016442537307739258,8.340495428018318
8.404,0.0016438961029052734,8.340495428018318
8.404,0.0016433000564575195,8.340495428018318
8.404,0.0016449689865112305,8.340495428018318
8.404,0.0016433000564575195,8.340495428018318
8.404,0.0016440153121948242,8.340495428018318
8.406,0.0016446113586425781,8.444350745566862
8.406,0.001644730567932129,8.444350745566862
8.406,0.0016449689865112305,8.444350745566862
8.406,0.0016440153121948242,8.444350745566862
8.406,0.0016436576843261719,8.444350745566862
8.406,0.0016431808471679688,8.444350745566862
8.407,0.0016437768936157227,8.285944738469277
8.407,0.001643061637878418,8.285944738469277
8.407,0.0016428232192993164,8.285944738469277
8.407,0.0016442537307739258,8.285944738469277
8.407,0.0016442537307739258,8.285944738469277
8.409,0.0016431808471679688,8.175436197643252
8.409,0.0016440153121948242,8.175436197643252
8.409,0.0016444921493530273,8.175436197643252
8.409,0.0016436576843261719,8.175436197643252
8.409,0.001644134521484375,8.175436197643252
8.409,0.0016440153121948242,8.175436197643252
8.41,0.0016422271728515625,7.9870710997495635
8.41,0.001643538475036621,7.9870710997495635
8.41,0.0016442537307739258,7.9870710997495635
8.409,0.0016446113586425781,8.024513863793624
8.409,0.0016438961029052734,8.024513863793624
8.409,0.001642465591430664,8.024513863793624
8.409,0.0016446113586425781,8.024513863793624
8.409,0.0016443729400634766,8.024513863793624
8.412,0.0016412734985351562,7.8883788011226095
8.412,0.0016429424285888672,7.8883788011226095
8.412,0.0016437768936157227,7.8883788011226095
8.412,0.0016425848007202148,7.8883788011226095
8.412,0.0016431808471679688,7.8883788011226095
8.413,0.0016442537307739258,7.6654619198858605
8.413,0.0016421079635620117,7.6654619198858605
8.413,0.001644134521484375,7.6654619198858605
8.413,0.0016446113586425781,7.6654619198858605
8.414,0.0016429424285888672,7.758045901857075
8.414,0.0016431808471679688,7.758045901857075
8.414,0.0016438961029052734,7.758045901857075
8.414,0.0016434192657470703,7.600284815376591
8.414,0.001643538475036621,7.600284815376591
8.414,0.001644134521484375,7.600284815376591
8.414,0.001644134521484375,7.600284815376591
8.414,0.0016425848007202148,7.5221549326498875
8.414,0.0016434192657470703,7.5221549326498875
8.414,0.0016442537307739258,7.5221549326498875
8.414,0.001643061637878418,7.5221549326498875
8.414,0.001642465591430664,7.5221549326498875
8.414,0.0016436576843261719,7.5221549326498875
8.414,0.001644134521484375,7.435049482428197
8.414,0.0016429424285888672,7.435049482428197
8.414,0.0016448497772216797,7.435049482428197
8.414,0.0016434192657470703,7.435049482428197
8.414,0.0016429424285888672,7.113232705882121
8.414,0.0016421079635620117,7.113232705882121
8.414,0.0016431808471679688,7.113232705882121
8.414,0.0016438961029052734,7.113232705882121
8.414,0.0016428232192993164,7.113232705882121
8.414,0.0016428232192993164,7.113232705882121
8.415,0.001644134521484375,7.1966282181909955
8.415,0.0016437768936157227,7.1966282181909955
8.415,0.0016442537307739258,7.1966282181909955
8.418,0.0016433000564575195,7.231306830397559
8.418,0.0016438961029052734,7.231306830397559
8.418,0.0016427040100097656,7.231306830397559
8.418,0.0016433000564575195,7.231306830397559
8.418,0.0016416311264038086,7.231306830397559
8.42,0.0016423463821411133,7.203287130795839
8.42,0.0016425848007202148,7.203287130795839
8.42,0.001643061637878418,7.203287130795839
8.421,0.001641988754272461,6.884369950104754
8.416,0.0016427040100097656,6.966962385088874
8.416,0.0016436576843261719,6.966962385088874
8.416,0.001643061637878418,6.966962385088874
8.416,0.0016438961029052734,6.966962385088874
8.416,0.001642465591430664,6.966962385088874
8.416,0.0016431808471679688,6.871426423480873
8.416,0.0016428232192993164,6.871426423480873
8.416,0.0016428232192993164,6.871426423480873
8.416,0.0016434192657470703,6.871426423480873
8.416,0.0016421079635620117,6.871426423480873
8.416,0.0016437768936157227,6.871426423480873
8.415,0.0016428232192993164,6.754438188582548
8.415,0.0016433000564575195,6.754438188582548
8.415,0.001643538475036621,6.754438188582548
8.415,0.001642465591430664,6.754438188582548
8.415,0.001643538475036621,6.754438188582548
8.416,0.0016428232192993164,6.600072106998816
8.416,0.001643538475036621,6.600072106998816
8.416,0.0016427040100097656,6.600072106998816
8.416,0.0016431808471679688,6.600072106998816
8.416,0.0016422271728515625,6.600072106998816
8.421,0.001642465591430664,6.6861020455928575
8.421,0.0016425848007202148,6.6861020455928575
8.421,0.001641988754272461,6.6861020455928575
8.422,0.0016431808471679688,6.566548116270566
8.422,0.0016438961029052734,6.566548116270566
8.422,0.0016422271728515625,6.566548116270566
8.422,0.0016428232192993164,6.566548116270566
8.424,0.0016429424285888672,6.4881067624824675
8.424,0.001641988754272461,6.4881067624824675
8.424,0.0016433000564575195,6.4881067624824675
8.424,0.0016428232192993164,6.4881067624824675
8.424,0.0016422271728515625,6.4881067624824675
8.429,0.0016418695449829102,6.3031248484670375
8.429,0.0016422271728515625,6.3031248484670375
8.426,0.0016434192657470703,6.200513640956088
8.426,0.0016422271728515625,6.200513640956088
8.426,0.001642465591430664,6.200513640956088
8.426,0.0016423463821411133,6.200513640956088
8.426,0.0016415119171142578,6.133584394060276
8.426,0.0016437768936157227,6.133584394060276
8.426,0.001641392707824707,6.076139754691415
8.426,0.0016429424285888672,6.076139754691415
8.426,0.001641392707824707,6.076139754691415
8.427,0.0016433000564575195,5.947066439563446
8.427,0.0016433000564575195,5.947066439563446
8.426,0.0016422271728515625,6.145043346150353
8.428,0.0016422271728515625,6.151583531142588
8.428,0.001643061637878418,6.151583531142588
8.428,0.001641392707824707,6.151583531142588
8.428,0.0016429424285888672,5.833393919651986
8.428,0.0016421079635620117,5.833393919651986
8.428,0.0016429424285888672,5.833393919651986
8.435,0.0016418695449829102,5.650464624686956
8.435,0.0016422271728515625,5.650464624686956
8.435,0.0016423463821411133,5.650464624686956
8.438,0.0016421079635620117,5.391597794443633
8.438,0.0016423463821411133,5.391597794443633
8.438,0.0016427040100097656,5.391597794443633
8.436,0.001641988754272461,5.292148170022456
8.438,0.0016422271728515625,5.399459878348614
8.439,0.001643538475036621,5.29300634881983
8.439,0.0016433000564575195,5.242354175103552
8.44,0.0016406774520874023,5.183588510258326
8.436,0.001641392707824707,4.969240741531187
8.437,0.0016415119171142578,5.109351612037646
8.437,0.0016421079635620117,4.911352509246477
8.446,0.001639723777770996,4.695427463914993
8.449,0.0016412734985351562,4.702861115238226
8.449,0.0016416311264038086,4.702861115238226
8.45,0.0016418695449829102,4.547161916306181
8.45,0.0016412734985351562,4.547161916306181
8.45,0.0016417503356933594,4.547161916306181
8.448,0.0016410350799560547,4.437704744691388
8.451,0.0016412734985351562,4.273769146737528
8.455,0.0016415119171142578,4.21913491353986
8.454,0.0016422271728515625,4.2607923607833005
8.454,0.001641392707824707,4.2607923607833005
8.454,0.0016429424285888672,4.2607923607833005
8.454,0.0016421079635620117,4.171446679776631
8.454,0.00164031982421875,4.171446679776631
8.454,0.0016422271728515625,4.171446679776631
8.454,0.0016421079635620117,4.188741277136023
8.454,0.001641988754272461,4.188741277136023
8.454,0.0016417503356933594,4.188741277136023
8.455,0.0016398429870605469,4.051759756161176
8.455,0.0016417503356933594,4.051759756161176
8.455,0.001641988754272461,4.051759756161176
8.455,0.0016406774520874023,4.051759756161176
8.455,0.0016404390335083008,4.051759756161176
8.455,0.001641392707824707,4.051759756161176
8.455,0.001641392707824707,3.9859735495230177
8.455,0.001639723777770996,3.9859735495230177
8.455,0.0016411542892456055,3.9859735495230177
8.455,0.0016407966613769531,3.821241706899918
8.455,0.00164031982421875,3.821241706899918
8.455,0.001640915870666504,3.821241706899918
8.455,0.0016399621963500977,3.849205860210892
8.455,0.0016410350799560547,3.849205860210892
8.456,0.001639723777770996,3.715868570953395
8.461,0.0016398429870605469,3.8204602878566534
8.464,0.0016399621963500977,3.544298604552731
8.464,0.0016398429870605469,3.544298604552731
8.464,0.0016396045684814453,3.544298604552731
8.465,0.0016398429870605469,3.558415775967161
8.465,0.0016390085220336914,3.558415775967161
8.465,0.0016390085220336914,3.558415775967161
8.465,0.001641392707824707,3.558415775967161
8.465,0.0016400814056396484,3.4633461102847862
8.465,0.001639246940612793,3.4633461102847862
8.465,0.0016399621963500977,3.4633461102847862
8.466,0.001640915870666504,3.594929359162291
8.468,0.00164031982421875,3.328075869594084
8.468,0.0016400814056396484,3.328075869594084
8.468,0.001639246940612793,3.328075869594084
8.468,0.0016407966613769531,3.328075869594084
8.47,0.0016388893127441406,3.264088700692717
8.47,0.001639723777770996,3.264088700692717
8.47,0.0016406774520874023,3.264088700692717
8.466,0.0016399621963500977,3.27340288985366
8.466,0.0016411542892456055,3.27340288985366
8.466,0.0016398429870605469,3.27340288985366
8.467,0.0016391277313232422,3.15253301136162
8.467,0.00164031982421875,3.15253301136162
8.467,0.0016407966613769531,3.15253301136162
8.467,0.0016390085220336914,3.15253301136162
8.465,0.0016417503356933594,3.0864910444738936
8.465,0.0016411542892456055,3.0864910444738936
8.465,0.0016396045684814453,3.0864910444738936
8.465,0.0016384124755859375,3.0864910444738936
8.465,0.001640915870666504,3.0864910444738936
8.465,0.0016407966613769531,3.0864910444738936
8.469,0.0016405582427978516,3.045435560669894
8.469,0.0016390085220336914,3.045435560669894
8.469,0.0016399621963500977,3.045435560669894
8.469,0.00164031982421875,3.045435560669894
8.469,0.0016394853591918945,3.045435560669894
8.469,0.0016411542892456055,3.045435560669894
8.469,0.0016412734985351562,3.2278313783779176
8.469,0.0016411542892456055,3.2278313783779176
8.469,0.0016407966613769531,3.2278313783779176
8.471,0.0016391277313232422,2.9301978334215137
8.471,0.0016396045684814453,2.9301978334215137
8.471,0.001641392707824707,2.9301978334215137
8.471,0.00164031982421875,2.9301978334215137
8.473,0.0016391277313232422,2.895786560546465
8.473,0.001640915870666504,2.895786560546465
8.474,0.0016410350799560547,2.9243938498898006
8.474,0.0016410350799560547,2.9243938498898006
8.474,0.0016402006149291992,2.9243938498898006
8.474,0.0016418695449829102,2.9243938498898006
8.474,0.0016400814056396484,2.9243938498898006
8.474,0.0016402006149291992,2.733525671499981
8.474,0.0016406774520874023,2.733525671499981
8.474,0.0016402006149291992,2.733525671499981
8.474,0.0016402006149291992,2.733525671499981
8.474,0.0016406774520874023,2.733525671499981
8.474,0.0016400814056396484,2.733525671499981
8.474,0.0016428232192993164,2.733525671499981
8.479,0.0016404390335083008,2.7720180342640477
8.479,0.0016406774520874023,2.7720180342640477
8.479,0.0016402006149291992,2.7720180342640477
8.479,0.001641392707824707,2.7720180342640477
8.48,0.0016407966613769531,2.5343678578660205
8.48,0.0016415119171142578,2.5343678578660205
8.48,0.0016412734985351562,2.5343678578660205
8.48,0.0016411542892456055,2.5343678578660205
8.48,0.0016423463821411133,2.5343678578660205
8.481,0.0016418695449829102,2.579763270017942
8.481,0.001640915870666504,2.579763270017942
8.481,0.0016421079635620117,2.579763270017942
8.481,0.0016407966613769531,2.579763270017942
8.481,0.001641988754272461,2.579763270017942
8.481,0.0016412734985351562,2.579763270017942
8.481,0.0016416311264038086,2.477194753261373
8.481,0.0016418695449829102,2.477194753261373
8.481,0.0016416311264038086,2.477194753261373
8.481,0.0016411542892456055,2.477194753261373
8.481,0.0016405582427978516,2.477194753261373
8.481,0.001640915870666504,2.477194753261373
8.482,0.0016425848007202148,2.449826864932616
8.482,0.0016411542892456055,2.449826864932616
8.482,0.001641988754272461,2.449826864932616
8.482,0.0016412734985351562,2.449826864932616
8.482,0.0016415119171142578,2.449826864932616
8.484,0.0016417503356933594,2.3041444453186406
8.484,0.001641988754272461,2.3041444453186406
8.484,0.0016407966613769531,2.3041444453186406
8.484,0.001641392707824707,2.3041444453186406
8.484,0.0016406774520874023,2.3041444453186406
8.484,0.0016415119171142578,2.4189335254429714
8.484,0.0016410350799560547,2.4189335254429714
8.484,0.0016402006149291992,2.4189335254429714
8.484,0.0016412734985351562,2.4189335254429714
8.484,0.0016417503356933594,2.4189335254429714
8.482,0.0016396045684814453,2.2586347726214404
8.482,0.0016406774520874023,2.2586347726214404
8.482,0.0016415119171142578,2.2586347726214404
8.482,0.0016418695449829102,2.2586347726214404
8.482,0.0016404390335083008,2.2586347726214404
8.482,0.001641392707824707,2.2586347726214404
8.484,0.0016410350799560547,2.3899097700276632
8.484,0.0016417503356933594,2.3899097700276632
8.484,0.0016406774520874023,2.3899097700276632
8.484,0.0016407966613769531,2.3899097700276632
8.484,0.001641392707824707,2.3168960767640385
8.484,0.0016405582427978516,2.3168960767640385
8.484,0.0016405582427978516,2.3168960767640385
8.484,0.001642465591430664,2.3168960767640385
8.484,0.0016416311264038086,2.3168960767640385
8.484,0.0016393661499023438,2.2553933296642903
8.484,0.0016422271728515625,2.2553933296642903
8.484,0.0016406774520874023,2.2553933296642903
8.484,0.0016427040100097656,2.2553933296642903
8.484,0.0016412734985351562,2.2553933296642903
8.484,0.0016428232192993164,2.2553933296642903
8.486,0.001641392707824707,2.1489472311587363
8.486,0.0016433000564575195,2.1489472311587363
8.486,0.0016418695449829102,2.1489472311587363
8.486,0.001641392707824707,2.1489472311587363
8.486,0.0016418695449829102,2.1489472311587363
8.484,0.0016394853591918945,1.8258900137459702
8.484,0.0016410350799560547,1.8258900137459702
8.484,0.0016407966613769531,1.8258900137459702
8.484,0.001642465591430664,1.8258900137459702
8.484,0.0016404390335083008,1.8258900137459702
8.487,0.0016422271728515625,1.7907411174231591
8.487,0.0016415119171142578,1.7907411174231591
8.487,0.0016417503356933594,1.7907411174231591
8.487,0.0016412734985351562,1.7907411174231591
8.487,0.001641988754272461,1.7907411174231591
8.487,0.001641392707824707,1.7907411174231591
8.489,0.0016422271728515625,1.757026749397265
8.489,0.0016417503356933594,1.757026749397265
8.489,0.001641988754272461,1.757026749397265
8.489,0.0016415119171142578,1.757026749397265
8.489,0.0016423463821411133,1.757026749397265
8.49,0.0016423463821411133,1.804367131352791
8.49,0.0016406774520874023,1.804367131352791
8.49,0.0016417503356933594,1.804367131352791
8.49,0.0016410350799560547,1.804367131352791
8.49,0.0016418695449829102,1.804367131352791
8.49,0.0016410350799560547,1.804367131352791
8.492,0.0016416311264038086,1.7188799445671894
8.492,0.0016423463821411133,1.7188799445671894
8.492,0.0016421079635620117,1.7188799445671894
8.492,0.0016429424285888672,1.7188799445671894
8.492,0.0016425848007202148,1.7188799445671894
8.492,0.001641988754272461,1.7188799445671894
8.494,0.0016423463821411133,1.83004070991033
8.494,0.0016423463821411133,1.83004070991033
8.494,0.0016412734985351562,1.83004070991033
8.494,0.0016417503356933594,1.83004070991033
8.494,0.0016417503356933594,1.83004070991033
8.496,0.0016412734985351562,1.7653687614776081
8.496,0.001641392707824707,1.7653687614776081
8.496,0.0016425848007202148,1.7653687614776081
8.496,0.001641392707824707,1.7653687614776081
8.496,0.0016417503356933594,1.7653687614776081
8.496,0.0016416311264038086,1.7653687614776081
8.497,0.0016427040100097656,1.618831195315998
8.497,0.0016427040100097656,1.618831195315998
8.497,0.0016410350799560547,1.618831195315998
8.497,0.0016433000564575195,1.618831195315998
8.497,0.0016418695449829102,1.618831195315998
8.497,0.0016422271728515625,1.618831195315998
8.5,0.0016418695449829102,1.33641466087466
8.5,0.0016418695449829102,1.33641466087466
8.5,0.0016425848007202148,1.33641466087466
8.5,0.0016431808471679688,1.33641466087466
8.5,0.0016436576843261719,1.33641466087466
8.5,0.001641392707824707,1.5705118033942729
8.5,0.001642465591430664,1.5705118033942729
8.5,0.001641988754272461,1.5705118033942729
8.5,0.0016421079635620117,1.5705118033942729
8.5,0.001641988754272461,1.5705118033942729
8.5,0.001641392707824707,1.5705118033942729
8.503,0.0016412734985351562,1.4960220970057074
8.503,0.0016429424285888672,1.4960220970057074
8.503,0.0016425848007202148,1.4960220970057074
8.503,0.0016438961029052734,1.4960220970057074
8.503,0.0016429424285888672,1.4960220970057074
8.503,0.001641988754272461,1.4960220970057074
8.502,0.0016425848007202148,1.314749216201683
8.502,0.0016422271728515625,1.314749216201683
8.502,0.001643061637878418,1.314749216201683
8.502,0.0016417503356933594,1.314749216201683
8.502,0.001642465591430664,1.314749216201683
8.502,0.0016421079635620117,1.314749216201683
8.501,0.0016429424285888672,1.4612627645935279
8.501,0.0016416311264038086,1.4612627645935279
8.501,0.0016431808471679688,1.4612627645935279
8.501,0.0016433000564575195,1.4612627645935279
8.501,0.001643061637878418,1.4612627645935279
8.501,0.0016422271728515625,1.4612627645935279
8.498,0.0016417503356933594,1.2945521273910847
8.498,0.001643061637878418,1.2945521273910847
8.498,0.0016423463821411133,1.2945521273910847
8.498,0.001642465591430664,1.2945521273910847
8.498,0.001641988754272461,1.2945521273910847
8.498,0.0016431808471679688,1.2945521273910847
8.501,0.0016423463821411133,1.0684886626050625
8.501,0.0016418695449829102,1.0684886626050625
8.501,0.0016423463821411133,1.0684886626050625
8.501,0.0016421079635620117,1.0684886626050625
8.501,0.001642465591430664,1.0684886626050625
8.501,0.0016421079635620117,1.0684886626050625
8.502,0.0016418695449829102,1.172425378446502
8.502,0.001643061637878418,1.172425378446502
8.502,0.0016418695449829102,1.172425378446502
8.502,0.001642465591430664,1.172425378446502
8.502,0.0016429424285888672,1.172425378446502
8.502,0.001643061637878418,1.172425378446502
8.503,0.001643061637878418,1.2419763894477471
8.503,0.0016422271728515625,1.2419763894477471
8.503,0.0016421079635620117,1.2419763894477471
8.503,0.0016417503356933594,1.2419763894477471
8.503,0.0016425848007202148,1.2419763894477471
8.503,0.0016416311264038086,1.2419763894477471
8.503,0.0016421079635620117,1.2419763894477471
8.505,0.0016421079635620117,1.071542042030607
8.505,0.0016436576843261719,1.071542042030607
8.505,0.0016431808471679688,1.071542042030607
8.505,0.0016433000564575195,1.071542042030607
8.505,0.0016418695449829102,1.071542042030607
8.505,0.0016423463821411133,1.071542042030607
8.505,0.0016416311264038086,0.8698350804751618
8.505,0.0016436576843261719,0.8698350804751618
8.505,0.0016423463821411133,0.8698350804751618
8.505,0.001642465591430664,0.8698350804751618
8.505,0.0016429424285888672,0.8698350804751618
8.505,0.0016429424285888672,0.8698350804751618
8.507,0.0016436576843261719,0.9718061703425449
8.507,0.001641392707824707,0.9718061703425449
8.507,0.0016422271728515625,0.9718061703425449
8.507,0.0016429424285888672,0.9718061703425449
8.507,0.0016422271728515625,0.9718061703425449
8.507,0.0016416311264038086,0.9718061703425449
8.508,0.0016438961029052734,1.0949755409613735
8.508,0.0016416311264038086,1.0949755409613735
8.508,0.001641988754272461,1.0949755409613735
8.508,0.001642465591430664,1.0949755409613735
8.508,0.0016423463821411133,1.0949755409613735
8.508,0.001643061637878418,1.0949755409613735
8.509,0.0016418695449829102,0.9234164271592222
8.509,0.0016431808471679688,0.9234164271592222
8.509,0.0016428232192993164,0.9234164271592222
8.509,0.001643061637878418,0.9234164271592222
8.509,0.0016428232192993164,0.9234164271592222
8.511,0.0016434192657470703,0.7733018403790175
8.511,0.0016428232192993164,0.7733018403790175
8.511,0.0016423463821411133,0.7733018403790175
8.511,0.0016429424285888672,0.7733018403790175
8.511,0.001642465591430664,0.7733018403790175
8.511,0.0016427040100097656,0.8264260713122709
8.511,0.001643538475036621,0.8264260713122709
8.511,0.0016422271728515625,0.8264260713122709
8.511,0.0016429424285888672,0.8264260713122709
8.511,0.0016429424285888672,0.8264260713122709
8.511,0.001643061637878418,0.8264260713122709
8.51,0.0016421079635620117,0.7492374595142013
8.51,0.0016416311264038086,0.7492374595142013
8.51,0.001640915870666504,0.7492374595142013
8.51,0.0016418695449829102,0.7492374595142013
8.507,0.001643538475036621,0.6255865555924855
8.507,0.0016442537307739258,0.6255865555924855
8.507,0.0016425848007202148,0.6255865555924855
8.507,0.0016428232192993164,0.6255865555924855
8.507,0.0016418695449829102,0.6255865555924855
8.509,0.0016436576843261719,0.5030739178325567
8.509,0.0016427040100097656,0.5030739178325567
8.509,0.0016434192657470703,0.5030739178325567
8.509,0.0016423463821411133,0.5030739178325567
8.509,0.0016440153121948242,0.5030739178325567
8.509,0.0016429424285888672,0.5030739178325567
8.512,0.0016433000564575195,0.6784364621699792
8.512,0.001643061637878418,0.6784364621699792
8.512,0.0016433000564575195,0.6784364621699792
8.512,0.0016433000564575195,0.6784364621699792
8.512,0.0016442537307739258,0.6784364621699792
8.516,0.001644134521484375,0.5472735394175294
8.516,0.0016446113586425781,0.5472735394175294
8.516,0.0016434192657470703,0.5472735394175294
8.516,0.001643538475036621,0.5472735394175294
8.516,0.0016418695449829102,0.5472735394175294
8.516,0.0016436576843261719,0.5472735394175294
8.519,0.001641988754272461,0.48403147687515036
8.519,0.0016436576843261719,0.48403147687515036
8.519,0.0016433000564575195,0.48403147687515036
8.519,0.0016440153121948242,0.48403147687515036
8.519,0.0016444921493530273,0.48403147687515036
8.519,0.001642465591430664,0.48403147687515036
8.521,0.0016440153121948242,0.44503118955655996
8.521,0.0016429424285888672,0.44503118955655996
8.521,0.0016431808471679688,0.44503118955655996
8.521,0.0016442537307739258,0.44503118955655996
8.521,0.0016438961029052734,0.44503118955655996
8.521,0.0016431808471679688,0.44503118955655996
8.519,0.0016436576843261719,0.5431515113413798
8.519,0.0016446113586425781,0.5431515113413798
8.519,0.0016454458236694336,0.5431515113413798
8.519,0.0016438961029052734,0.5431515113413798
8.519,0.001643538475036621,0.5431515113413798
8.519,0.0016443729400634766,0.5431515113413798
8.52,0.0016421079635620117,0.41291238534717634
8.52,0.0016427040100097656,0.41291238534717634
8.52,0.0016429424285888672,0.41291238534717634
8.52,0.0016416311264038086,0.41291238534717634
8.52,0.0016428232192993164,0.41291238534717634
8.523,0.001644730567932129,0.2472587333963565
8.523,0.0016446113586425781,0.2472587333963565
8.523,0.0016440153121948242,0.2472587333963565
8.523,0.0016443729400634766,0.2472587333963565
8.523,0.0016442537307739258,0.2472587333963565
8.523,0.0016428232192993164,0.2472587333963565
8.522,0.0016438961029052734,0.31853691602477685
8.522,0.0016446113586425781,0.31853691602477685
8.522,0.0016442537307739258,0.31853691602477685
8.522,0.0016450881958007812,0.31853691602477685
8.522,0.0016434192657470703,0.31853691602477685
8.522,0.0016446113586425781,0.31853691602477685
8.523,0.001644134521484375,0.12602726716544677
8.523,0.0016459226608276367,0.12602726716544677
8.523,0.001644730567932129,0.12602726716544677
8.523,0.0016433000564575195,0.12602726716544677
8.523,0.0016450881958007812,0.12602726716544677
8.523,0.0016444921493530273,0.12602726716544677
8.526,0.001644134521484375,0.24876716903865104
8.526,0.001643061637878418,0.24876716903865104
8.526,0.001644730567932129,0.24876716903865104
8.526,0.0016443729400634766,0.24876716903865104
8.526,0.0016442537307739258,0.24876716903865104
8.526,0.0016440153121948242,0.24876716903865104
8.525,0.001644134521484375,0.18069711469624483
8.525,0.0016440153121948242,0.18069711469624483
8.525,0.0016438961029052734,0.18069711469624483
8.525,0.0016442537307739258,0.18069711469624483
8.525,0.0016440153121948242,0.18069711469624483
8.525,0.0016436576843261719,0.18069711469624483
8.337,0.0016057491302490234,0.16427399689644284
8.337,0.0016052722930908203,0.16427399689644284
8.337,0.0016033649444580078,0.16427399689644284
8.337,0.0016429424285888672,0.16427399689644284
8.337,0.001609206199645996,0.16427399689644284
8.337,0.0016018152236938477,0.16427399689644284
8.359,0.001604914665222168,0.04772600869430432
8.359,0.0016071796417236328,0.04772600869430432
8.359,0.001605987548828125,0.04772600869430432
8.359,0.0016047954559326172,0.04772600869430432
8.359,0.0016050338745117188,0.04772600869430432
8.359,0.0016062259674072266,0.04772600869430432
8.362,0.001605987548828125,-0.006429116100029386
8.362,0.0016067028045654297,-0.006429116100029386
8.362,0.001605987548828125,-0.006429116100029386
8.362,0.0016057491302490234,-0.006429116100029386
8.362,0.0016046762466430664,-0.006429116100029386
8.362,0.0016067028045654297,-0.006429116100029386
8.183,0.0015637874603271484,-0.009219127855372822
8.183,0.0015643835067749023,-0.009219127855372822
8.183,0.0015633106231689453,-0.009219127855372822
8.183,0.001606583595275879,-0.009219127855372822
8.183,0.0016051530838012695,-0.009219127855372822
8.183,0.0015603303909301758,-0.009219127855372822
8.201,0.0015660524368286133,0.10493029933776077
8.201,0.0015647411346435547,0.10493029933776077
8.201,0.0015666484832763672,0.10493029933776077
8.201,0.001566171646118164,0.10493029933776077
8.201,0.0015647411346435547,0.10493029933776077
8.201,0.0015660524368286133,0.10493029933776077
8.201,0.0015642642974853516,0.10493029933776077
8.203,0.0015670061111450195,0.057352702265528244
8.203,0.0015652179718017578,0.057352702265528244
8.203,0.001566171646118164,0.057352702265528244
8.203,0.001566171646118164,0.057352702265528244
8.203,0.0015654563903808594,0.057352702265528244
8.203,0.001566767692565918,0.057352702265528244
8.204,0.0015255212783813477,0.24536193790212124
8.204,0.0015268325805664062,0.24536193790212124
8.204,0.0015244483947753906,0.24536193790212124
8.204,0.0015666484832763672,0.24536193790212124
8.204,0.001521468162536621,0.24536193790212124
8.204,0.0015244483947753906,0.24536193790212124
8.042,0.0015267133712768555,0.4500172358953929
8.042,0.0015261173248291016,0.4500172358953929
8.042,0.001526474952697754,0.4500172358953929
8.042,0.001528024673461914,0.4500172358953929
8.042,0.0015273094177246094,0.4500172358953929
8.042,0.0015279054641723633,0.4500172358953929
8.045,0.0015287399291992188,0.5798755980406016
8.045,0.001528620719909668,0.5798755980406016
8.045,0.0015282630920410156,0.5798755980406016
8.045,0.001528024673461914,0.5798755980406016
8.045,0.0015274286270141602,0.5798755980406016
8.045,0.001528024673461914,0.5798755980406016
7.934,0.0015268325805664062,0.6645410812459289
7.934,0.0014863014221191406,0.6645410812459289
7.934,0.0014895200729370117,0.6645410812459289
7.934,0.0014895200729370117,0.6645410812459289
7.934,0.0014891624450683594,0.6645410812459289
7.887,0.0014910697937011719,0.7812912166217802
7.887,0.0014923810958862305,0.7812912166217802
7.887,0.0014927387237548828,0.7812912166217802
7.887,0.001492142677307129,0.7812912166217802
7.895,0.0014925003051757812,1.1002181113317249
7.895,0.0014922618865966797,1.1002181113317249
7.895,0.0014927387237548828,1.1002181113317249
7.895,0.0014925003051757812,1.1002181113317249
7.895,0.0014933347702026367,1.1002181113317249
7.895,0.0014934539794921875,1.1002181113317249
7.896,0.0014547109603881836,1.3938065650238816
7.896,0.0014507770538330078,1.3938065650238816
7.896,0.0014917850494384766,1.3938065650238816
7.896,0.0014452934265136719,1.3938065650238816
7.74,0.0014545917510986328,1.468635826057002
7.74,0.0014556646347045898,1.468635826057002
7.74,0.001455068588256836,1.468635826057002
7.74,0.0014560222625732422,1.468635826057002
7.74,0.001455545425415039,1.468635826057002
7.744,0.001455068588256836,1.64580515126283
7.592,0.0014206171035766602,1.9981369767793347
7.592,0.001417994499206543,1.9981369767793347
7.593,0.001420736312866211,2.3790253019808714
7.464,0.0013900995254516602,2.919350864647184
7.464,0.0013915300369262695,2.919350864647184
7.464,0.0013918876647949219,3.1646483670425667
7.464,0.0013523101806640625,3.1646483670425667
7.464,0.0013545751571655273,3.1646483670425667
7.309,0.0013573169708251953,3.3769807894411876
7.309,0.0013570785522460938,3.3769807894411876
7.309,0.0013557672500610352,3.3769807894411876
7.309,0.001356363296508789,3.3769807894411876
7.316,0.0013581514358520508,3.4167983932363444
7.316,0.0013567209243774414,3.4167983932363444
7.316,0.0013576745986938477,3.4167983932363444
7.316,0.001357436180114746,3.4167983932363444
7.316,0.001357436180114746,3.4167983932363444
7.164,0.0013575553894042969,3.8554673346356676
7.164,0.001357436180114746,3.8554673346356676
7.164,0.0013161897659301758,3.8554673346356676
7.164,0.0013208389282226562,3.8554673346356676
7.164,0.0013207197189331055,3.8554673346356676
7.164,0.0013221502304077148,3.8554673346356676
7.163,0.0013239383697509766,3.8542768266953535
7.163,0.0013241767883300781,3.8542768266953535
7.163,0.0013221502304077148,3.8542768266953535
7.163,0.001324295997619629,3.8542768266953535
7.163,0.0013233423233032227,3.8542768266953535
7.163,0.0013239383697509766,3.8542768266953535
7.172,0.0013250112533569336,4.099253613076454
7.172,0.0013244152069091797,4.099253613076454
7.172,0.0013257265090942383,4.099253613076454
7.172,0.0013248920440673828,4.099253613076454
7.172,0.0013244152069091797,4.099253613076454
7.172,0.0013250112533569336,4.099253613076454
7.178,0.0013241767883300781,4.1940126619794045
7.178,0.0013250112533569336,4.1940126619794045
7.178,0.001285552978515625,4.1940126619794045
7.178,0.0012879371643066406,4.1940126619794045
7.178,0.0012891292572021484,4.1940126619794045
7.178,0.0012894868850708008,4.1940126619794045
7.042,0.0012913942337036133,4.531770480876181
7.042,0.0012913942337036133,4.531770480876181
7.042,0.0012928247451782227,4.531770480876181
7.042,0.0012911558151245117,4.531770480876181
7.042,0.0012912750244140625,4.531770480876181
7.042,0.001290440559387207,4.531770480876181
7.04,0.0012923479080200195,4.560789672045191
7.04,0.0012917518615722656,4.560789672045191
7.04,0.0012919902801513672,4.560789672045191
7.04,0.0012909173965454102,4.560789672045191
7.04,0.0012930631637573242,4.560789672045191
7.04,0.0012934207916259766,4.560789672045191
7.041,0.0012583732604980469,4.851994621234385
7.041,0.001259446144104004,4.851994621234385
7.041,0.0012584924697875977,4.851994621234385
7.041,0.0012930631637573242,4.851994621234385
7.041,0.0012935400009155273,4.851994621234385
7.041,0.001292586326599121,4.851994621234385
7.041,0.0012564659118652344,4.851994621234385
6.902,0.001260519027709961,4.907108350460568
6.902,0.001261591911315918,4.907108350460568
6.902,0.0012617111206054688,4.907108350460568
6.902,0.001260519027709961,4.907108350460568
6.902,0.0012602806091308594,4.907108350460568
6.902,0.0012592077255249023,4.907108350460568
6.901,0.0012612342834472656,4.958113987630946
6.901,0.0012612342834472656,4.958113987630946
6.901,0.0012623071670532227,4.958113987630946
6.901,0.0012621879577636719,4.958113987630946
6.901,0.001262664794921875,4.958113987630946
6.901,0.0012623071670532227,4.958113987630946
6.838,0.001263737678527832,5.246372398790671
6.838,0.001262664794921875,5.246372398790671
6.838,0.0012278556823730469,5.246372398790671
6.838,0.0012307167053222656,5.246372398790671
6.838,0.0012319087982177734,5.246372398790671
6.838,0.001232743263244629,5.246372398790671
6.772,0.0012326240539550781,5.263389351728431
6.772,0.0012334585189819336,5.263389351728431
6.772,0.0012340545654296875,5.263389351728431
6.772,0.0012333393096923828,5.263389351728431
6.772,0.0012335777282714844,5.263389351728431
6.772,0.0012339353561401367,5.263389351728431
6.781,0.0012328624725341797,5.447821060577377
6.781,0.0012350082397460938,5.447821060577377
6.781,0.0012350082397460938,5.447821060577377
6.781,0.0012345314025878906,5.447821060577377
6.781,0.0012351274490356445,5.447821060577377
6.781,0.001235365867614746,5.447821060577377
6.782,0.0012358427047729492,5.691099948938787
6.782,0.0012360811233520508,5.691099948938787
6.782,0.0011981725692749023,5.691099948938787
6.782,0.001200556755065918,5.691099948938787
6.782,0.0012013912200927734,5.691099948938787
6.782,0.0012013912200927734,5.691099948938787
6.651,0.001204848289489746,5.829815775220279
6.651,0.0012036561965942383,5.829815775220279
6.651,0.0012040138244628906,5.829815775220279
6.651,0.0012029409408569336,5.829815775220279
6.651,0.0012034177780151367,5.829815775220279
6.651,0.0012030601501464844,5.829815775220279
6.653,0.0012038946151733398,5.7324118553196355
6.653,0.0012046098709106445,5.7324118553196355
6.653,0.0012054443359375,5.7324118553196355
6.653,0.0012061595916748047,5.7324118553196355
6.495,0.0011730194091796875,5.895265574987877
6.495,0.0011707544326782227,5.895265574987877
6.495,0.0011693239212036133,5.895265574987877
6.495,0.0012058019638061523,5.895265574987877
6.495,0.001204371452331543,5.895265574987877
6.495,0.0011646747589111328,5.895265574987877
6.525,0.0011720657348632812,6.045950539829148
6.525,0.0011729001998901367,6.045950539829148
6.525,0.0011739730834960938,6.045950539829148
6.525,0.0011739730834960938,6.045950539829148
6.525,0.0011723041534423828,6.045950539829148
6.525,0.0011734962463378906,6.045950539829148
6.524,0.001175522804260254,6.253785593293225
6.524,0.001175522804260254,6.253785593293225
6.524,0.0011745691299438477,6.253785593293225
6.524,0.001174330711364746,6.253785593293225
6.524,0.0011742115020751953,6.253785593293225
6.524,0.0011745691299438477,6.253785593293225
6.524,0.0011750459671020508,6.344460089057929
6.524,0.001175522804260254,6.344460089057929
6.524,0.001175999641418457,6.344460089057929
6.524,0.0011445283889770508,6.344460089057929
6.524,0.0011473894119262695,6.344460089057929
6.524,0.0011477470397949219,6.344460089057929
6.406,0.0011475086212158203,6.490942390604433
6.406,0.0011496543884277344,6.490942390604433
6.406,0.001149296760559082,6.490942390604433
6.406,0.001149892807006836,6.490942390604433
6.406,0.0011500120162963867,6.490942390604433
6.406,0.0011494159698486328,6.490942390604433
6.406,0.0011512041091918945,6.363099819259789
6.406,0.0011508464813232422,6.363099819259789
6.406,0.0011512041091918945,6.363099819259789
6.406,0.0011496543884277344,6.363099819259789
6.406,0.0011496543884277344,6.363099819259789
6.406,0.0011508464813232422,6.363099819259789
6.406,0.0011192560195922852,6.737562638121106
6.406,0.0011194944381713867,6.737562638121106
6.406,0.0011174678802490234,6.737562638121106
6.406,0.0011500120162963867,6.737562638121106
6.406,0.0011510848999023438,6.737562638121106
6.406,0.001149296760559082,6.737562638121106
6.279,0.0011212825775146484,6.712773917234992
6.279,0.0011200904846191406,6.712773917234992
6.279,0.0011217594146728516,6.712773917234992
6.279,0.0011217594146728516,6.712773917234992
6.279,0.0011214017868041992,6.712773917234992
6.279,0.0011212825775146484,6.712773917234992
6.285,0.001123666763305664,6.74043684940713
6.285,0.0011214017868041992,6.74043684940713
6.285,0.001122593879699707,6.74043684940713
6.285,0.0011223554611206055,6.74043684940713
6.285,0.0011214017868041992,6.74043684940713
6.285,0.0011208057403564453,6.74043684940713
6.278,0.0010896921157836914,6.8074654777328485
6.278,0.001090407371520996,6.8074654777328485
6.278,0.0010868310928344727,6.8074654777328485
6.278,0.0011235475540161133,6.8074654777328485
6.278,0.0011223554611206055,6.8074654777328485
6.278,0.0011227130889892578,6.8074654777328485
6.164,0.001090407371520996,7.1024992895717745
6.164,0.001093149185180664,7.1024992895717745
6.164,0.0010902881622314453,7.1024992895717745
6.164,0.0010923147201538086,7.1024992895717745
6.164,0.0010924339294433594,7.1024992895717745
6.164,0.0010946989059448242,7.1024992895717745
6.161,0.0010936260223388672,7.089050035849571
6.161,0.0010929107666015625,7.089050035849571
6.161,0.001092672348022461,7.089050035849571
6.161,0.001092672348022461,7.089050035849571
6.161,0.0010941028594970703,7.089050035849571
6.161,0.0010941028594970703,7.089050035849571
6.159,0.0010627508163452148,7.428862835710671
6.159,0.001062631607055664,7.428862835710671
6.159,0.0010592937469482422,7.428862835710671
6.159,0.0010941028594970703,7.428862835710671
6.159,0.0010955333709716797,7.428862835710671
6.159,0.0010945796966552734,7.428862835710671
6.034,0.0010635852813720703,7.270077319538537
6.034,0.0010651350021362305,7.270077319538537
6.034,0.0010652542114257812,7.270077319538537
6.034,0.0010638236999511719,7.270077319538537
6.034,0.001065969467163086,7.270077319538537
6.034,0.0010666847229003906,7.270077319538537
6.037,0.0010671615600585938,7.326454987961511
6.037,0.001066446304321289,7.326454987961511
6.037,0.0010669231414794922,7.326454987961511
6.037,0.0010666847229003906,7.326454987961511
6.037,0.0010668039321899414,7.326454987961511
6.037,0.0010671615600585938,7.326454987961511
6.037,0.0010665655136108398,7.326454987961511
6.039,0.00103759765625,7.451122128729432
6.039,0.0010379552841186523,7.451122128729432
6.039,0.0010421276092529297,7.451122128729432
6.039,0.001065969467163086,7.451122128729432
6.039,0.0010660886764526367,7.451122128729432
6.039,0.001034855842590332,7.451122128729432
5.923,0.0010383129119873047,7.793303420170215
5.923,0.0010379552841186523,7.793303420170215
5.923,0.0010393857955932617,7.793303420170215
5.923,0.0010391473770141602,7.793303420170215
5.923,0.0010389089584350586,7.793303420170215
5.923,0.0010396242141723633,7.793303420170215
5.924,0.0010391473770141602,7.674732536142708
5.924,0.0010395050048828125,7.674732536142708
5.924,0.0010387897491455078,7.674732536142708
5.924,0.0010417699813842773,7.674732536142708
5.924,0.0010399818420410156,7.674732536142708
5.924,0.0010406970977783203,7.674732536142708
5.927,0.0010106563568115234,7.727099987790362
5.927,0.0010123252868652344,7.727099987790362
5.927,0.0010095834732055664,7.727099987790362
5.927,0.0010393857955932617,7.727099987790362
5.927,0.0010405778884887695,7.727099987790362
5.927,0.0010409355163574219,7.727099987790362
5.806,0.0010132789611816406,7.824418130247429
5.806,0.0010124444961547852,7.824418130247429
5.806,0.001012563705444336,7.824418130247429
5.806,0.0010135173797607422,7.824418130247429
5.806,0.0010133981704711914,7.824418130247429
5.806,0.0010128021240234375,7.824418130247429
5.803,0.0010132789611816406,8.133246003586864
5.803,0.0010128021240234375,8.133246003586864
5.803,0.0010139942169189453,8.133246003586864
5.803,0.0010135173797607422,8.133246003586864
5.803,0.0010149478912353516,8.133246003586864
5.803,0.001013040542602539,8.133246003586864
5.807,0.0009882450103759766,7.879392866486185
5.807,0.0009865760803222656,7.879392866486185
5.807,0.000984787940979004,7.879392866486185
5.807,0.0010143518447875977,7.879392866486185
5.807,0.001013636589050293,7.879392866486185
5.807,0.0010148286819458008,7.879392866486185
5.691,0.0009894371032714844,8.191644479403099
5.691,0.0009868144989013672,8.191644479403099
5.691,0.0009878873825073242,8.191644479403099
5.691,0.000989675521850586,8.191644479403099
5.691,0.0009876489639282227,8.191644479403099
5.691,0.000990152359008789,8.191644479403099
5.694,0.0009893178939819336,8.282897849267034
5.694,0.000988602638244629,8.282897849267034
5.694,0.0009897947311401367,8.282897849267034
5.694,0.000990152359008789,8.282897849267034
5.694,0.0009897947311401367,8.282897849267034
5.694,0.0009897947311401367,8.282897849267034
5.697,0.0009634494781494141,8.332492248300717
5.697,0.0009642839431762695,8.332492248300717
5.697,0.0009613037109375,8.332492248300717
5.697,0.0009902715682983398,8.332492248300717
5.697,0.0009902715682983398,8.332492248300717
5.697,0.0009897947311401367,8.332492248300717
5.599,0.0009652376174926758,8.2639631194236
5.599,0.0009653568267822266,8.2639631194236
5.599,0.0009659528732299805,8.2639631194236
5.599,0.000966191291809082,8.2639631194236
5.599,0.0009670257568359375,8.2639631194236
5.599,0.0009671449661254883,8.2639631194236
5.603,0.000966191291809082,8.518141939340438
5.603,0.0009675025939941406,8.518141939340438
5.603,0.000966191291809082,8.518141939340438
5.603,0.0009679794311523438,8.518141939340438
5.603,0.000967860221862793,8.518141939340438
5.603,0.0009655952453613281,8.518141939340438
5.602,0.0009410381317138672,8.518848211361956
5.602,0.000942230224609375,8.518848211361956
5.602,0.0009351968765258789,8.518848211361956
5.602,0.0009682178497314453,8.518848211361956
5.602,0.0009673833847045898,8.518848211361956
5.602,0.0009676218032836914,8.518848211361956
5.498,0.000943303108215332,8.54523877052867
5.498,0.0009427070617675781,8.54523877052867
5.498,0.0009438991546630859,8.54523877052867
5.498,0.0009450912475585938,8.54523877052867
5.498,0.0009438991546630859,8.54523877052867
5.498,0.0009462833404541016,8.54523877052867
5.504,0.0009441375732421875,8.669343010311763
5.504,0.0009454488754272461,8.669343010311763
5.504,0.000946044921875,8.669343010311763
5.504,0.0009466409683227539,8.669343010311763
5.504,0.0009464025497436523,8.669343010311763
5.504,0.0009466409683227539,8.669343010311763
5.505,0.0009186267852783203,8.802867377666526
5.505,0.0009468793869018555,8.802867377666526
5.505,0.0009185075759887695,8.802867377666526
5.505,0.0009464025497436523,8.802867377666526
5.505,0.000946044921875,8.802867377666526
5.505,0.0009465217590332031,8.802867377666526
5.389,0.0009212493896484375,8.762193304908376
5.389,0.0009216070175170898,8.762193304908376
5.389,0.0009217262268066406,8.762193304908376
5.389,0.0009213685989379883,8.762193304908376
5.389,0.0009188652038574219,8.762193304908376
5.389,0.0009213685989379883,8.762193304908376
5.394,0.000922083854675293,8.929061879023028
5.394,0.0009210109710693359,8.929061879023028
5.394,0.0009210109710693359,8.929061879023028
5.394,0.0009225606918334961,8.929061879023028
5.394,0.0009219646453857422,8.929061879023028
5.394,0.0009226799011230469,8.929061879023028
5.395,0.0008939504623413086,8.857644002286218
5.395,0.0008949041366577148,8.857644002286218
5.395,0.0009223222732543945,8.857644002286218
5.395,0.0009222030639648438,8.857644002286218
5.395,0.0009225606918334961,8.857644002286218
5.395,0.0009226799011230469,8.857644002286218
5.283,0.0008965730667114258,8.925297918444944
5.283,0.000896453857421875,8.925297918444944
5.283,0.0008968114852905273,8.925297918444944
5.283,0.0008980035781860352,8.925297918444944
5.283,0.0008970499038696289,8.925297918444944
5.283,0.0008971691131591797,8.925297918444944
5.289,0.0008977651596069336,9.129730335742131
5.289,0.0008962154388427734,9.129730335742131
5.289,0.0008980035781860352,9.129730335742131
5.289,0.0008983612060546875,9.129730335742131
5.289,0.0008976459503173828,9.129730335742131
5.289,0.0008980035781860352,9.129730335742131
5.295,0.0008715391159057617,9.196605506319809
5.295,0.0008990764617919922,9.196605506319809
5.295,0.0008717775344848633,9.196605506319809
5.295,0.0008982419967651367,9.196605506319809
5.295,0.0008989572525024414,9.196605506319809
5.295,0.0008993148803710938,9.196605506319809
5.188,0.0008740425109863281,9.140266103473175
5.188,0.0008729696273803711,9.140266103473175
5.188,0.0008759498596191406,9.140266103473175
5.188,0.0008732080459594727,9.140266103473175
5.188,0.0008722543716430664,9.140266103473175
5.188,0.0008745193481445312,9.140266103473175
5.192,0.0008751153945922852,9.154414021010876
5.192,0.0008764266967773438,9.154414021010876
5.192,0.0008749961853027344,9.154414021010876
5.192,0.0008747577667236328,9.154414021010876
5.192,0.0008749961853027344,9.154414021010876
5.192,0.0008757114410400391,9.154414021010876
5.192,0.0008754730224609375,9.154414021010876
5.191,0.0008504390716552734,9.251351841103347
5.191,0.0008463859558105469,9.251351841103347
5.191,0.0008490085601806641,9.251351841103347
5.191,0.0008755922317504883,9.251351841103347
5.191,0.0008766651153564453,9.251351841103347
5.191,0.0008769035339355469,9.251351841103347
5.082,0.000850677490234375,9.632099768189526
5.082,0.0008512735366821289,9.632099768189526
5.082,0.0008497238159179688,9.632099768189526
5.082,0.000851750373840332,9.632099768189526
5.082,0.0008516311645507812,9.632099768189526
5.082,0.0008528232574462891,9.632099768189526
5.086,0.000853419303894043,9.545767077052336
5.086,0.0008530616760253906,9.545767077052336
5.086,0.0008519887924194336,9.545767077052336
5.086,0.0008522272109985352,9.545767077052336
5.087,0.0008542537689208984,9.481407005956978
5.087,0.0008528232574462891,9.481407005956978
5.087,0.0008533000946044922,9.481407005956978
5.087,0.0008374452590942383,9.481407005956978
5.087,0.0008269548416137695,9.481407005956978
5.087,0.0008275508880615234,9.481407005956978
4.985,0.0008281469345092773,9.768081181717324
4.985,0.0008301734924316406,9.768081181717324
4.985,0.0008294582366943359,9.768081181717324
4.985,0.0008279085159301758,9.768081181717324
4.985,0.0008275508880615234,9.768081181717324
4.985,0.000828862190246582,9.768081181717324
4.987,0.0008295774459838867,9.818375740960704
4.987,0.0008308887481689453,9.818375740960704
4.987,0.0008295774459838867,9.818375740960704
4.987,0.0008301734924316406,9.818375740960704
4.987,0.0008307695388793945,9.818375740960704
4.987,0.0008301734924316406,9.818375740960704
4.988,0.0008324384689331055,9.742777742403177
4.988,0.0008306503295898438,9.742777742403177
4.988,0.0008313655853271484,9.742777742403177
4.988,0.0008296966552734375,9.742777742403177
4.988,0.0008058547973632812,9.742777742403177
4.988,0.0008081197738647461,9.742777742403177
4.898,0.000809788703918457,9.753362500649123
4.898,0.0008103847503662109,9.753362500649123
4.898,0.0008089542388916016,9.753362500649123
4.898,0.0008094310760498047,9.753362500649123
4.898,0.0008084774017333984,9.753362500649123
4.898,0.0008089542388916016,9.753362500649123
4.895,0.0008102655410766602,9.888340250246412
4.895,0.0008102655410766602,9.888340250246412
4.895,0.0008085966110229492,9.888340250246412
4.895,0.0008101463317871094,9.888340250246412
4.895,0.0008093118667602539,9.888340250246412
4.895,0.0008088350296020508,9.888340250246412
4.891,0.0008100271224975586,9.995484144561413
4.891,0.0008107423782348633,9.995484144561413
4.891,0.0008108615875244141,9.995484144561413
4.891,0.0008094310760498047,9.995484144561413
4.891,0.0007827281951904297,9.995484144561413
4.891,0.0007860660552978516,9.995484144561413
4.803,0.0007876157760620117,9.963791750524718
4.803,0.0007884502410888672,9.963791750524718
4.803,0.0007874965667724609,9.963791750524718
4.803,0.0007859468460083008,9.963791750524718
4.803,0.0007873773574829102,9.963791750524718
4.803,0.0007863044738769531,9.963791750524718
4.801,0.0007883310317993164,10.046548581638115
4.801,0.0007873773574829102,10.046548581638115
4.801,0.000788569450378418,10.046548581638115
4.801,0.0007888078689575195,10.046548581638115
4.801,0.000788569450378418,10.046548581638115
4.801,0.0007889270782470703,10.046548581638115
4.803,0.0007889270782470703,10.128598712385086
4.803,0.0007891654968261719,10.128598712385086
4.803,0.0007889270782470703,10.128598712385086
4.803,0.0007898807525634766,10.128598712385086
4.803,0.0007622241973876953,10.128598712385086
4.803,0.0007648468017578125,10.128598712385086
4.7,0.0007679462432861328,10.294832394642258
4.7,0.0007666349411010742,10.294832394642258
4.7,0.0007658004760742188,10.294832394642258
4.7,0.0007648468017578125,10.294832394642258
4.7,0.0007649660110473633,10.294832394642258
4.7,0.0007650852203369141,10.294832394642258
4.701,0.0007671117782592773,10.260167427406671
4.701,0.0007663965225219727,10.260167427406671
4.701,0.0007680654525756836,10.260167427406671
4.701,0.0007661581039428711,10.260167427406671
4.701,0.000766754150390625,10.260167427406671
4.701,0.0007666349411010742,10.260167427406671
4.702,0.0007452964782714844,10.153844440655241
4.702,0.0007383823394775391,10.153844440655241
4.702,0.0007684230804443359,10.153844440655241
4.702,0.0007671117782592773,10.153844440655241
4.702,0.0007686614990234375,10.153844440655241
4.702,0.0007677078247070312,10.153844440655241
4.618,0.0007460117340087891,10.355660692589542
4.618,0.0007461309432983398,10.355660692589542
4.618,0.0007460117340087891,10.355660692589542
4.618,0.0007456541061401367,10.355660692589542
4.618,0.0007455348968505859,10.355660692589542
4.618,0.0007469654083251953,10.355660692589542
4.62,0.0007477998733520508,10.358106229915634
4.62,0.0007468461990356445,10.358106229915634
4.62,0.0007470846176147461,10.358106229915634
4.62,0.0007461309432983398,10.358106229915634
4.62,0.0007488727569580078,10.358106229915634
4.62,0.0007463693618774414,10.358106229915634
4.617,0.0007261037826538086,10.535551790319587
4.617,0.0007480382919311523,10.535551790319587
4.617,0.0007474422454833984,10.535551790319587
4.617,0.0007474422454833984,10.535551790319587
4.617,0.0007485151290893555,10.535551790319587
4.617,0.0007481575012207031,10.535551790319587
4.532,0.0007272958755493164,10.444672260950805
4.532,0.000727534294128418,10.444672260950805
4.532,0.0007268190383911133,10.444672260950805
4.532,0.0007259845733642578,10.444672260950805
4.532,0.000725865364074707,10.444672260950805
4.532,0.0007261037826538086,10.444672260950805
4.529,0.0007265806198120117,10.697276994862037
4.529,0.0007265806198120117,10.697276994862037
4.529,0.0007287263870239258,10.697276994862037
4.529,0.0007278919219970703,10.697276994862037
4.529,0.0007269382476806641,10.697276994862037
4.529,0.0007274150848388672,10.697276994862037
4.531,0.0007278919219970703,10.668234168020682
4.531,0.0007280111312866211,10.668234168020682
4.531,0.0007278919219970703,10.668234168020682
4.531,0.0007280111312866211,10.668234168020682
4.531,0.0007283687591552734,10.668234168020682
4.531,0.0007047653198242188,10.668234168020682
4.427,0.0007073879241943359,10.607888791457125
4.427,0.00070953369140625,10.607888791457125
4.427,0.0007083415985107422,10.607888791457125
4.427,0.0007079839706420898,10.607888791457125
4.427,0.0007070302963256836,10.607888791457125
4.427,0.0007055997848510742,10.607888791457125
4.437,0.0007101297378540039,10.812959576065241
4.437,0.0007094144821166992,10.812959576065241
4.437,0.0007088184356689453,10.812959576065241
4.437,0.0007091760635375977,10.812959576065241
4.437,0.0007088184356689453,10.812959576065241
4.437,0.0007078647613525391,10.812959576065241
4.437,0.0007085800170898438,10.812959576065241
4.44,0.0007091760635375977,10.85906337981044
4.44,0.0007100105285644531,10.85906337981044
4.44,0.0007108449935913086,10.85906337981044
4.44,0.0007115602493286133,10.85906337981044
4.44,0.0006848573684692383,10.85906337981044
4.44,0.0006865262985229492,10.85906337981044
4.353,0.0006890296936035156,10.900838231571404
4.353,0.0006896257400512695,10.900838231571404
4.353,0.0006883144378662109,10.900838231571404
4.353,0.0006874799728393555,10.900838231571404
4.353,0.0006880760192871094,10.900838231571404
4.353,0.0006891489028930664,10.900838231571404
4.354,0.0006892681121826172,10.881103503186232
4.354,0.0006889104843139648,10.881103503186232
4.354,0.0006892681121826172,10.881103503186232
4.354,0.0006908178329467773,10.881103503186232
4.354,0.0006897449493408203,10.881103503186232
4.354,0.000689387321472168,10.881103503186232
4.353,0.0006667375564575195,11.030259682433215
4.353,0.0006887912750244141,11.030259682433215
4.353,0.0006892681121826172,11.030259682433215
4.353,0.0006886720657348633,11.030259682433215
4.353,0.0006895065307617188,11.030259682433215
4.353,0.0006684064865112305,11.030259682433215
4.275,0.0006692409515380859,10.956963717957631
4.275,0.0006709098815917969,10.956963717957631
4.275,0.0006717443466186523,10.956963717957631
4.275,0.0006710290908813477,10.956963717957631
4.275,0.0006705522537231445,10.956963717957631
4.275,0.0006705522537231445,10.956963717957631
4.273,0.00067138671875,11.108422842020495
4.273,0.0006710290908813477,11.108422842020495
4.273,0.0006725788116455078,11.108422842020495
4.273,0.0006715059280395508,11.108422842020495
4.273,0.0006717443466186523,11.108422842020495
4.273,0.0006715059280395508,11.108422842020495
4.274,0.0006524324417114258,11.216261859696097
4.274,0.0006526708602905273,11.216261859696097
4.274,0.0006721019744873047,11.216261859696097
4.274,0.0006711483001708984,11.216261859696097
4.274,0.0006718635559082031,11.216261859696097
4.274,0.0006731748580932617,11.216261859696097
4.27,0.0006532669067382812,11.269625912287283
4.27,0.000655055046081543,11.269625912287283
4.27,0.0006541013717651367,11.269625912287283
4.27,0.0006536245346069336,11.269625912287283
4.27,0.0006530284881591797,11.269625912287283
4.27,0.0006536245346069336,11.269625912287283
4.196,0.0006544589996337891,11.340490718453907
4.196,0.0006555318832397461,11.340490718453907
4.196,0.0006548166275024414,11.340490718453907
4.196,0.0006562471389770508,11.340490718453907
4.196,0.0006558895111083984,11.340490718453907
4.196,0.0006552934646606445,11.340490718453907
4.199,0.0006546974182128906,11.3114962626075
4.199,0.0006557703018188477,11.3114962626075
4.199,0.0006554126739501953,11.3114962626075
4.199,0.000655055046081543,11.3114962626075
4.201,0.0006561279296875,11.452848047400995
4.201,0.0006555318832397461,11.452848047400995
4.201,0.0006583929061889648,11.452848047400995
4.201,0.0006570816040039062,11.452848047400995
4.201,0.0006563663482666016,11.452848047400995
4.201,0.0006563663482666016,11.452848047400995
4.201,0.0006555318832397461,11.486750719575983
4.201,0.0006568431854248047,11.486750719575983
4.201,0.0006558895111083984,11.486750719575983
4.201,0.000657200813293457,11.486750719575983
4.201,0.0006561279296875,11.486750719575983
4.201,0.0006567239761352539,11.486750719575983
4.202,0.0006570816040039062,11.584177510264075
4.202,0.0006582736968994141,11.584177510264075
4.202,0.0006579160690307617,11.584177510264075
4.202,0.0006564855575561523,11.584177510264075
4.202,0.0006577968597412109,11.584177510264075
4.202,0.0006570816040039062,11.584177510264075
4.203,0.0006576776504516602,11.456421588870437
4.203,0.0006591081619262695,11.456421588870437
4.203,0.0006589889526367188,11.456421588870437
4.203,0.0006579160690307617,11.456421588870437
4.203,0.000657200813293457,11.456421588870437
4.203,0.0006589889526367188,11.456421588870437
4.205,0.0006582736968994141,11.29820802127282
4.205,0.0006586313247680664,11.29820802127282
4.205,0.0006594657897949219,11.29820802127282
4.205,0.0006585121154785156,11.29820802127282
4.205,0.0006598234176635742,11.29820802127282
4.205,0.0006593465805053711,11.29820802127282
4.205,0.0006598234176635742,11.378705451924475
4.205,0.0006587505340576172,11.378705451924475
4.205,0.0006586313247680664,11.378705451924475
4.205,0.0006583929061889648,11.378705451924475
4.205,0.0006583929061889648,11.378705451924475
4.205,0.0006595849990844727,11.378705451924475
4.207,0.0006604194641113281,11.01436010909254
4.207,0.0006606578826904297,11.01436010909254
4.207,0.0006600618362426758,11.01436010909254
4.207,0.0006595849990844727,11.01436010909254
4.207,0.0006598234176635742,11.01436010909254
4.207,0.0006581544876098633,11.01436010909254
4.207,0.0006607770919799805,10.963010221847547
4.207,0.0006592273712158203,10.963010221847547
4.207,0.0006594657897949219,10.963010221847547
4.207,0.0006620883941650391,10.963010221847547
4.207,0.0006605386734008789,10.963010221847547
4.207,0.0006600618362426758,10.963010221847547
4.207,0.0006612539291381836,10.77577168434079
4.207,0.0006607770919799805,10.77577168434079
4.207,0.000659942626953125,10.77577168434079
4.207,0.0006607770919799805,10.77577168434079
4.207,0.0006605386734008789,10.77577168434079
4.207,0.0006603002548217773,10.77577168434079
4.208,0.0006606578826904297,10.558080227529002
4.208,0.0006601810455322266,10.558080227529002
4.208,0.0006618499755859375,10.558080227529002
4.208,0.0006606578826904297,10.558080227529002
4.208,0.0006616115570068359,10.558080227529002
4.208,0.0006603002548217773,10.558080227529002
4.209,0.0006624460220336914,10.539598937874798
4.209,0.0006624460220336914,10.539598937874798
4.209,0.0006605386734008789,10.539598937874798
4.209,0.0006618499755859375,10.539598937874798
4.209,0.0006633996963500977,10.539598937874798
4.209,0.0006622076034545898,10.539598937874798
4.211,0.0006613731384277344,10.217755278917481
4.211,0.0006613731384277344,10.217755278917481
4.211,0.0006618499755859375,10.217755278917481
4.211,0.000662684440612793,10.217755278917481
4.211,0.0006601810455322266,10.217755278917481
4.211,0.0006611347198486328,10.217755278917481
4.213,0.0006613731384277344,10.100322231531166
4.213,0.0006638765335083008,10.100322231531166
4.213,0.0006625652313232422,10.100322231531166
4.213,0.0006625652313232422,10.100322231531166
4.213,0.0006629228591918945,10.100322231531166
4.213,0.0006611347198486328,10.100322231531166
4.214,0.0006630420684814453,9.980212486153814
4.214,0.0006632804870605469,9.980212486153814
4.214,0.0006628036499023438,9.980212486153814
4.214,0.0006629228591918945,9.980212486153814
4.214,0.0006630420684814453,9.980212486153814
4.214,0.0006623268127441406,9.980212486153814
4.215,0.0006647109985351562,9.506185428169301
4.215,0.0006633996963500977,9.506185428169301
4.215,0.0006632804870605469,9.506185428169301
4.215,0.0006636381149291992,9.506185428169301
4.215,0.0006635189056396484,9.506185428169301
4.215,0.0006628036499023438,9.506185428169301
4.215,0.0006638765335083008,9.281006913348502
4.215,0.0006635189056396484,9.281006913348502
4.215,0.0006643533706665039,9.281006913348502
4.215,0.000662684440612793,9.281006913348502
4.215,0.00066375732421875,9.281006913348502
4.215,0.00066375732421875,9.281006913348502
4.215,0.0006629228591918945,9.312982694069621
4.215,0.0006633996963500977,9.312982694069621
4.215,0.0006657838821411133,9.312982694069621
4.215,0.0006645917892456055,9.312982694069621
4.215,0.00066375732421875,9.312982694069621
4.215,0.0006631612777709961,9.312982694069621
4.215,0.0006644725799560547,9.312982694069621
4.218,0.0006649494171142578,8.967576702911243
4.218,0.0006653070449829102,8.967576702911243
4.218,0.0006641149520874023,8.967576702911243
4.218,0.0006645917892456055,8.967576702911243
4.218,0.0006638765335083008,8.967576702911243
4.218,0.0006635189056396484,8.967576702911243
4.219,0.000664830207824707,8.787097735316912
4.219,0.0006639957427978516,8.787097735316912
4.219,0.0006647109985351562,8.787097735316912
4.219,0.0006654262542724609,8.787097735316912
4.219,0.0006633996963500977,8.787097735316912
4.219,0.0006642341613769531,8.787097735316912
4.219,0.0006647109985351562,8.606648184367948
4.219,0.0006649494171142578,8.606648184367948
4.219,0.0006638765335083008,8.606648184367948
4.219,0.0006643533706665039,8.606648184367948
4.219,0.0006650686264038086,8.606648184367948
4.219,0.0006638765335083008,8.606648184367948
4.217,0.000664830207824707,8.46239839447917
4.217,0.0006642341613769531,8.46239839447917
4.217,0.0006633996963500977,8.46239839447917
4.217,0.0006636381149291992,8.46239839447917
4.217,0.0006655454635620117,8.46239839447917
4.217,0.0006660223007202148,8.46239839447917
4.22,0.0006636381149291992,8.29124507012638
4.22,0.0006650686264038086,8.29124507012638
4.22,0.0006635189056396484,8.29124507012638
4.22,0.0006644725799560547,8.29124507012638
4.22,0.0006653070449829102,8.29124507012638
4.22,0.0006643533706665039,8.29124507012638
4.218,0.0006657838821411133,8.127379075739109
4.218,0.0006651878356933594,8.127379075739109
4.218,0.0006643533706665039,8.127379075739109
4.218,0.0006650686264038086,8.127379075739109
4.218,0.0006642341613769531,8.127379075739109
4.218,0.0006635189056396484,8.127379075739109
4.221,0.0006641149520874023,8.007077447396494
4.221,0.0006649494171142578,8.007077447396494
4.221,0.00066375732421875,8.007077447396494
4.221,0.000664830207824707,8.007077447396494
4.221,0.0006643533706665039,8.007077447396494
4.221,0.0006644725799560547,8.007077447396494
4.221,0.000664830207824707,7.460463159321944
4.221,0.000664830207824707,7.460463159321944
4.221,0.0006638765335083008,7.460463159321944
4.221,0.0006650686264038086,7.460463159321944
4.221,0.0006657838821411133,7.460463159321944
4.221,0.000664830207824707,7.460463159321944
4.219,0.0006654262542724609,7.573121078278237
4.219,0.0006645917892456055,7.573121078278237
4.219,0.0006644725799560547,7.573121078278237
4.219,0.0006649494171142578,7.573121078278237
4.219,0.0006660223007202148,7.573121078278237
4.219,0.0006650686264038086,7.573121078278237
4.224,0.0006666183471679688,7.281672142758096
4.224,0.0006651878356933594,7.281672142758096
4.224,0.0006650686264038086,7.281672142758096
4.224,0.000664830207824707,7.281672142758096
4.224,0.000664830207824707,7.281672142758096
4.227,0.00066375732421875,7.431890541088462
4.227,0.0006642341613769531,7.431890541088462
4.227,0.000664830207824707,7.431890541088462
4.227,0.0006651878356933594,7.431890541088462
4.227,0.000664830207824707,7.431890541088462
4.227,0.0006649494171142578,6.960718793535337
4.227,0.0006633996963500977,6.960718793535337
4.23,0.0006654262542724609,7.021501143700642
4.23,0.0006650686264038086,7.021501143700642
4.23,0.00066375732421875,7.021501143700642
4.23,0.0006654262542724609,7.021501143700642
4.23,0.0006641149520874023,7.021501143700642
4.228,0.0006656646728515625,6.691742703110554
4.228,0.0006639957427978516,6.691742703110554
4.228,0.0006653070449829102,6.691742703110554
4.228,0.0006647109985351562,6.691742703110554
4.229,0.0006656646728515625,6.752183318244974
4.229,0.0006645917892456055,6.752183318244974
4.229,0.00066375732421875,6.752183318244974
4.229,0.0006647109985351562,6.752183318244974
4.228,0.0006643533706665039,6.424596462514714
4.228,0.0006633996963500977,6.424596462514714
4.228,0.0006641149520874023,6.424596462514714
4.229,0.0006643533706665039,6.132474174228115
4.229,0.0006649494171142578,6.132474174228115
4.229,0.0006628036499023438,6.132474174228115
4.229,0.00066375732421875,6.132474174228115
4.23,0.0006638765335083008,6.201986404698084
4.23,0.0006651878356933594,6.201986404698084
4.234,0.0006625652313232422,5.947411051347957
4.234,0.0006642341613769531,5.947411051347957
4.234,0.0006643533706665039,5.947411051347957
4.234,0.0006649494171142578,5.947411051347957
4.236,0.0006653070449829102,5.823175658252132
4.236,0.0006636381149291992,5.823175658252132
4.236,0.00066375732421875,5.823175658252132
4.236,0.0006649494171142578,5.998969187271979
4.236,0.0006641149520874023,5.998969187271979
4.237,0.0006632804870605469,5.545874192346767
4.237,0.0006630420684814453,5.545874192346767
4.237,0.0006642341613769531,5.545874192346767
4.237,0.0006620883941650391,5.545874192346767
4.238,0.00066375732421875,5.458714784202846
4.238,0.0006645917892456055,5.458714784202846
4.24,0.0006633996963500977,5.667742885112052
4.242,0.0006631612777709961,5.328570826771903
4.244,0.000661015510559082,5.219091303642984
4.244,0.0006636381149291992,5.219091303642984
4.244,0.0006622076034545898,5.042927502732401
4.244,0.0006614923477172852,5.042927502732401
4.244,0.0006622076034545898,5.042927502732401
4.244,0.0006630420684814453,4.924961669999974
4.246,0.0006614923477172852,4.637484732285976
4.249,0.0006606578826904297,4.186231139513935
4.25,0.0006608963012695312,4.129210946191009
4.25,0.0006611347198486328,4.129210946191009
4.256,0.0006604194641113281,3.9570001546186813
4.256,0.0006607770919799805,3.806136068363541
4.259,0.0006604194641113281,3.6409245635693472
4.259,0.0006598234176635742,3.6409245635693472
4.26,0.0006594657897949219,3.6876501801236437
4.261,0.0006606578826904297,3.502000823553158
4.261,0.0006583929061889648,3.502000823553158
4.264,0.0006593465805053711,3.606323702301996
4.264,0.0006582736968994141,3.606323702301996
4.264,0.0006597042083740234,3.606323702301996
4.264,0.0006589889526367188,3.606323702301996
4.264,0.0006570816040039062,3.606323702301996
4.264,0.0006591081619262695,3.606323702301996
4.266,0.0006589889526367188,3.5585280909757957
4.266,0.000657200813293457,3.5585280909757957
4.265,0.0006581544876098633,3.475424318664789
4.265,0.0006594657897949219,3.475424318664789
4.264,0.000659942626953125,3.207753905374043
4.264,0.0006583929061889648,3.207753905374043
4.264,0.0006579160690307617,3.207753905374043
4.264,0.0006592273712158203,3.207753905374043
4.262,0.000659942626953125,3.2994155218859587
4.262,0.0006580352783203125,3.2994155218859587
4.262,0.0006597042083740234,3.2994155218859587
4.262,0.0006587505340576172,3.2994155218859587
4.265,0.0006595849990844727,3.0765607435867537
4.265,0.0006587505340576172,3.0765607435867537
4.264,0.0006574392318725586,3.031607984462857
4.264,0.0006589889526367188,3.031607984462857
4.264,0.0006586313247680664,3.031607984462857
4.264,0.0006586313247680664,3.031607984462857
4.266,0.0006583929061889648,3.0389743708118475
4.266,0.0006595849990844727,3.0389743708118475
4.266,0.0006592273712158203,3.0389743708118475
4.266,0.0006580352783203125,3.0389743708118475
4.265,0.0006573200225830078,2.97722812569935
4.265,0.0006585121154785156,2.97722812569935
4.265,0.0006591081619262695,2.97722812569935
4.265,0.0006581544876098633,2.97722812569935
4.263,0.0006573200225830078,2.7448448662041267
4.263,0.0006574392318725586,2.7448448662041267
4.263,0.0006575584411621094,2.7448448662041267
4.263,0.0006567239761352539,2.7448448662041267
4.265,0.0006583929061889648,2.821943419797816
4.265,0.000657200813293457,2.821943419797816
4.267,0.0006576776504516602,2.795297106211736
4.267,0.0006579160690307617,2.795297106211736
4.267,0.0006557703018188477,2.795297106211736
4.267,0.0006577968597412109,2.795297106211736
4.267,0.0006587505340576172,2.795297106211736
4.27,0.0006580352783203125,2.7793392858167545
4.27,0.0006566047668457031,2.7793392858167545
4.27,0.0006575584411621094,2.7793392858167545
4.27,0.0006566047668457031,2.5234861484150715
4.27,0.0006567239761352539,2.5234861484150715
4.271,0.0006562471389770508,2.5349862224546733
4.271,0.0006569623947143555,2.5349862224546733
4.271,0.0006558895111083984,2.5349862224546733
4.272,0.0006562471389770508,2.547720071038681
4.272,0.000657200813293457,2.547720071038681
4.272,0.0006563663482666016,2.547720071038681
4.272,0.0006568431854248047,2.547720071038681
4.272,0.000657200813293457,2.547720071038681
4.274,0.000657200813293457,2.2518487503405566
4.274,0.0006562471389770508,2.2518487503405566
4.274,0.0006562471389770508,2.2518487503405566
4.274,0.0006570816040039062,2.2518487503405566
4.274,0.0006568431854248047,2.2518487503405566
4.275,0.0006564855575561523,2.3624129858573957
4.275,0.0006567239761352539,2.3624129858573957
4.275,0.0006568431854248047,2.3624129858573957
4.275,0.0006557703018188477,2.3624129858573957
4.275,0.0006573200225830078,2.3624129858573957
4.276,0.000657200813293457,2.258870943309045
4.276,0.0006562471389770508,2.258870943309045
4.276,0.0006575584411621094,2.258870943309045
4.276,0.0006557703018188477,2.258870943309045
4.276,0.0006558895111083984,2.258870943309045
4.278,0.0006560087203979492,2.278265972332666
4.278,0.0006549358367919922,2.278265972332666
4.277,0.0006556510925292969,1.9374068838380563
4.277,0.0006561279296875,1.9374068838380563
4.277,0.0006573200225830078,1.9374068838380563
4.277,0.000655055046081543,1.9374068838380563
4.277,0.0006549358367919922,1.9374068838380563
4.28,0.0006556510925292969,2.0955905741712177
4.28,0.0006552934646606445,2.0955905741712177
4.28,0.0006563663482666016,2.0955905741712177
4.28,0.000655055046081543,2.0955905741712177
4.28,0.0006561279296875,2.028744511416589
4.28,0.0006563663482666016,2.028744511416589
4.28,0.0006569623947143555,2.028744511416589
4.28,0.0006557703018188477,2.028744511416589
4.28,0.0006561279296875,2.028744511416589
4.284,0.0006545782089233398,1.7508288365771287
4.284,0.000655055046081543,1.7508288365771287
4.284,0.0006560087203979492,1.7508288365771287
4.284,0.0006574392318725586,1.7508288365771287
4.285,0.0006542205810546875,1.5864701597787065
4.285,0.0006551742553710938,1.5864701597787065
4.285,0.0006546974182128906,1.5864701597787065
4.285,0.0006551742553710938,1.5864701597787065
4.287,0.0006545782089233398,1.6591076580053312
4.287,0.000655055046081543,1.6591076580053312
4.287,0.0006548166275024414,1.6591076580053312
4.287,0.000655055046081543,1.6591076580053312
4.287,0.0006568431854248047,1.6591076580053312
4.287,0.000655055046081543,1.6451484188510825
4.287,0.0006538629531860352,1.6451484188510825
4.287,0.0006554126739501953,1.6451484188510825
4.287,0.0006558895111083984,1.6451484188510825
4.287,0.0006546974182128906,1.6451484188510825
4.287,0.0006561279296875,1.6451484188510825
4.286,0.0006554126739501953,1.7862022993205715
4.286,0.0006538629531860352,1.7862022993205715
4.286,0.0006542205810546875,1.7862022993205715
4.286,0.0006548166275024414,1.7862022993205715
4.286,0.0006552934646606445,1.7862022993205715
4.284,0.0006544589996337891,1.593928588274781
4.284,0.0006558895111083984,1.593928588274781
4.284,0.0006543397903442383,1.593928588274781
4.284,0.0006543397903442383,1.593928588274781
4.284,0.0006539821624755859,1.593928588274781
4.284,0.0006538629531860352,1.593928588274781
4.285,0.0006531476974487305,1.5868154688533356
4.285,0.0006541013717651367,1.5868154688533356
4.285,0.0006537437438964844,1.5868154688533356
4.285,0.0006541013717651367,1.5868154688533356
4.285,0.000653386116027832,1.5868154688533356
4.285,0.0006546974182128906,1.5868154688533356
4.286,0.0006535053253173828,1.5134005841401101
4.286,0.0006546974182128906,1.5134005841401101
4.286,0.0006532669067382812,1.5134005841401101
4.286,0.0006548166275024414,1.5134005841401101
4.286,0.0006543397903442383,1.5134005841401101
4.289,0.0006539821624755859,1.3652664602206614
4.289,0.0006535053253173828,1.3652664602206614
4.289,0.0006548166275024414,1.3652664602206614
4.289,0.0006548166275024414,1.3652664602206614
4.289,0.0006535053253173828,1.3652664602206614
4.289,0.0006543397903442383,1.1970763245127098
4.289,0.0006541013717651367,1.1970763245127098
4.289,0.0006530284881591797,1.1970763245127098
4.289,0.0006530284881591797,1.1970763245127098
4.289,0.0006525516510009766,1.1970763245127098
4.289,0.0006531476974487305,1.1970763245127098
4.291,0.0006541013717651367,1.3197446146751
4.291,0.0006545782089233398,1.3197446146751
4.291,0.0006539821624755859,1.3197446146751
4.291,0.0006543397903442383,1.3197446146751
4.291,0.0006532669067382812,1.3197446146751
4.291,0.0006531476974487305,1.3197446146751
4.291,0.0006532669067382812,1.0256646928776505
4.291,0.0006539821624755859,1.0256646928776505
4.291,0.000653386116027832,1.0256646928776505
4.291,0.0006537437438964844,1.0256646928776505
4.291,0.0006536245346069336,1.0256646928776505
4.293,0.0006526708602905273,1.2305257775216694
4.293,0.0006527900695800781,1.2305257775216694
4.293,0.0006532669067382812,1.2305257775216694
4.293,0.0006542205810546875,1.2305257775216694
4.293,0.0006541013717651367,1.2305257775216694
4.293,0.0006529092788696289,1.2305257775216694
4.297,0.0006527900695800781,1.202933953594686
4.297,0.0006544589996337891,1.202933953594686
4.297,0.0006530284881591797,1.202933953594686
4.297,0.0006537437438964844,1.202933953594686
4.297,0.0006532669067382812,1.202933953594686
4.294,0.0006538629531860352,0.994333469562064
4.294,0.0006537437438964844,0.994333469562064
4.294,0.0006530284881591797,0.994333469562064
4.294,0.0006532669067382812,0.994333469562064
4.294,0.0006531476974487305,0.994333469562064
4.294,0.0006532669067382812,0.994333469562064
4.297,0.0006526708602905273,0.9116985451062329
4.297,0.0006541013717651367,0.9116985451062329
4.297,0.0006526708602905273,0.9116985451062329
4.297,0.0006530284881591797,0.9116985451062329
4.297,0.0006539821624755859,0.9116985451062329
4.298,0.0006532669067382812,0.9535349546404446
4.298,0.0006524324417114258,0.9535349546404446
4.298,0.0006536245346069336,0.9535349546404446
4.298,0.0006529092788696289,0.9535349546404446
4.298,0.0006535053253173828,0.9535349546404446
4.298,0.0006530284881591797,0.9535349546404446
4.298,0.0006524324417114258,0.9535349546404446
4.302,0.0006535053253173828,0.9325835045250064
4.302,0.0006535053253173828,0.9325835045250064
4.302,0.0006519556045532227,0.9325835045250064
4.302,0.0006535053253173828,0.9325835045250064
4.302,0.0006539821624755859,0.9325835045250064
4.302,0.0006521940231323242,0.9325835045250064
4.298,0.0006525516510009766,0.7785849789240509
4.298,0.0006514787673950195,0.7785849789240509
4.298,0.0006532669067382812,0.7785849789240509
4.298,0.0006531476974487305,0.7785849789240509
4.298,0.0006526708602905273,0.7785849789240509
4.298,0.0006519556045532227,0.7785849789240509
4.299,0.000653386116027832,0.6487483965399785
4.299,0.000652313232421875,0.6487483965399785
4.299,0.0006521940231323242,0.6487483965399785
4.299,0.0006532669067382812,0.6487483965399785
4.299,0.0006520748138427734,0.6487483965399785
4.299,0.0006515979766845703,0.6487483965399785
4.296,0.0006521940231323242,0.7187457312309165
4.296,0.0006530284881591797,0.7187457312309165
4.296,0.0006514787673950195,0.7187457312309165
4.296,0.0006515979766845703,0.7187457312309165
4.296,0.0006525516510009766,0.7187457312309165
4.296,0.0006517171859741211,0.7187457312309165
4.298,0.0006518363952636719,0.4455065556291191
4.298,0.0006517171859741211,0.4455065556291191
4.298,0.000652313232421875,0.4455065556291191
4.298,0.0006521940231323242,0.4455065556291191
4.298,0.0006526708602905273,0.4455065556291191
4.298,0.0006519556045532227,0.4455065556291191
4.299,0.0006518363952636719,0.5396999078705251
4.299,0.0006519556045532227,0.5396999078705251
4.299,0.0006508827209472656,0.5396999078705251
4.299,0.0006517171859741211,0.5396999078705251
4.299,0.0006511211395263672,0.5396999078705251
4.299,0.0006508827209472656,0.5396999078705251
4.302,0.0006520748138427734,0.6032833406005769
4.302,0.0006519556045532227,0.6032833406005769
4.302,0.0006513595581054688,0.6032833406005769
4.302,0.0006518363952636719,0.6032833406005769
4.302,0.0006518363952636719,0.6032833406005769
4.302,0.0006510019302368164,0.6032833406005769
4.307,0.000652313232421875,0.42980832039325323
4.307,0.0006535053253173828,0.42980832039325323
4.307,0.000652313232421875,0.42980832039325323
4.307,0.0006515979766845703,0.42980832039325323
4.307,0.000651240348815918,0.42980832039325323
4.307,0.0006520748138427734,0.42980832039325323
4.308,0.0006508827209472656,0.4458214177978319
4.308,0.0006531476974487305,0.4458214177978319
4.308,0.000652313232421875,0.4458214177978319
4.308,0.0006511211395263672,0.4458214177978319
4.308,0.0006515979766845703,0.4458214177978319
4.308,0.0006513595581054688,0.4458214177978319
4.31,0.0006508827209472656,0.4425188820738213
4.31,0.0006515979766845703,0.4425188820738213
4.31,0.0006527900695800781,0.4425188820738213
4.31,0.0006518363952636719,0.4425188820738213
4.31,0.0006515979766845703,0.4425188820738213
4.31,0.0006501674652099609,0.2413604301049772
4.31,0.0006511211395263672,0.2413604301049772
4.31,0.0006507635116577148,0.2413604301049772
4.31,0.0006521940231323242,0.2413604301049772
4.31,0.0006518363952636719,0.2413604301049772
4.31,0.0006519556045532227,0.2413604301049772
4.311,0.0006517171859741211,0.3303276884678499
4.311,0.0006508827209472656,0.3303276884678499
4.311,0.0006507635116577148,0.3303276884678499
4.313,0.0006521940231323242,0.038160742140959325
4.313,0.0006511211395263672,0.038160742140959325
4.313,0.0006501674652099609,0.038160742140959325
4.313,0.0006510019302368164,0.038160742140959325
4.313,0.0006510019302368164,0.038160742140959325
4.313,0.000652313232421875,0.038160742140959325
4.221,0.0006276369094848633,0.16664275618114122
4.221,0.0006287097930908203,0.16664275618114122
4.221,0.0006287097930908203,0.16664275618114122
4.221,0.0006265640258789062,0.16664275618114122
4.221,0.000651240348815918,0.16664275618114122
4.221,0.0006517171859741211,0.16664275618114122
4.231,0.0006290674209594727,0.21195363585204774
4.231,0.0006291866302490234,0.21195363585204774
4.231,0.0006295442581176758,0.21195363585204774
4.231,0.0006290674209594727,0.21195363585204774
4.231,0.0006293058395385742,0.21195363585204774
4.231,0.0006290674209594727,0.21195363585204774
4.228,0.0006296634674072266,0.06065601477296623
4.228,0.0006297826766967773,0.06065601477296623
4.228,0.000629425048828125,0.06065601477296623
4.228,0.0006299018859863281,0.06065601477296623
4.228,0.0006299018859863281,0.06065601477296623
4.228,0.0006295442581176758,0.06065601477296623
4.223,0.0006068944931030273,0.08440203879191666
4.223,0.0006074905395507812,0.08440203879191666
4.223,0.0006060600280761719,0.08440203879191666
4.223,0.000628352165222168,0.08440203879191666
4.223,0.0006302595138549805,0.08440203879191666
4.223,0.0006062984466552734,0.08440203879191666
4.133,0.0006080865859985352,0.07816082051581574
4.133,0.0006080865859985352,0.07816082051581574
4.133,0.0006072521209716797,0.07816082051581574
4.133,0.0006084442138671875,0.07816082051581574
4.133,0.0006071329116821289,0.07816082051581574
4.133,0.0006072521209716797,0.07816082051581574
4.132,0.0006085634231567383,0.2553283400551076
4.132,0.0006083250045776367,0.2553283400551076
4.132,0.0006083250045776367,0.2553283400551076
4.132,0.0006074905395507812,0.2553283400551076
4.132,0.0006073713302612305,0.2553283400551076
4.132,0.0006066560745239258,0.2553283400551076
4.132,0.000607609748840332,0.17063763324783787
4.132,0.000607609748840332,0.17063763324783787
4.132,0.0006070137023925781,0.17063763324783787
4.132,0.0006082057952880859,0.17063763324783787
4.132,0.0006080865859985352,0.17063763324783787
4.132,0.0006078481674194336,0.17063763324783787
4.137,0.0006086826324462891,0.38443589004380785
4.137,0.0006090402603149414,0.38443589004380785
4.137,0.0006080865859985352,0.38443589004380785
4.137,0.0006072521209716797,0.38443589004380785
4.137,0.0006077289581298828,0.38443589004380785
4.137,0.0006085634231567383,0.38443589004380785
4.14,0.0006083250045776367,0.5703880444361678
4.14,0.0006082057952880859,0.5703880444361678
4.14,0.0006073713302612305,0.5703880444361678
4.14,0.000607609748840332,0.5703880444361678
4.14,0.0006074905395507812,0.5703880444361678
4.144,0.0006078481674194336,0.5635030980878784
4.144,0.0006068944931030273,0.5635030980878784
4.144,0.0006088018417358398,0.5635030980878784
4.144,0.0006070137023925781,0.5635030980878784
4.144,0.0006088018417358398,0.5635030980878784
4.144,0.0006074905395507812,0.5635030980878784
4.145,0.0006082057952880859,0.8884514950191873
4.145,0.0006078481674194336,0.8884514950191873
4.145,0.0006073713302612305,0.8884514950191873
4.145,0.0006084442138671875,0.8884514950191873
4.146,0.0006086826324462891,1.1442434969667001
4.146,0.0006074905395507812,1.1442434969667001
4.146,0.0006086826324462891,1.1442434969667001
4.146,0.000609278678894043,1.1442434969667001
4.146,0.0006083250045776367,1.1442434969667001
4.147,0.0006083250045776367,1.5307512179671123
4.147,0.0006088018417358398,1.5307512179671123
4.147,0.0006074905395507812,1.5307512179671123
4.147,0.000609278678894043,1.5307512179671123
4.152,0.0006070137023925781,2.896681607733789
4.156,0.0006101131439208984,3.096446556630121
4.156,0.0006104707717895508,3.096446556630121
4.156,0.0006103515625,3.096446556630121
4.156,0.0006101131439208984,4.3481389406126505
4.156,0.0006110668182373047,4.3481389406126505
4.156,0.0006105899810791016,4.3481389406126505
4.156,0.0006099939346313477,4.3481389406126505
4.156,0.0006115436553955078,4.3481389406126505
4.156,0.0006107091903686523,4.730384659062755
4.156,0.0006101131439208984,4.730384659062755
4.156,0.0006099939346313477,4.730384659062755
4.156,0.0006102323532104492,4.730384659062755
4.157,0.0006109476089477539,5.894632969044195
4.157,0.0006123781204223633,5.894632969044195
4.157,0.0006115436553955078,5.894632969044195
4.157,0.0006120204925537109,5.894632969044195
4.157,0.0006104707717895508,5.894632969044195
4.157,0.0006119012832641602,5.894632969044195
4.157,0.0006120204925537109,6.317030937662139
4.157,0.0006128549575805664,6.317030937662139
4.157,0.0006117820739746094,6.317030937662139
4.157,0.0006128549575805664,6.317030937662139
4.157,0.0006120204925537109,6.317030937662139
4.157,0.0006115436553955078,6.317030937662139
4.16,0.0006138086318969727,7.628711709559623
4.16,0.0006127357482910156,7.628711709559623
4.16,0.0006129741668701172,7.628711709559623
4.16,0.0006139278411865234,7.628711709559623
4.16,0.0006133317947387695,7.628711709559623
4.16,0.000614166259765625,7.628711709559623
4.164,0.000613093376159668,8.19458664237574
4.164,0.0006138086318969727,8.19458664237574
4.164,0.0006128549575805664,8.19458664237574
4.164,0.0006139278411865234,8.19458664237574
4.164,0.0006146430969238281,8.19458664237574
4.164,0.0006146430969238281,8.19458664237574
4.167,0.000615239143371582,9.014887979009773
4.167,0.0006165504455566406,9.014887979009773
4.167,0.0006150007247924805,9.014887979009773
4.167,0.0006157159805297852,9.014887979009773
4.167,0.0006145238876342773,9.014887979009773
4.167,0.0006157159805297852,9.014887979009773
4.167,0.0006166696548461914,10.077178602419734
4.167,0.0006172657012939453,10.077178602419734
4.167,0.0006178617477416992,10.077178602419734
4.167,0.0006153583526611328,10.077178602419734
4.167,0.0006154775619506836,10.077178602419734
4.167,0.0006173849105834961,10.077178602419734
4.169,0.0006178617477416992,10.407767785407874
4.169,0.00061798095703125,10.407767785407874
4.169,0.0006188154220581055,10.407767785407874
4.169,0.0006185770034790039,10.407767785407874
4.169,0.0006176233291625977,10.407767785407874
4.169,0.0006177425384521484,10.407767785407874
4.169,0.0006203651428222656,11.410561701906072
4.169,0.0006198883056640625,11.410561701906072
4.169,0.0006195306777954102,11.410561701906072
4.169,0.0006195306777954102,11.410561701906072
4.169,0.0006188154220581055,11.410561701906072
4.169,0.0006197690963745117,11.410561701906072
4.171,0.0006196498870849609,12.529971604411307
4.171,0.0006201267242431641,12.529971604411307
4.171,0.000621795654296875,12.529971604411307
4.171,0.0006210803985595703,12.529971604411307
4.171,0.000620722770690918,12.529971604411307
4.171,0.0006210803985595703,12.529971604411307
4.172,0.0006226301193237305,13.189187243981088
4.172,0.000621795654296875,13.189187243981088
4.172,0.0006214380264282227,13.189187243981088
4.172,0.0006204843521118164,13.189187243981088
4.172,0.0006231069564819336,13.189187243981088
4.172,0.0006237030029296875,13.189187243981088
4.177,0.000624537467956543,13.442347339162511
4.177,0.0006237030029296875,13.442347339162511
4.177,0.0006254911422729492,13.442347339162511
4.177,0.0006237030029296875,13.442347339162511
4.177,0.0006238222122192383,13.442347339162511
4.177,0.0006229877471923828,13.442347339162511
4.177,0.0006257295608520508,14.390319064574518
4.177,0.0006269216537475586,14.390319064574518
4.177,0.0006271600723266602,14.390319064574518
4.177,0.0006257295608520508,14.390319064574518
4.177,0.0006253719329833984,14.390319064574518
4.177,0.0006259679794311523,14.390319064574518
4.181,0.0006275177001953125,15.471797753680208
4.181,0.0006281137466430664,15.471797753680208
4.181,0.0006276369094848633,15.471797753680208
4.181,0.0006291866302490234,15.471797753680208
4.181,0.0006273984909057617,15.471797753680208
4.181,0.0006278753280639648,15.471797753680208
4.187,0.0006303787231445312,15.676770229639171
4.187,0.0006309747695922852,15.676770229639171
4.187,0.0006293058395385742,15.676770229639171
4.187,0.0006284713745117188,15.676770229639171
4.187,0.000630497932434082,15.676770229639171
4.187,0.0006291866302490234,15.676770229639171
4.188,0.0006319284439086914,16.94270668077526
4.188,0.0006310939788818359,16.94270668077526
4.188,0.0006318092346191406,16.94270668077526
4.188,0.0006330013275146484,16.94270668077526
4.188,0.000632166862487793,16.94270668077526
4.188,0.0006334781646728516,16.94270668077526
4.189,0.0006319284439086914,17.66111643087839
4.189,0.0006330013275146484,17.66111643087839
4.189,0.0006338357925415039,17.66111643087839
4.189,0.0006345510482788086,17.66111643087839
4.189,0.000634312629699707,17.66111643087839
4.189,0.0006339550018310547,17.66111643087839
4.193,0.0006368160247802734,17.822044511031354
4.193,0.0006377696990966797,17.822044511031354
4.193,0.0006350278854370117,17.822044511031354
4.193,0.0006351470947265625,17.822044511031354
4.193,0.0006361007690429688,17.822044511031354
4.193,0.0006355047225952148,17.822044511031354
4.193,0.0006380081176757812,18.782782882638166
4.193,0.0006375312805175781,18.782782882638166
4.193,0.0006387233734130859,18.782782882638166
4.193,0.0006376504898071289,18.782782882638166
4.193,0.0006364583969116211,18.782782882638166
4.193,0.0006387233734130859,18.782782882638166
4.196,0.0006389617919921875,19.912706902525876
4.196,0.0006400346755981445,19.912706902525876
4.196,0.0006393194198608398,19.912706902525876
4.196,0.0006395578384399414,19.912706902525876
4.196,0.0006413459777832031,19.912706902525876
4.196,0.0006407499313354492,19.912706902525876
4.197,0.0006427764892578125,20.53165025488545
4.197,0.0006426572799682617,20.53165025488545
4.197,0.0006426572799682617,20.53165025488545
4.197,0.0006420612335205078,20.53165025488545
4.197,0.0006415843963623047,20.53165025488545
4.197,0.0006415843963623047,20.53165025488545
4.199,0.0006414651870727539,21.50585625984599
4.199,0.0006422996520996094,21.50585625984599
4.199,0.0006431341171264648,21.50585625984599
4.199,0.0006455183029174805,21.50585625984599
4.199,0.0006448030471801758,21.50585625984599
4.199,0.000644683837890625,21.50585625984599
4.201,0.0006470680236816406,22.178184463943637
4.201,0.0006458759307861328,22.178184463943637
4.201,0.0006462335586547852,22.178184463943637
4.201,0.0006458759307861328,22.178184463943637
4.201,0.0006480216979980469,22.178184463943637
4.201,0.0006455183029174805,22.178184463943637
4.201,0.0006477832794189453,22.178184463943637
4.204,0.0006496906280517578,22.8737069786617
4.204,0.0006508827209472656,22.8737069786617
4.204,0.0006482601165771484,22.8737069786617
4.204,0.0006483793258666992,22.8737069786617
4.204,0.0006482601165771484,22.8737069786617
4.204,0.0006486177444458008,22.8737069786617
4.203,0.000649571418762207,23.83219607376649
4.203,0.0006517171859741211,23.83219607376649
4.203,0.0006518363952636719,23.83219607376649
4.203,0.000651240348815918,23.83219607376649
4.203,0.0006507635116577148,23.83219607376649
4.203,0.0006518363952636719,23.83219607376649
4.206,0.0006531476974487305,24.323687136461945
4.206,0.0006536245346069336,24.323687136461945
4.206,0.0006526708602905273,24.323687136461945
4.206,0.0006535053253173828,24.323687136461945
4.206,0.0006536245346069336,24.323687136461945
4.206,0.0006543397903442383,24.323687136461945
4.207,0.0006574392318725586,24.647397877774843
4.207,0.0006551742553710938,24.647397877774843
4.207,0.0006555318832397461,24.647397877774843
4.207,0.0006552934646606445,24.647397877774843
4.207,0.0006549358367919922,24.647397877774843
4.207,0.0006561279296875,24.647397877774843
4.213,0.0006580352783203125,25.55029903827618
4.213,0.0006575584411621094,25.55029903827618
4.213,0.0006589889526367188,25.55029903827618
4.213,0.0006569623947143555,25.55029903827618
4.213,0.0006562471389770508,25.55029903827618
4.213,0.0006576776504516602,25.55029903827618
4.214,0.0006579160690307617,26.51103246288443
4.214,0.0006580352783203125,26.51103246288443
4.214,0.0006597042083740234,26.51103246288443
4.214,0.0006604194641113281,26.51103246288443
4.214,0.0006605386734008789,26.51103246288443
4.214,0.0006607770919799805,26.51103246288443
4.215,0.00066375732421875,26.683707345022544
4.215,0.0006641149520874023,26.683707345022544
4.215,0.0006625652313232422,26.683707345022544
4.215,0.0006624460220336914,26.683707345022544
4.215,0.0006617307662963867,26.683707345022544
4.215,0.0006616115570068359,26.683707345022544
4.216,0.0006636381149291992,27.625546383647226
4.216,0.0006638765335083008,27.625546383647226
4.216,0.0006643533706665039,27.625546383647226
4.216,0.0006649494171142578,27.625546383647226
4.219,0.0006649494171142578,28.2851977084637
4.219,0.0006666183471679688,28.2851977084637
4.219,0.0006670951843261719,28.2851977084637
4.219,0.0006669759750366211,28.2851977084637
4.219,0.000667572021484375,28.2851977084637
4.219,0.0006668567657470703,28.2851977084637
4.22,0.0006693601608276367,28.68343915083929
4.22,0.0006681680679321289,28.68343915083929
4.22,0.0006690025329589844,28.68343915083929
4.22,0.0006679296493530273,28.68343915083929
4.22,0.0006674528121948242,28.68343915083929
4.22,0.0006693601608276367,28.68343915083929
4.222,0.0006707906723022461,29.48698474903349
4.222,0.0006701946258544922,29.48698474903349
4.222,0.0006706714630126953,29.48698474903349
4.222,0.0006692409515380859,29.48698474903349
4.222,0.0006691217422485352,29.48698474903349
4.222,0.000670313835144043,29.48698474903349
4.221,0.0006707906723022461,29.984191954311783
4.221,0.0006722211837768555,29.984191954311783
4.221,0.000672459602355957,29.984191954311783
4.221,0.0006726980209350586,29.984191954311783
4.221,0.0006736516952514648,29.984191954311783
4.221,0.0006732940673828125,29.984191954311783
4.223,0.0006738901138305664,30.55421092918147
4.223,0.0006746053695678711,30.55421092918147
4.223,0.0006749629974365234,30.55421092918147
4.223,0.0006742477416992188,30.55421092918147
4.223,0.0006747245788574219,30.55421092918147
4.223,0.000676274299621582,30.55421092918147
4.223,0.0006774663925170898,30.75004947612615
4.223,0.000677943229675293,30.75004947612615
4.223,0.000677943229675293,30.75004947612615
4.223,0.0006756782531738281,30.75004947612615
4.223,0.0006784200668334961,30.75004947612615
4.223,0.0006757974624633789,30.75004947612615
4.226,0.0006797313690185547,31.47478676534283
4.226,0.0006796121597290039,31.47478676534283
4.226,0.0006792545318603516,31.47478676534283
4.226,0.0006793737411499023,31.47478676534283
4.226,0.0006781816482543945,31.47478676534283
4.226,0.0006785392761230469,31.47478676534283
4.226,0.0006810426712036133,32.22027808757906
4.226,0.0006822347640991211,32.22027808757906
4.226,0.0006806850433349609,32.22027808757906
4.226,0.0006810426712036133,32.22027808757906
4.226,0.0006815195083618164,32.22027808757906
4.226,0.0006821155548095703,32.22027808757906
4.231,0.0006837844848632812,32.34608696674679
4.231,0.0006841421127319336,32.34608696674679
4.231,0.000682830810546875,32.34608696674679
4.231,0.0006836652755737305,32.34608696674679
4.231,0.0006819963455200195,32.34608696674679
4.231,0.000682830810546875,32.34608696674679
4.234,0.0006850957870483398,33.21048258523766
4.234,0.0006854534149169922,33.21048258523766
4.234,0.0006852149963378906,33.21048258523766
4.234,0.0006848573684692383,33.21048258523766
4.234,0.000685572624206543,33.21048258523766
4.234,0.0006864070892333984,33.21048258523766
4.238,0.0006887912750244141,33.420813022817555
4.238,0.0006874799728393555,33.420813022817555
4.238,0.0006871223449707031,33.420813022817555
4.238,0.0006850957870483398,33.420813022817555
4.238,0.0006866455078125,33.420813022817555
4.238,0.0006873607635498047,33.420813022817555
4.242,0.000690460205078125,33.929952102271514
4.242,0.0006906986236572266,33.929952102271514
4.242,0.0006897449493408203,33.929952102271514
4.242,0.0006910562515258789,33.929952102271514
4.242,0.0006887912750244141,33.929952102271514
4.242,0.0006889104843139648,33.929952102271514
4.24,0.0006895065307617188,34.671222511076145
4.24,0.0006920099258422852,34.671222511076145
4.24,0.0006902217864990234,34.671222511076145
4.24,0.0006912946701049805,34.671222511076145
4.24,0.0006910562515258789,34.671222511076145
4.24,0.0006920099258422852,34.671222511076145
4.24,0.0006922483444213867,35.3281820770025
4.24,0.0006930828094482422,35.3281820770025
4.24,0.0006924867630004883,35.3281820770025
4.24,0.0006933212280273438,35.3281820770025
4.24,0.0006945133209228516,35.3281820770025
4.24,0.0006941556930541992,35.3281820770025
4.24,0.0006949901580810547,35.54541651024952
4.24,0.0006961822509765625,35.54541651024952
4.24,0.0006947517395019531,35.54541651024952
4.24,0.0006948709487915039,35.54541651024952
4.24,0.0006940364837646484,35.54541651024952
4.24,0.0006968975067138672,35.54541651024952
4.243,0.0006974935531616211,35.935211870749264
4.243,0.0006959438323974609,35.935211870749264
4.243,0.0006965398788452148,35.935211870749264
4.243,0.0006971359252929688,35.935211870749264
4.243,0.0006984472274780273,35.935211870749264
4.243,0.0006974935531616211,35.935211870749264
4.247,0.0007002353668212891,36.68267655314296
4.247,0.0006979703903198242,36.68267655314296
4.247,0.0007001161575317383,36.68267655314296
4.247,0.0006995201110839844,36.68267655314296
4.247,0.0006986856460571289,36.68267655314296
4.247,0.0006990432739257812,36.68267655314296
4.249,0.0007013082504272461,36.66736695510576
4.249,0.0007030963897705078,36.66736695510576
4.249,0.000700831413269043,36.66736695510576
4.249,0.0006998777389526367,36.66736695510576
4.249,0.0007002353668212891,36.66736695510576
4.249,0.0006995201110839844,36.66736695510576
4.248,0.0007033348083496094,37.34000189659062
4.248,0.0007025003433227539,37.34000189659062
4.248,0.0007022619247436523,37.34000189659062
4.248,0.0007041692733764648,37.34000189659062
4.248,0.0007015466690063477,37.34000189659062
4.248,0.0007022619247436523,37.34000189659062
4.248,0.0007023811340332031,37.34000189659062
4.25,0.0007039308547973633,38.09227433979103
4.25,0.0007053613662719727,38.09227433979103
4.25,0.000705718994140625,38.09227433979103
4.25,0.0007053613662719727,38.09227433979103
4.25,0.0007052421569824219,38.09227433979103
4.25,0.0007053613662719727,38.09227433979103
4.252,0.0007073879241943359,38.0306129430157
4.252,0.000705718994140625,38.0306129430157
4.252,0.0007069110870361328,38.0306129430157
4.252,0.0007058382034301758,38.0306129430157
4.252,0.0007069110870361328,38.0306129430157
4.252,0.000705718994140625,38.0306129430157
4.256,0.0007083415985107422,38.91277102855532
4.256,0.0007092952728271484,38.91277102855532
4.256,0.0007082223892211914,38.91277102855532
4.256,0.000708460807800293,38.91277102855532
4.256,0.0007082223892211914,38.91277102855532
4.256,0.0007090568542480469,38.91277102855532
4.256,0.000710606575012207,39.11600692823878
4.256,0.0007108449935913086,39.11600692823878
4.256,0.0007110834121704102,39.11600692823878
4.256,0.0007086992263793945,39.11600692823878
4.256,0.0007088184356689453,39.11600692823878
4.256,0.0007104873657226562,39.11600692823878
4.257,0.0007114410400390625,39.32888316774274
4.257,0.0007119178771972656,39.32888316774274
4.257,0.0007116794586181641,39.32888316774274
4.257,0.0007114410400390625,39.32888316774274
4.257,0.0007113218307495117,39.32888316774274
4.257,0.0007119178771972656,39.32888316774274
4.258,0.0007127523422241211,40.16185638024168
4.258,0.0007131099700927734,40.16185638024168
4.258,0.0007135868072509766,40.16185638024168
4.258,0.0007145404815673828,40.16185638024168
4.258,0.000713348388671875,40.16185638024168
4.258,0.0007143020629882812,40.16185638024168
4.257,0.0007158517837524414,40.44955902602554
4.257,0.0007158517837524414,40.44955902602554
4.257,0.000714421272277832,40.44955902602554
4.257,0.0007140636444091797,40.44955902602554
4.257,0.0007154941558837891,40.44955902602554
4.257,0.000714421272277832,40.44955902602554
4.261,0.0007170438766479492,40.61576977262148
4.261,0.0007165670394897461,40.61576977262148
4.261,0.0007162094116210938,40.61576977262148
4.261,0.0007162094116210938,40.61576977262148
4.261,0.0007159709930419922,40.61576977262148
4.261,0.0007165670394897461,40.61576977262148
4.262,0.0007184743881225586,41.32885862816441
4.262,0.0007178783416748047,41.32885862816441
4.262,0.0007194280624389648,41.32885862816441
4.262,0.0007194280624389648,41.32885862816441
4.262,0.000718235969543457,41.32885862816441
4.262,0.0007188320159912109,41.32885862816441
4.263,0.0007193088531494141,41.815153372819644
4.263,0.0007195472717285156,41.815153372819644
4.263,0.0007206201553344727,41.815153372819644
4.263,0.0007203817367553711,41.815153372819644
4.263,0.000719904899597168,41.815153372819644
4.263,0.0007200241088867188,41.815153372819644
4.264,0.0007218122482299805,42.001377044102775
4.264,0.0007215738296508789,42.001377044102775
4.264,0.0007230043411254883,42.001377044102775
4.264,0.000722050666809082,42.001377044102775
4.264,0.0007210969924926758,42.001377044102775
4.264,0.0007214546203613281,42.001377044102775
4.266,0.0007228851318359375,42.73905014324116
4.266,0.0007238388061523438,42.73905014324116
4.266,0.0007245540618896484,42.73905014324116
4.266,0.0007228851318359375,42.73905014324116
4.266,0.0007230043411254883,42.73905014324116
4.266,0.0007239580154418945,42.73905014324116
4.267,0.0007245540618896484,43.05381796071313
4.267,0.0007250308990478516,43.05381796071313
4.267,0.0007255077362060547,43.05381796071313
4.267,0.000725865364074707,43.05381796071313
4.267,0.0007255077362060547,43.05381796071313
4.267,0.0007256269454956055,43.05381796071313
4.269,0.0007262229919433594,43.28562252823508
4.269,0.0007288455963134766,43.28562252823508
4.269,0.0007264614105224609,43.28562252823508
4.269,0.0007264614105224609,43.28562252823508
4.269,0.0007259845733642578,43.28562252823508
4.269,0.0007270574569702148,43.28562252823508
4.273,0.000725865364074707,43.80162777760999
4.273,0.0007288455963134766,43.80162777760999
4.273,0.0007294416427612305,43.80162777760999
4.273,0.0007281303405761719,43.80162777760999
4.273,0.0007281303405761719,43.80162777760999
4.273,0.0007290840148925781,43.80162777760999
4.276,0.0007292032241821289,44.15982542093805
4.276,0.0007288455963134766,44.15982542093805
4.276,0.0007299184799194336,44.15982542093805
4.276,0.0007300376892089844,44.15982542093805
4.276,0.0007292032241821289,44.15982542093805
4.276,0.0007293224334716797,44.15982542093805
4.278,0.0007302761077880859,44.28975990868276
4.278,0.0007308721542358398,44.28975990868276
4.278,0.0007308721542358398,44.28975990868276
4.278,0.0007314682006835938,44.28975990868276
4.278,0.0007315874099731445,44.28975990868276
4.278,0.0007312297821044922,44.28975990868276
4.279,0.0007330179214477539,45.255015028876784
4.279,0.0007319450378417969,45.255015028876784
4.279,0.0007314682006835938,45.255015028876784
4.279,0.000732421875,45.255015028876784
4.279,0.0007327795028686523,45.255015028876784
4.279,0.0007109642028808594,45.255015028876784
0.725,-0.00018203258514404297,46.19531783453266
0.725,-0.00016832351684570312,46.19531783453266
0.265,-0.00019240379333496094,46.26048501089187
0.265,-0.00020134449005126953,46.26048501089187
0.265,-0.0002092123031616211,46.26048501089187
0.265,-0.00021648406982421875,46.26048501089187
0.265,-0.0002237558364868164,46.26048501089187
0.265,-0.0002262592315673828,46.26048501089187
0.063,-0.00022661685943603516,46.50062115732643
0.063,-0.0002263784408569336,46.50062115732643
0.063,-0.00022661685943603516,46.50062115732643
0.063,-0.0002275705337524414,46.50062115732643
0.063,-0.00022900104522705078,46.50062115732643
0.063,-0.00022721290588378906,46.50062115732643
0.06,-0.00022614002227783203,46.51067312844876
0.06,-0.00022554397583007812,46.51067312844876
0.06,-0.00022542476654052734,46.51067312844876
0.06,-0.00022470951080322266,46.51067312844876
0.06,-0.00022423267364501953,46.51067312844876
0.06,-0.0002256631851196289,46.51067312844876
0.057,-0.00022172927856445312,46.43855707265351
0.057,-0.0002224445343017578,46.43855707265351
0.057,-0.00022351741790771484,46.43855707265351
0.057,-0.00022494792938232422,46.43855707265351
0.057,-0.00022363662719726562,46.43855707265351
0.057,-0.00022423267364501953,46.43855707265351
0.057,-0.0002200603485107422,46.40821040755583
0.057,-0.0002205371856689453,46.40821040755583
0.057,-0.00022137165069580078,46.40821040755583
0.057,-0.00022125244140625,46.40821040755583
0.057,-0.00022113323211669922,46.40821040755583
0.057,-0.00022161006927490234,46.40821040755583
0.057,-0.00022220611572265625,46.40821040755583
0.052,-0.00021886825561523438,46.21941073552282
0.052,-0.0002181529998779297,46.21941073552282
0.052,-0.00022029876708984375,46.21941073552282
0.052,-0.00022029876708984375,46.21941073552282
0.052,-0.0002206563949584961,46.21941073552282
0.052,-0.0002200603485107422,46.21941073552282
0.055,-0.0002200603485107422,45.950014697634074
0.055,-0.00021719932556152344,45.950014697634074
0.055,-0.00021719932556152344,45.950014697634074
0.055,-0.00021791458129882812,45.950014697634074
0.055,-0.00021731853485107422,45.950014697634074
0.055,-0.0002168416976928711,45.950014697634074
0.06,-0.00021648406982421875,45.85232698747719
0.06,-0.00021636486053466797,45.85232698747719
0.06,-0.0002161264419555664,45.85232698747719
0.06,-0.00021719932556152344,45.85232698747719
0.06,-0.00021731853485107422,45.85232698747719
0.06,-0.00021636486053466797,45.85232698747719
0.06,-0.0002155303955078125,45.60899258258992
0.06,-0.0002180337905883789,45.60899258258992
0.06,-0.0002142190933227539,45.60899258258992
0.06,-0.00021374225616455078,45.60899258258992
0.06,-0.0002143383026123047,45.60899258258992
0.06,-0.00021457672119140625,45.60899258258992
0.058,-0.0002124309539794922,45.455979215836564
0.058,-0.0002123117446899414,45.455979215836564
0.058,-0.000213623046875,45.455979215836564
0.058,-0.00021338462829589844,45.455979215836564
0.058,-0.00021278858184814453,45.455979215836564
0.058,-0.00021338462829589844,45.455979215836564
0.057,-0.00021147727966308594,44.84299486387779
0.057,-0.00021159648895263672,44.84299486387779
0.057,-0.00021183490753173828,44.84299486387779
0.057,-0.00021159648895263672,44.84299486387779
0.054,-0.00020956993103027344,44.87501795704674
0.054,-0.000209808349609375,44.87501795704674
0.054,-0.00020992755889892578,44.87501795704674
0.054,-0.0002105236053466797,44.87501795704674
0.054,-0.00021064281463623047,44.87501795704674
0.054,-0.00021004676818847656,44.87501795704674
0.059,-0.00020992755889892578,44.14153967778985
0.059,-0.00020885467529296875,44.14153967778985
0.059,-0.00020802021026611328,44.14153967778985
0.059,-0.0002079010009765625,44.14153967778985
0.059,-0.00020873546600341797,44.14153967778985
0.059,-0.0002079010009765625,44.14153967778985
0.06,-0.0002086162567138672,43.741931335013916
0.06,-0.00020802021026611328,43.741931335013916
0.06,-0.00020742416381835938,43.741931335013916
0.06,-0.00020682811737060547,43.741931335013916
0.06,-0.0002086162567138672,43.741931335013916
0.06,-0.00020611286163330078,43.741931335013916
0.065,-0.00020706653594970703,43.45872830976274
0.065,-0.0002048015594482422,43.45872830976274
0.065,-0.00020635128021240234,43.45872830976274
0.065,-0.0002046823501586914,43.45872830976274
0.065,-0.00020623207092285156,43.45872830976274
0.065,-0.00020515918731689453,43.45872830976274
0.063,-0.00020444393157958984,42.77705925511745
0.063,-0.00020503997802734375,42.77705925511745
0.063,-0.00020372867584228516,42.77705925511745
0.063,-0.00020444393157958984,42.77705925511745
0.063,-0.0002052783966064453,42.77705925511745
0.063,-0.0002048015594482422,42.77705925511745
0.068,-0.00020563602447509766,42.20598844014788
0.068,-0.0002046823501586914,42.20598844014788
0.068,-0.0002052783966064453,42.20598844014788
0.068,-0.00020265579223632812,42.20598844014788
0.068,-0.00020301342010498047,42.20598844014788
0.068,-0.00020313262939453125,42.20598844014788
0.067,-0.00020229816436767578,41.64470871436887
0.067,-0.00020241737365722656,41.64470871436887
0.067,-0.00020313262939453125,41.64470871436887
0.067,-0.0002034902572631836,41.64470871436887
0.067,-0.0002027750015258789,41.64470871436887
0.067,-0.0002028942108154297,41.64470871436887
0.066,-0.00020265579223632812,40.9006898916783
0.066,-0.00020265579223632812,40.9006898916783
0.066,-0.00020265579223632812,40.9006898916783
0.066,-0.00020325183868408203,40.9006898916783
0.066,-0.00020051002502441406,40.9006898916783
0.066,-0.0002015829086303711,40.9006898916783
0.066,-0.00020229816436767578,40.43163777658056
0.066,-0.00020051002502441406,40.43163777658056
0.066,-0.00020051002502441406,40.43163777658056
0.066,-0.00020253658294677734,40.43163777658056
0.066,-0.0002008676528930664,40.43163777658056
0.066,-0.00020205974578857422,40.43163777658056
0.068,-0.00020110607147216797,39.953819137600135
0.068,-0.00020051002502441406,39.953819137600135
0.068,-0.0002008676528930664,39.953819137600135
0.068,-0.0002008676528930664,39.953819137600135
0.068,-0.00020015239715576172,39.953819137600135
0.068,-0.00020039081573486328,39.953819137600135
0.072,-0.00019979476928710938,39.45666445680487
0.072,-0.00019991397857666016,39.45666445680487
0.072,-0.00020015239715576172,39.45666445680487
0.072,-0.0001989603042602539,39.45666445680487
0.072,-0.00019884109497070312,39.45666445680487
0.072,-0.00019931793212890625,39.45666445680487
0.071,-0.00019884109497070312,38.724421180090935
0.071,-0.00020015239715576172,38.724421180090935
0.071,-0.0001983642578125,38.724421180090935
0.071,-0.00019788742065429688,38.724421180090935
0.071,-0.00019979476928710938,38.724421180090935
0.071,-0.00019884109497070312,38.724421180090935
0.072,-0.00019931793212890625,38.75029104524044
0.072,-0.00019860267639160156,38.75029104524044
0.072,-0.00019872188568115234,38.75029104524044
0.072,-0.00019848346710205078,38.75029104524044
0.072,-0.0001983642578125,38.75029104524044
0.072,-0.00019884109497070312,38.75029104524044
0.075,-0.0001983642578125,38.10071313544391
0.075,-0.0001996755599975586,38.10071313544391
0.075,-0.00019884109497070312,38.10071313544391
0.075,-0.00019848346710205078,38.10071313544391
0.075,-0.00019788742065429688,38.10071313544391
0.075,-0.0001990795135498047,38.10071313544391
0.074,-0.00019752979278564453,37.04240487752534
0.074,-0.00019752979278564453,37.04240487752534
0.074,-0.00019824504852294922,37.04240487752534
0.074,-0.00019752979278564453,37.04240487752534
0.074,-0.0001971721649169922,37.04240487752534
0.074,-0.0001971721649169922,37.04240487752534
0.078,-0.00019812583923339844,36.80585433412308
0.078,-0.00019848346710205078,36.80585433412308
0.078,-0.00019681453704833984,36.80585433412308
0.078,-0.00019669532775878906,36.80585433412308
0.078,-0.00019741058349609375,36.80585433412308
0.078,-0.00019860267639160156,36.80585433412308
0.079,-0.00019741058349609375,36.031717403984274
0.079,-0.0001977682113647461,36.031717403984274
0.079,-0.00019812583923339844,36.031717403984274
0.079,-0.00019609928131103516,36.031717403984274
0.079,-0.0001964569091796875,36.031717403984274
0.079,-0.00019741058349609375,36.031717403984274
0.079,-0.00019657611846923828,35.767768338488764
0.079,-0.00019812583923339844,35.767768338488764
0.079,-0.00019681453704833984,35.767768338488764
0.079,-0.0001971721649169922,35.767768338488764
0.079,-0.00019693374633789062,35.767768338488764
0.079,-0.00019693374633789062,35.767768338488764
0.079,-0.00019812583923339844,35.64103963262539
0.079,-0.00019741058349609375,35.64103963262539
0.079,-0.0001964569091796875,35.64103963262539
0.079,-0.0001971721649169922,35.64103963262539
0.079,-0.00019669532775878906,35.64103963262539
0.079,-0.0001971721649169922,35.64103963262539
0.079,-0.0001976490020751953,35.64103963262539
0.079,-0.00019621849060058594,34.751452615922815
0.079,-0.00019669532775878906,34.751452615922815
0.079,-0.00019681453704833984,34.751452615922815
0.079,-0.0001971721649169922,34.751452615922815
0.079,-0.00019633769989013672,34.751452615922815
0.079,-0.00019669532775878906,34.751452615922815
0.079,-0.0001958608627319336,34.29176798083361
0.079,-0.0001951456069946289,34.29176798083361
0.079,-0.0001971721649169922,34.29176798083361
0.079,-0.0001971721649169922,34.29176798083361
0.079,-0.00019538402557373047,34.29176798083361
0.079,-0.0001958608627319336,34.29176798083361
0.079,-0.00019502639770507812,34.07667375342578
0.079,-0.0001964569091796875,34.07667375342578
0.079,-0.00019657611846923828,34.07667375342578
0.079,-0.00019443035125732422,34.07667375342578
0.079,-0.00019550323486328125,34.07667375342578
0.079,-0.00019609928131103516,34.07667375342578
0.082,-0.00019598007202148438,33.02527280435912
0.082,-0.00019741058349609375,33.02527280435912
0.082,-0.00019824504852294922,33.02527280435912
0.082,-0.00019741058349609375,33.02527280435912
0.082,-0.0001964569091796875,33.02527280435912
0.082,-0.00019502639770507812,33.02527280435912
0.081,-0.0001964569091796875,32.91573033975249
0.081,-0.00019598007202148438,32.91573033975249
0.081,-0.00019562244415283203,32.91573033975249
0.081,-0.0001964569091796875,32.91573033975249
0.081,-0.0001958608627319336,32.91573033975249
0.081,-0.00019633769989013672,32.91573033975249
0.082,-0.00019669532775878906,32.6365577351742
0.082,-0.00019741058349609375,32.6365577351742
0.082,-0.00019598007202148438,32.6365577351742
0.082,-0.00019609928131103516,32.6365577351742
0.082,-0.0001952648162841797,32.6365577351742
0.082,-0.00019669532775878906,32.6365577351742
0.085,-0.00019741058349609375,31.937552434662656
0.085,-0.00019669532775878906,31.937552434662656
0.085,-0.00019598007202148438,31.937552434662656
0.085,-0.00019598007202148438,31.937552434662656
0.085,-0.0001964569091796875,31.937552434662656
0.085,-0.00019609928131103516,31.937552434662656
0.085,-0.0001952648162841797,31.86107529542323
0.085,-0.00019598007202148438,31.86107529542323
0.085,-0.00019681453704833984,31.86107529542323
0.085,-0.00019669532775878906,31.86107529542323
0.085,-0.00019681453704833984,31.86107529542323
0.085,-0.00019633769989013672,31.86107529542323
0.089,-0.00019681453704833984,31.448188038193457
0.089,-0.00019633769989013672,31.448188038193457
0.089,-0.00019752979278564453,31.448188038193457
0.089,-0.00019681453704833984,31.448188038193457
0.089,-0.00019741058349609375,31.448188038193457
0.089,-0.0001964569091796875,31.448188038193457
0.09,-0.00019621849060058594,30.7876249454549
0.09,-0.00019681453704833984,30.7876249454549
0.09,-0.0001971721649169922,30.7876249454549
0.09,-0.00019741058349609375,30.7876249454549
0.09,-0.0001964569091796875,30.7876249454549
0.09,-0.00019741058349609375,30.7876249454549
0.091,-0.00019669532775878906,30.414072829221453
0.091,-0.0001970529556274414,30.414072829221453
0.091,-0.00019609928131103516,30.414072829221453
0.091,-0.00019729137420654297,30.414072829221453
0.091,-0.0001983642578125,30.414072829221453
0.091,-0.0001964569091796875,30.414072829221453
0.091,-0.0001976490020751953,30.303341245244237
0.091,-0.00019669532775878906,30.303341245244237
0.091,-0.00019681453704833984,30.303341245244237
0.091,-0.00019860267639160156,30.303341245244237
0.091,-0.00019812583923339844,30.303341245244237
0.091,-0.00019741058349609375,30.303341245244237
0.094,-0.00019741058349609375,29.663751777130475
0.094,-0.00019860267639160156,29.663751777130475
0.094,-0.0001970529556274414,29.663751777130475
0.094,-0.0001989603042602539,29.663751777130475
0.094,-0.0001970529556274414,29.663751777130475
0.094,-0.00019741058349609375,29.663751777130475
0.093,-0.00019752979278564453,29.48323912168555
0.093,-0.00019741058349609375,29.48323912168555
0.093,-0.00019752979278564453,29.48323912168555
0.093,-0.0001976490020751953,29.48323912168555
0.093,-0.0001976490020751953,29.48323912168555
0.093,-0.00019848346710205078,29.48323912168555
0.096,-0.0001983642578125,29.29479554817448
0.096,-0.00019884109497070312,29.29479554817448
0.096,-0.00019872188568115234,29.29479554817448
0.096,-0.0001971721649169922,29.29479554817448
0.096,-0.00019860267639160156,29.29479554817448
0.096,-0.00019752979278564453,29.29479554817448
0.096,-0.00019812583923339844,28.732245324769014
0.096,-0.00019848346710205078,28.732245324769014
0.096,-0.00019800662994384766,28.732245324769014
0.096,-0.00019848346710205078,28.732245324769014
0.096,-0.00019824504852294922,28.732245324769014
0.096,-0.00019872188568115234,28.732245324769014
0.097,-0.0002008676528930664,28.638474347695784
0.097,-0.00019812583923339844,28.638474347695784
0.097,-0.00019824504852294922,28.638474347695784
0.097,-0.00020003318786621094,28.638474347695784
0.097,-0.00019788742065429688,28.638474347695784
0.097,-0.00019919872283935547,28.638474347695784
0.1,-0.00019991397857666016,28.414445911075283
0.1,-0.00020015239715576172,28.414445911075283
0.1,-0.00019824504852294922,28.414445911075283
0.1,-0.0001976490020751953,28.414445911075283
0.1,-0.0001990795135498047,28.414445911075283
0.1,-0.00019729137420654297,28.414445911075283
0.101,-0.00020003318786621094,27.99343362849318
0.101,-0.00019991397857666016,27.99343362849318
0.101,-0.00019931793212890625,27.99343362849318
0.101,-0.00019931793212890625,27.99343362849318
0.101,-0.0001990795135498047,27.99343362849318
0.101,-0.00019979476928710938,27.99343362849318
0.1,-0.0001983642578125,27.666423573629373
0.1,-0.00020039081573486328,27.666423573629373
0.1,-0.00019991397857666016,27.666423573629373
0.1,-0.0001990795135498047,27.666423573629373
0.1,-0.00019979476928710938,27.666423573629373
0.1,-0.0001995563507080078,27.666423573629373
0.097,-0.00020039081573486328,27.4235998919185
0.097,-0.0001989603042602539,27.4235998919185
0.097,-0.00020039081573486328,27.4235998919185
0.097,-0.0002002716064453125,27.4235998919185
0.097,-0.00020051002502441406,27.4235998919185
0.097,-0.00019931793212890625,27.4235998919185
0.096,-0.00019979476928710938,26.883681225128374
0.096,-0.00020110607147216797,26.883681225128374
0.096,-0.00020039081573486328,26.883681225128374
0.096,-0.00020051002502441406,26.883681225128374
0.096,-0.00020110607147216797,26.883681225128374
0.096,-0.00020194053649902344,26.883681225128374
0.096,-0.00020301342010498047,26.69778778003991
0.096,-0.0001995563507080078,26.69778778003991
0.096,-0.00020039081573486328,26.69778778003991
0.096,-0.00020229816436767578,26.69778778003991
0.096,-0.00020194053649902344,26.69778778003991
0.096,-0.0002015829086303711,26.69778778003991
0.099,-0.00020170211791992188,26.76704151642359
0.099,-0.00020194053649902344,26.76704151642359
0.099,-0.00020253658294677734,26.76704151642359
0.099,-0.00020074844360351562,26.76704151642359
0.099,-0.0002009868621826172,26.76704151642359
0.099,-0.0002009868621826172,26.76704151642359
0.105,-0.00020253658294677734,26.17884061894177
0.105,-0.00020241737365722656,26.17884061894177
0.105,-0.000202178955078125,26.17884061894177
0.105,-0.00020372867584228516,26.17884061894177
0.105,-0.0002014636993408203,26.17884061894177
0.105,-0.000202178955078125,26.17884061894177
0.105,-0.00020301342010498047,26.17884061894177
0.108,-0.00020360946655273438,25.8847550063507
0.108,-0.0002027750015258789,25.8847550063507
0.108,-0.00020229816436767578,25.8847550063507
0.108,-0.0002027750015258789,25.8847550063507
0.108,-0.00020265579223632812,25.8847550063507
0.108,-0.00020384788513183594,25.8847550063507
0.108,-0.0002027750015258789,25.625817285512447
0.108,-0.00020241737365722656,25.625817285512447
0.108,-0.00020313262939453125,25.625817285512447
0.108,-0.00020265579223632812,25.625817285512447
0.108,-0.00020360946655273438,25.625817285512447
0.108,-0.00020253658294677734,25.625817285512447
0.11,-0.0002027750015258789,25.20530501968478
0.11,-0.00020301342010498047,25.20530501968478
0.11,-0.0002040863037109375,25.20530501968478
0.11,-0.00020301342010498047,25.20530501968478
0.11,-0.0002033710479736328,25.20530501968478
0.11,-0.00020384788513183594,25.20530501968478
0.105,-0.00020515918731689453,25.116034912941437
0.105,-0.00020492076873779297,25.116034912941437
0.105,-0.0002046823501586914,25.116034912941437
0.105,-0.0002046823501586914,25.116034912941437
0.105,-0.0002052783966064453,25.116034912941437
0.105,-0.00020563602447509766,25.116034912941437
0.107,-0.00020503997802734375,24.828378979489855
0.107,-0.00020492076873779297,24.828378979489855
0.107,-0.0002052783966064453,24.828378979489855
0.107,-0.0002040863037109375,24.828378979489855
0.107,-0.00020575523376464844,24.828378979489855
0.107,-0.0002048015594482422,24.828378979489855
0.109,-0.00020551681518554688,24.60489584697333
0.109,-0.00020492076873779297,24.60489584697333
0.109,-0.00020599365234375,24.60489584697333
0.109,-0.00020551681518554688,24.60489584697333
0.109,-0.00020635128021240234,24.60489584697333
0.109,-0.00020599365234375,24.60489584697333
0.11,-0.00020647048950195312,24.318954180622438
0.11,-0.0002053976058959961,24.318954180622438
0.11,-0.0002052783966064453,24.318954180622438
0.11,-0.00020587444305419922,24.318954180622438
0.11,-0.00020611286163330078,24.318954180622438
0.11,-0.00020706653594970703,24.318954180622438
0.114,-0.00020551681518554688,24.267381105354975
0.114,-0.00020647048950195312,24.267381105354975
0.114,-0.00020682811737060547,24.267381105354975
0.114,-0.00020563602447509766,24.267381105354975
0.114,-0.00020599365234375,24.267381105354975
0.114,-0.00020575523376464844,24.267381105354975
0.113,-0.00020503997802734375,23.742501912532767
0.113,-0.00020682811737060547,23.742501912532767
0.113,-0.00020647048950195312,23.742501912532767
0.113,-0.00020754337310791016,23.742501912532767
0.113,-0.00020754337310791016,23.742501912532767
0.113,-0.00020611286163330078,23.742501912532767
0.117,-0.00020992755889892578,23.532960912665583
0.117,-0.0002079010009765625,23.532960912665583
0.117,-0.0002092123031616211,23.532960912665583
0.117,-0.00020825862884521484,23.532960912665583
0.117,-0.00020813941955566406,23.532960912665583
0.117,-0.00020837783813476562,23.532960912665583
0.114,-0.00020933151245117188,23.45145888218953
0.114,-0.00020802021026611328,23.45145888218953
0.114,-0.00020933151245117188,23.45145888218953
0.114,-0.00020873546600341797,23.45145888218953
0.114,-0.00020813941955566406,23.45145888218953
0.114,-0.0002090930938720703,23.45145888218953
0.114,-0.0002073049545288086,23.37120186961298
0.114,-0.00020945072174072266,23.37120186961298
0.114,-0.00020945072174072266,23.37120186961298
0.114,-0.00021016597747802734,23.37120186961298
0.114,-0.0002079010009765625,23.37120186961298
0.114,-0.0002079010009765625,23.37120186961298
0.115,-0.00020873546600341797,22.91493637897525
0.115,-0.00020992755889892578,22.91493637897525
0.115,-0.00021004676818847656,22.91493637897525
0.115,-0.0002092123031616211,22.91493637897525
0.115,-0.0002079010009765625,22.91493637897525
0.115,-0.00020885467529296875,22.91493637897525
0.116,-0.00021004676818847656,22.77947821370386
0.116,-0.00020933151245117188,22.77947821370386
0.116,-0.00020945072174072266,22.77947821370386
0.116,-0.00021064281463623047,22.77947821370386
0.116,-0.00020945072174072266,22.77947821370386
0.116,-0.00020956993103027344,22.77947821370386
0.114,-0.00021123886108398438,22.700148311535678
0.114,-0.0002105236053466797,22.700148311535678
0.114,-0.00021159648895263672,22.700148311535678
0.114,-0.00021123886108398438,22.700148311535678
0.114,-0.00021088123321533203,22.700148311535678
0.114,-0.00021135807037353516,22.700148311535678
0.115,-0.00021135807037353516,22.371417608667528
0.115,-0.0002111196517944336,22.371417608667528
0.115,-0.00021076202392578125,22.371417608667528
0.115,-0.0002110004425048828,22.371417608667528
0.115,-0.00021028518676757812,22.371417608667528
0.115,-0.00021207332611083984,22.371417608667528
0.12,-0.00021159648895263672,22.01830206944885
0.12,-0.00021195411682128906,22.01830206944885
0.12,-0.00021255016326904297,22.01830206944885
0.12,-0.00021076202392578125,22.01830206944885
0.12,-0.00021088123321533203,22.01830206944885
0.12,-0.0002129077911376953,22.01830206944885
0.122,-0.00021255016326904297,21.92665112115688
0.122,-0.0002117156982421875,21.92665112115688
0.122,-0.00021266937255859375,21.92665112115688
0.122,-0.0002117156982421875,21.92665112115688
0.122,-0.0002123117446899414,21.92665112115688
0.122,-0.00021123886108398438,21.92665112115688
0.128,-0.00021457672119140625,21.54380665861894
0.128,-0.00021338462829589844,21.54380665861894
0.128,-0.00021386146545410156,21.54380665861894
0.128,-0.00021338462829589844,21.54380665861894
0.128,-0.00021278858184814453,21.54380665861894
0.128,-0.0002142190933227539,21.54380665861894
0.127,-0.0002129077911376953,21.310291428995168
0.127,-0.00021445751190185547,21.310291428995168
0.127,-0.00021326541900634766,21.310291428995168
0.127,-0.00021314620971679688,21.310291428995168
0.127,-0.00021457672119140625,21.310291428995168
0.127,-0.00021350383758544922,21.310291428995168
0.128,-0.000213623046875,21.264896769697728
0.128,-0.0002148151397705078,21.264896769697728
0.128,-0.00021576881408691406,21.264896769697728
0.128,-0.00021314620971679688,21.264896769697728
0.128,-0.00021469593048095703,21.264896769697728
0.128,-0.00021469593048095703,21.264896769697728
0.129,-0.0002149343490600586,21.165803122139675
0.129,-0.0002149343490600586,21.165803122139675
0.129,-0.0002143383026123047,21.165803122139675
0.129,-0.0002143383026123047,21.165803122139675
0.129,-0.0002148151397705078,21.165803122139675
0.129,-0.0002162456512451172,21.165803122139675
0.129,-0.00021529197692871094,20.892927625627784
0.129,-0.0002167224884033203,20.892927625627784
0.129,-0.00021576881408691406,20.892927625627784
0.129,-0.0002162456512451172,20.892927625627784
0.129,-0.00021731853485107422,20.892927625627784
0.129,-0.00021529197692871094,20.892927625627784
0.13,-0.00021648406982421875,20.749407154624176
0.13,-0.00021731853485107422,20.749407154624176
0.13,-0.0002168416976928711,20.749407154624176
0.13,-0.0002162456512451172,20.749407154624176
0.13,-0.00021457672119140625,20.749407154624176
0.13,-0.00021588802337646484,20.749407154624176
0.129,-0.000217437744140625,20.57611412805138
0.129,-0.00021660327911376953,20.57611412805138
0.129,-0.0002167224884033203,20.57611412805138
0.129,-0.0002168416976928711,20.57611412805138
0.129,-0.00021731853485107422,20.57611412805138
0.129,-0.00021708011627197266,20.57611412805138
0.13,-0.0002181529998779297,20.427320310593057
0.13,-0.00021696090698242188,20.427320310593057
0.13,-0.00021708011627197266,20.427320310593057
0.13,-0.00021755695343017578,20.427320310593057
0.13,-0.00021696090698242188,20.427320310593057
0.13,-0.00021564960479736328,20.427320310593057
0.131,-0.00021719932556152344,20.306380102801544
0.131,-0.00021791458129882812,20.306380102801544
0.131,-0.000217437744140625,20.306380102801544
0.131,-0.00021910667419433594,20.306380102801544
0.131,-0.00021731853485107422,20.306380102801544
0.131,-0.00021851062774658203,20.306380102801544
0.135,-0.00021958351135253906,20.036061934771965
0.135,-0.00021910667419433594,20.036061934771965
0.135,-0.0002187490463256836,20.036061934771965
0.135,-0.00021839141845703125,20.036061934771965
0.135,-0.0002199411392211914,20.036061934771965
0.135,-0.00021910667419433594,20.036061934771965
0.135,-0.00021898746490478516,20.036061934771965
0.135,-0.00021970272064208984,19.73500687735217
0.135,-0.0002205371856689453,19.73500687735217
0.135,-0.00021779537200927734,19.73500687735217
0.135,-0.00021922588348388672,19.73500687735217
0.135,-0.00021982192993164062,19.73500687735217
0.135,-0.00021839141845703125,19.73500687735217
0.137,-0.0002200603485107422,19.650249538002313
0.137,-0.00022029876708984375,19.650249538002313
0.137,-0.00022017955780029297,19.650249538002313
0.137,-0.00021922588348388672,19.650249538002313
0.137,-0.0002200603485107422,19.650249538002313
0.137,-0.00022029876708984375,19.650249538002313
0.136,-0.0002205371856689453,19.371185527265602
0.136,-0.00022077560424804688,19.371185527265602
0.136,-0.00021958351135253906,19.371185527265602
0.136,-0.0002186298370361328,19.371185527265602
0.136,-0.0002206563949584961,19.371185527265602
0.136,-0.00022125244140625,19.371185527265602
0.135,-0.00022280216217041016,19.193288890244784
0.135,-0.0002219676971435547,19.193288890244784
0.135,-0.00022172927856445312,19.193288890244784
0.135,-0.00022041797637939453,19.193288890244784
0.135,-0.00022220611572265625,19.193288890244784
0.135,-0.0002218484878540039,19.193288890244784
0.135,-0.0002219676971435547,19.127667791670053
0.135,-0.00022149085998535156,19.127667791670053
0.135,-0.00022125244140625,19.127667791670053
0.135,-0.00022161006927490234,19.127667791670053
0.135,-0.00022232532501220703,19.127667791670053
0.135,-0.00022029876708984375,19.127667791670053
0.138,-0.00022304058074951172,18.90405180000667
0.138,-0.00022220611572265625,18.90405180000667
0.138,-0.0002225637435913086,18.90405180000667
0.138,-0.0002218484878540039,18.90405180000667
0.138,-0.00022268295288085938,18.90405180000667
0.138,-0.00022327899932861328,18.90405180000667
0.141,-0.0002231597900390625,18.752512011057924
0.141,-0.00022077560424804688,18.752512011057924
0.141,-0.00022351741790771484,18.752512011057924
0.141,-0.00022351741790771484,18.752512011057924
0.141,-0.0002224445343017578,18.752512011057924
0.141,-0.00022339820861816406,18.752512011057924
0.143,-0.00022339820861816406,18.79984315108458
0.143,-0.00022482872009277344,18.79984315108458
0.143,-0.0002243518829345703,18.79984315108458
0.143,-0.0002244710922241211,18.79984315108458
0.143,-0.00022363662719726562,18.79984315108458
0.143,-0.00022280216217041016,18.79984315108458
0.147,-0.00022494792938232422,18.53139796383256
0.147,-0.0002237558364868164,18.53139796383256
0.147,-0.00022363662719726562,18.53139796383256
0.147,-0.00022411346435546875,18.53139796383256
0.147,-0.0002237558364868164,18.53139796383256
0.147,-0.00022649765014648438,18.53139796383256
0.147,-0.00022518634796142578,18.19146447762185
0.147,-0.00022530555725097656,18.19146447762185
0.147,-0.00022518634796142578,18.19146447762185
0.147,-0.00022542476654052734,18.19146447762185
0.147,-0.000225067138671875,18.19146447762185
0.147,-0.00022518634796142578,18.19146447762185
0.148,-0.00022602081298828125,18.01629693255097
0.148,-0.00022554397583007812,18.01629693255097
0.148,-0.0002243518829345703,18.01629693255097
0.148,-0.0002256631851196289,18.01629693255097
0.148,-0.00022459030151367188,18.01629693255097
0.148,-0.00022470951080322266,18.01629693255097
0.149,-0.00022518634796142578,17.808888004486228
0.149,-0.00022530555725097656,17.808888004486228
0.149,-0.0002262592315673828,17.808888004486228
0.149,-0.00022518634796142578,17.808888004486228
0.149,-0.00022780895233154297,17.808888004486228
0.149,-0.00022661685943603516,17.808888004486228
0.145,-0.00022661685943603516,17.752133189578522
0.145,-0.00022733211517333984,17.752133189578522
0.145,-0.00022733211517333984,17.752133189578522
0.145,-0.00022709369659423828,17.752133189578522
0.145,-0.00022673606872558594,17.752133189578522
0.145,-0.0002269744873046875,17.752133189578522
0.144,-0.00022649765014648438,17.51751326460231
0.144,-0.0002275705337524414,17.51751326460231
0.144,-0.0002282857894897461,17.51751326460231
0.144,-0.0002288818359375,17.51751326460231
0.144,-0.0002275705337524414,17.51751326460231
0.144,-0.00022745132446289062,17.51751326460231
0.145,-0.00022721290588378906,17.617625494573225
0.145,-0.00022792816162109375,17.617625494573225
0.145,-0.00022840499877929688,17.617625494573225
0.145,-0.0002282857894897461,17.617625494573225
0.145,-0.00022912025451660156,17.617625494573225
0.145,-0.00022721290588378906,17.617625494573225
0.148,-0.00022840499877929688,17.282872858435603
0.148,-0.00022709369659423828,17.282872858435603
0.148,-0.00022912025451660156,17.282872858435603
0.148,-0.0002282857894897461,17.282872858435603
0.148,-0.00022935867309570312,17.282872858435603
0.148,-0.00022804737091064453,17.282872858435603
0.152,-0.00022900104522705078,17.07923495857091
0.152,-0.00023102760314941406,17.07923495857091
0.152,-0.00022852420806884766,17.07923495857091
0.152,-0.0002288818359375,17.07923495857091
0.152,-0.00022852420806884766,17.07923495857091
0.152,-0.00022840499877929688,17.07923495857091
0.157,-0.00022983551025390625,16.840868340927855
0.157,-0.0002288818359375,16.840868340927855
0.157,-0.00023186206817626953,16.840868340927855
0.157,-0.0002300739288330078,16.840868340927855
0.157,-0.00022983551025390625,16.840868340927855
0.157,-0.00022995471954345703,16.840868340927855
0.159,-0.00023031234741210938,16.766681886863502
0.159,-0.00023031234741210938,16.766681886863502
0.159,-0.0002315044403076172,16.766681886863502
0.159,-0.00023114681243896484,16.766681886863502
0.159,-0.00022995471954345703,16.766681886863502
0.159,-0.0002307891845703125,16.766681886863502
0.158,-0.00023174285888671875,16.565112770925353
0.158,-0.00023114681243896484,16.565112770925353
0.158,-0.00023162364959716797,16.565112770925353
0.158,-0.00023102760314941406,16.565112770925353
0.158,-0.00023102760314941406,16.565112770925353
0.158,-0.00023090839385986328,16.565112770925353
0.156,-0.00023162364959716797,16.46982199028062
0.156,-0.00023043155670166016,16.46982199028062
0.156,-0.00023102760314941406,16.46982199028062
0.156,-0.00023126602172851562,16.46982199028062
0.156,-0.0002321004867553711,16.46982199028062
0.156,-0.0002307891845703125,16.46982199028062
0.156,-0.0002319812774658203,16.238556802193653
0.156,-0.00023245811462402344,16.238556802193653
0.156,-0.00023162364959716797,16.238556802193653
0.156,-0.00023221969604492188,16.238556802193653
0.156,-0.00023233890533447266,16.238556802193653
0.156,-0.00023221969604492188,16.238556802193653
0.158,-0.0002334117889404297,16.203628005351817
0.158,-0.00023245811462402344,16.203628005351817
0.158,-0.00023281574249267578,16.203628005351817
0.158,-0.0002332925796508789,16.203628005351817
0.158,-0.00023305416107177734,16.203628005351817
0.158,-0.00023305416107177734,16.203628005351817
0.156,-0.00023257732391357422,16.031951704031933
0.156,-0.00023424625396728516,16.031951704031933
0.156,-0.0002338886260986328,16.031951704031933
0.156,-0.0002334117889404297,16.031951704031933
0.156,-0.00023376941680908203,16.031951704031933
0.156,-0.00023436546325683594,16.031951704031933
0.157,-0.00023412704467773438,15.861972470768627
0.157,-0.00023472309112548828,15.861972470768627
0.157,-0.0002332925796508789,15.861972470768627
0.157,-0.00023376941680908203,15.861972470768627
0.157,-0.00023496150970458984,15.861972470768627
0.157,-0.00023412704467773438,15.861972470768627
0.16,-0.00023436546325683594,15.702840088857105
0.16,-0.00023376941680908203,15.702840088857105
0.16,-0.00023615360260009766,15.702840088857105
0.16,-0.00023663043975830078,15.702840088857105
0.16,-0.00023424625396728516,15.702840088857105
0.16,-0.0002357959747314453,15.702840088857105
0.16,-0.00023508071899414062,15.702840088857105
0.159,-0.00023674964904785156,15.732619321364027
0.159,-0.0002359151840209961,15.732619321364027
0.159,-0.0002357959747314453,15.732619321364027
0.159,-0.00023508071899414062,15.732619321364027
0.159,-0.00023639202117919922,15.732619321364027
0.159,-0.00023663043975830078,15.732619321364027
0.164,-0.0002372264862060547,15.516242753393726
0.164,-0.00023484230041503906,15.516242753393726
0.164,-0.00023698806762695312,15.516242753393726
0.164,-0.0002372264862060547,15.516242753393726
0.164,-0.00023663043975830078,15.516242753393726
0.164,-0.00023686885833740234,15.516242753393726
0.164,-0.00023639202117919922,15.31873317391716
0.164,-0.00023686885833740234,15.31873317391716
0.164,-0.00023746490478515625,15.31873317391716
0.164,-0.00023674964904785156,15.31873317391716
0.164,-0.00023603439331054688,15.31873317391716
0.164,-0.00023794174194335938,15.31873317391716
0.163,-0.00023651123046875,15.042045008813702
0.163,-0.00023686885833740234,15.042045008813702
0.163,-0.00023818016052246094,15.042045008813702
0.163,-0.0002359151840209961,15.042045008813702
0.163,-0.00023663043975830078,15.042045008813702
0.163,-0.00023853778839111328,15.042045008813702
0.161,-0.00023758411407470703,15.071717167603298
0.161,-0.00023853778839111328,15.071717167603298
0.161,-0.00023603439331054688,15.071717167603298
0.161,-0.00023686885833740234,15.071717167603298
0.161,-0.00023651123046875,15.071717167603298
0.161,-0.00023734569549560547,15.071717167603298
0.162,-0.00023818016052246094,14.825871226731099
0.162,-0.0002384185791015625,14.825871226731099
0.162,-0.0002390146255493164,14.825871226731099
0.162,-0.00023853778839111328,14.825871226731099
0.162,-0.00023746490478515625,14.825871226731099
0.162,-0.0002384185791015625,14.825871226731099
0.164,-0.00023996829986572266,14.764716895468911
0.164,-0.00024044513702392578,14.764716895468911
0.164,-0.0002390146255493164,14.764716895468911
0.164,-0.00023937225341796875,14.764716895468911
0.164,-0.0002396106719970703,14.764716895468911
0.164,-0.0002397298812866211,14.764716895468911
0.164,-0.00023877620697021484,14.46914900038837
0.164,-0.00024008750915527344,14.46914900038837
0.164,-0.00024020671844482422,14.46914900038837
0.164,-0.00023877620697021484,14.46914900038837
0.164,-0.00023853778839111328,14.46914900038837
0.164,-0.00023889541625976562,14.46914900038837
0.166,-0.00024020671844482422,14.461309837121954
0.166,-0.00023984909057617188,14.461309837121954
0.166,-0.00024008750915527344,14.461309837121954
0.166,-0.0002391338348388672,14.461309837121954
0.166,-0.00023949146270751953,14.461309837121954
0.166,-0.00024020671844482422,14.461309837121954
0.168,-0.00024056434631347656,14.418077164325263
0.168,-0.00024116039276123047,14.418077164325263
0.168,-0.0002409219741821289,14.418077164325263
0.168,-0.0002415180206298828,14.418077164325263
0.168,-0.0002409219741821289,14.418077164325263
0.168,-0.0002410411834716797,14.418077164325263
0.168,-0.000240325927734375,14.253788706203117
0.168,-0.00023996829986572266,14.253788706203117
0.168,-0.00024044513702392578,14.253788706203117
0.168,-0.00024139881134033203,14.253788706203117
0.168,-0.00024139881134033203,14.253788706203117
0.168,-0.00024116039276123047,14.253788706203117
0.172,-0.00024211406707763672,14.245891398205336
0.172,-0.00024199485778808594,14.245891398205336
0.172,-0.00024175643920898438,14.245891398205336
0.172,-0.00024175643920898438,14.245891398205336
0.177,-0.00024259090423583984,14.00736599707707
0.177,-0.0002415180206298828,14.00736599707707
0.177,-0.0002422332763671875,14.00736599707707
0.177,-0.00024306774139404297,14.00736599707707
0.177,-0.00024318695068359375,14.00736599707707
0.177,-0.00024330615997314453,14.00736599707707
0.177,-0.00024449825286865234,13.954227348107512
0.177,-0.0002434253692626953,13.954227348107512
0.177,-0.00024330615997314453,13.954227348107512
0.177,-0.00024330615997314453,13.954227348107512
0.177,-0.00024318695068359375,13.954227348107512
0.177,-0.00024306774139404297,13.954227348107512
0.177,-0.00024330615997314453,13.577680111285737
0.177,-0.00024318695068359375,13.577680111285737
0.177,-0.00024366378784179688,13.577680111285737
0.177,-0.000244140625,13.577680111285737
0.177,-0.0002429485321044922,13.577680111285737
0.177,-0.00024437904357910156,13.577680111285737
0.177,-0.0002460479736328125,13.556757362569986
0.177,-0.0002448558807373047,13.556757362569986
0.177,-0.0002455711364746094,13.556757362569986
0.177,-0.00024449825286865234,13.556757362569986
0.177,-0.00024402141571044922,13.556757362569986
0.177,-0.00024330615997314453,13.556757362569986
0.178,-0.00024509429931640625,13.543791071517639
0.178,-0.0002460479736328125,13.543791071517639
0.178,-0.00024449825286865234,13.543791071517639
0.178,-0.0002446174621582031,13.543791071517639
0.178,-0.000244140625,13.543791071517639
0.178,-0.00024521350860595703,13.543791071517639
0.179,-0.0002455711364746094,13.217170691201828
0.179,-0.0002446174621582031,13.217170691201828
0.179,-0.0002448558807373047,13.217170691201828
0.179,-0.0002454519271850586,13.217170691201828
0.179,-0.00024569034576416016,13.217170691201828
0.179,-0.0002453327178955078,13.217170691201828
0.18,-0.0002467632293701172,13.194099855727991
0.18,-0.0002447366714477539,13.194099855727991
0.18,-0.0002454519271850586,13.194099855727991
0.18,-0.00024628639221191406,13.194099855727991
0.18,-0.00024640560150146484,13.194099855727991
0.18,-0.00024628639221191406,13.194099855727991
0.181,-0.0002467632293701172,13.158211250882008
0.181,-0.0002473592758178711,13.158211250882008
0.181,-0.00024712085723876953,13.158211250882008
0.181,-0.00024628639221191406,13.158211250882008
0.181,-0.0002466440200805664,13.158211250882008
0.181,-0.0002467632293701172,13.158211250882008
0.181,-0.0002459287643432617,13.112522299192008
0.181,-0.0002466440200805664,13.112522299192008
0.181,-0.00024712085723876953,13.112522299192008
0.181,-0.0002474784851074219,13.112522299192008
0.181,-0.00024628639221191406,13.112522299192008
0.181,-0.0002466440200805664,13.112522299192008
0.182,-0.0002474784851074219,12.855912154150609
0.182,-0.00024712085723876953,12.855912154150609
0.182,-0.0002466440200805664,12.855912154150609
0.182,-0.00024712085723876953,12.855912154150609
0.182,-0.0002473592758178711,12.855912154150609
0.182,-0.0002467632293701172,12.855912154150609
0.181,-0.0002492666244506836,12.852018778101083
0.181,-0.000247955322265625,12.852018778101083
0.181,-0.0002472400665283203,12.852018778101083
0.181,-0.00024890899658203125,12.852018778101083
0.181,-0.00024878978729248047,12.852018778101083
0.181,-0.0002485513687133789,12.852018778101083
0.181,-0.00024950504302978516,12.572871897170904
0.181,-0.00024831295013427734,12.572871897170904
0.181,-0.0002480745315551758,12.572871897170904
0.181,-0.0002484321594238281,12.572871897170904
0.181,-0.00024950504302978516,12.572871897170904
0.181,-0.0002492666244506836,12.572871897170904
0.181,-0.0002491474151611328,12.418015860853108
0.181,-0.00024962425231933594,12.418015860853108
0.181,-0.00024890899658203125,12.418015860853108
0.181,-0.0002480745315551758,12.418015860853108
0.181,-0.0002485513687133789,12.418015860853108
0.181,-0.00024962425231933594,12.418015860853108
0.184,-0.00025022029876708984,12.539065128407948
0.184,-0.00025022029876708984,12.539065128407948
0.184,-0.0002491474151611328,12.539065128407948
0.184,-0.0002504587173461914,12.539065128407948
0.184,-0.0002491474151611328,12.539065128407948
0.184,-0.0002497434616088867,12.539065128407948
0.184,-0.0002499818801879883,12.539065128407948
0.186,-0.0002512931823730469,12.390869924219112
0.186,-0.0002491474151611328,12.390869924219112
0.186,-0.0002486705780029297,12.390869924219112
0.186,-0.00024962425231933594,12.390869924219112
0.186,-0.00024962425231933594,12.390869924219112
0.186,-0.0002504587173461914,12.390869924219112
0.188,-0.00024950504302978516,12.245764210187279
0.188,-0.00025081634521484375,12.245764210187279
0.188,-0.0002505779266357422,12.245764210187279
0.188,-0.0002498626708984375,12.245764210187279
0.188,-0.0002518892288208008,12.245764210187279
0.188,-0.00025177001953125,12.245764210187279
0.189,-0.00025141239166259766,12.023442317380127
0.189,-0.00025260448455810547,12.023442317380127
0.189,-0.0002522468566894531,12.023442317380127
0.189,-0.0002510547637939453,12.023442317380127
0.189,-0.00024950504302978516,12.023442317380127
0.189,-0.00025200843811035156,12.023442317380127
0.191,-0.00025260448455810547,11.865909501587819
0.191,-0.00025153160095214844,11.865909501587819
0.191,-0.0002504587173461914,11.865909501587819
0.191,-0.00025177001953125,11.865909501587819
0.19,-0.0002530813217163086,11.679937138348603
0.19,-0.0002518892288208008,11.679937138348603
0.19,-0.00025141239166259766,11.679937138348603
0.19,-0.00025343894958496094,11.679937138348603
0.19,-0.0002523660659790039,11.679937138348603
0.19,-0.0002532005310058594,11.679937138348603
0.192,-0.00025331974029541016,11.736421557048395
0.192,-0.00025272369384765625,11.736421557048395
0.192,-0.0002532005310058594,11.736421557048395
0.192,-0.0002530813217163086,11.736421557048395
0.192,-0.0002530813217163086,11.736421557048395
0.192,-0.00025260448455810547,11.736421557048395
0.192,-0.0002523660659790039,11.471828514087667
0.192,-0.0002523660659790039,11.471828514087667
0.192,-0.00025331974029541016,11.471828514087667
0.192,-0.0002535581588745117,11.471828514087667
0.192,-0.0002543926239013672,11.471828514087667
0.192,-0.0002543926239013672,11.471828514087667
0.193,-0.0002532005310058594,11.466318412071054
0.193,-0.00025475025177001953,11.466318412071054
0.193,-0.0002530813217163086,11.466318412071054
0.193,-0.0002532005310058594,11.466318412071054
0.193,-0.0002536773681640625,11.466318412071054
0.193,-0.00025582313537597656,11.414597883253071
0.193,-0.0002560615539550781,11.414597883253071
0.193,-0.0002542734146118164,11.414597883253071
0.193,-0.00025534629821777344,11.414597883253071
0.193,-0.00025463104248046875,11.414597883253071
0.196,-0.00025522708892822266,11.13282807190884
0.196,-0.00025451183319091797,11.13282807190884
0.196,-0.0002548694610595703,11.13282807190884
0.196,-0.0002548694610595703,11.13282807190884
0.196,-0.0002549886703491211,11.13282807190884
0.196,-0.0002551078796386719,11.13282807190884
0.196,-0.00025641918182373047,11.089469843926167
0.196,-0.00025475025177001953,11.089469843926167
0.196,-0.0002541542053222656,11.089469843926167
0.196,-0.0002549886703491211,11.089469843926167
0.196,-0.0002554655075073242,11.089469843926167
0.196,-0.0002554655075073242,11.089469843926167
0.199,-0.00025522708892822266,10.893879622710053
0.199,-0.00025403499603271484,10.893879622710053
0.199,-0.00025641918182373047,10.893879622710053
0.199,-0.00025725364685058594,10.893879622710053
0.199,-0.00025522708892822266,10.893879622710053
0.199,-0.0002560615539550781,10.893879622710053
0.201,-0.00025582313537597656,10.895805157357108
0.201,-0.0002562999725341797,10.895805157357108
0.201,-0.0002561807632446289,10.895805157357108
0.201,-0.0002570152282714844,10.895805157357108
0.201,-0.00025641918182373047,10.895805157357108
0.201,-0.0002562999725341797,10.895805157357108
0.202,-0.00025653839111328125,10.837277292871555
0.202,-0.0002554655075073242,10.837277292871555
0.202,-0.0002573728561401367,10.837277292871555
0.202,-0.00025725364685058594,10.837277292871555
0.202,-0.0002568960189819336,10.837277292871555
0.202,-0.00025594234466552734,10.837277292871555
0.203,-0.00025713443756103516,10.48225256261792
0.203,-0.00025773048400878906,10.48225256261792
0.203,-0.0002580881118774414,10.48225256261792
0.203,-0.0002568960189819336,10.48225256261792
0.203,-0.00025713443756103516,10.48225256261792
0.203,-0.0002574920654296875,10.48225256261792
0.205,-0.0002579689025878906,10.623131335696943
0.205,-0.0002589225769042969,10.623131335696943
0.205,-0.00025856494903564453,10.623131335696943
0.205,-0.0002582073211669922,10.623131335696943
0.205,-0.0002579689025878906,10.623131335696943
0.205,-0.0002586841583251953,10.623131335696943
0.207,-0.0002579689025878906,10.363743100768291
0.207,-0.00025832653045654297,10.363743100768291
0.207,-0.00025773048400878906,10.363743100768291
0.207,-0.0002588033676147461,10.363743100768291
0.207,-0.0002568960189819336,10.363743100768291
0.207,-0.00025832653045654297,10.363743100768291
0.207,-0.00025916099548339844,10.504264057849028
0.207,-0.0002593994140625,10.504264057849028
0.207,-0.0002586841583251953,10.504264057849028
0.207,-0.0002593994140625,10.504264057849028
0.207,-0.0002576112747192383,10.504264057849028
0.207,-0.0002573728561401367,10.504264057849028
0.208,-0.00025904178619384766,10.210499780779175
0.208,-0.0002589225769042969,10.210499780779175
0.208,-0.00025904178619384766,10.210499780779175
0.208,-0.0002580881118774414,10.210499780779175
0.208,-0.00025832653045654297,10.210499780779175
0.208,-0.00025832653045654297,10.210499780779175
0.207,-0.00026094913482666016,10.198411082422085
0.207,-0.0002592802047729492,10.198411082422085
0.207,-0.00025963783264160156,10.198411082422085
0.207,-0.00025916099548339844,10.198411082422085
0.207,-0.00026094913482666016,10.198411082422085
0.207,-0.0002592802047729492,10.198411082422085
0.208,-0.0002592802047729492,10.108556886268568
0.208,-0.0002595186233520508,10.108556886268568
0.208,-0.00025963783264160156,10.108556886268568
0.208,-0.00025975704193115234,10.108556886268568
0.208,-0.00026094913482666016,10.108556886268568
0.208,-0.0002601146697998047,10.108556886268568
0.208,-0.0002611875534057617,9.977115326150065
0.208,-0.0002608299255371094,9.977115326150065
0.208,-0.0002595186233520508,9.977115326150065
0.208,-0.0002611875534057617,9.977115326150065
0.208,-0.0002598762512207031,9.977115326150065
0.208,-0.0002601146697998047,9.977115326150065
0.208,-0.0002605915069580078,9.830552817412482
0.208,-0.00026047229766845703,9.830552817412482
0.208,-0.0002614259719848633,9.830552817412482
0.208,-0.00026106834411621094,9.830552817412482
0.208,-0.0002611875534057617,9.830552817412482
0.208,-0.00026047229766845703,9.830552817412482
0.209,-0.0002626180648803711,9.865927543534214
0.209,-0.0002624988555908203,9.865927543534214
0.209,-0.0002614259719848633,9.865927543534214
0.209,-0.0002611875534057617,9.865927543534214
0.209,-0.0002614259719848633,9.865927543534214
0.209,-0.00026023387908935547,9.865927543534214
0.209,-0.0002620220184326172,9.662874877943398
0.209,-0.00026226043701171875,9.662874877943398
0.209,-0.00026237964630126953,9.662874877943398
0.209,-0.0002614259719848633,9.662874877943398
0.209,-0.00026154518127441406,9.662874877943398
0.209,-0.00026214122772216797,9.662874877943398
0.212,-0.0002608299255371094,9.475318149341332
0.212,-0.0002620220184326172,9.475318149341332
0.212,-0.0002620220184326172,9.475318149341332
0.212,-0.00026285648345947266,9.475318149341332
0.212,-0.0002630949020385742,9.475318149341332
0.212,-0.00026166439056396484,9.475318149341332
0.213,-0.0002633333206176758,9.486661171094433
0.213,-0.0002620220184326172,9.486661171094433
0.213,-0.00026297569274902344,9.486661171094433
0.213,-0.00026166439056396484,9.486661171094433
0.213,-0.00026166439056396484,9.486661171094433
0.213,-0.0002626180648803711,9.486661171094433
0.213,-0.0002627372741699219,9.473726238482067
0.213,-0.0002624988555908203,9.473726238482067
0.213,-0.0002627372741699219,9.473726238482067
0.213,-0.00026345252990722656,9.473726238482067
0.213,-0.0002644062042236328,9.473726238482067
0.213,-0.0002627372741699219,9.473726238482067
0.214,-0.00026357173919677734,9.279463403394935
0.214,-0.00026345252990722656,9.279463403394935
0.214,-0.00026285648345947266,9.279463403394935
0.214,-0.0002652406692504883,9.279463403394935
0.214,-0.00026428699493408203,9.279463403394935
0.216,-0.0002633333206176758,9.05123816120183
0.216,-0.0002644062042236328,9.05123816120183
0.216,-0.00026488304138183594,9.05123816120183
0.216,-0.0002645254135131836,9.05123816120183
0.216,-0.00026404857635498047,9.05123816120183
0.216,-0.00026357173919677734,9.05123816120183
0.219,-0.0002651214599609375,9.00540363823917
0.219,-0.0002638101577758789,9.00540363823917
0.219,-0.00026535987854003906,9.00540363823917
0.219,-0.0002644062042236328,9.00540363823917
0.219,-0.0002638101577758789,9.00540363823917
0.219,-0.0002651214599609375,9.00540363823917
0.223,-0.00026547908782958984,8.98441170220241
0.223,-0.00026595592498779297,8.98441170220241
0.223,-0.00026488304138183594,8.98441170220241
0.223,-0.0002645254135131836,8.98441170220241
0.223,-0.0002636909484863281,8.98441170220241
0.223,-0.0002664327621459961,8.98441170220241
0.222,-0.0002658367156982422,8.921387185338821
0.222,-0.00026619434356689453,8.921387185338821
0.222,-0.0002652406692504883,8.921387185338821
0.222,-0.0002639293670654297,8.921387185338821
0.222,-0.0002645254135131836,8.921387185338821
0.22,-0.0002655982971191406,9.013682557646854
0.22,-0.0002665519714355469,9.013682557646854
0.22,-0.00026607513427734375,9.013682557646854
0.22,-0.00026488304138183594,9.013682557646854
0.22,-0.0002655982971191406,9.013682557646854
0.22,-0.0002657175064086914,9.013682557646854
0.22,-0.0002677440643310547,8.640229948834866
0.22,-0.00026726722717285156,8.640229948834866
0.22,-0.00026786327362060547,8.640229948834866
0.22,-0.00026667118072509766,8.640229948834866
0.22,-0.0002652406692504883,8.640229948834866
0.22,-0.0002665519714355469,8.587926661127847
0.22,-0.00026595592498779297,8.587926661127847
0.22,-0.00026595592498779297,8.587926661127847
0.22,-0.0002663135528564453,8.587926661127847
0.22,-0.00026667118072509766,8.587926661127847
0.22,-0.0002664327621459961,8.587926661127847
0.22,-0.00026619434356689453,8.669605617838675
0.22,-0.0002665519714355469,8.669605617838675
0.22,-0.00026547908782958984,8.669605617838675
0.22,-0.0002669095993041992,8.669605617838675
0.22,-0.0002677440643310547,8.669605617838675
0.22,-0.0002665519714355469,8.669605617838675
0.225,-0.00026702880859375,8.489412258653681
0.225,-0.0002669095993041992,8.489412258653681
0.225,-0.0002663135528564453,8.489412258653681
0.225,-0.00026786327362060547,8.489412258653681
0.225,-0.00026702880859375,8.489412258653681
0.225,-0.0002684593200683594,8.489412258653681
0.23,-0.0002675056457519531,8.24814809788278
0.23,-0.0002677440643310547,8.24814809788278
0.23,-0.00026857852935791016,8.24814809788278
0.23,-0.0002669095993041992,8.24814809788278
0.23,-0.00026702880859375,8.24814809788278
0.233,-0.00026726722717285156,8.217693580584937
0.233,-0.00026726722717285156,8.217693580584937
0.233,-0.00026738643646240234,8.217693580584937
0.233,-0.00026798248291015625,8.217693580584937
0.234,-0.00026810169219970703,8.140656764035077
0.234,-0.0002676248550415039,8.140656764035077
0.234,-0.0002684593200683594,8.140656764035077
0.234,-0.00026929378509521484,8.140656764035077
0.235,-0.00027108192443847656,8.058481323780317
0.235,-0.0002684593200683594,8.058481323780317
0.235,-0.0002689361572265625,8.058481323780317
0.231,-0.00027120113372802734,8.01523018057528
0.231,-0.00026917457580566406,8.01523018057528
0.231,-0.0002701282501220703,8.01523018057528
0.231,-0.0002688169479370117,8.01523018057528
0.231,-0.0002690553665161133,8.01523018057528
0.231,-0.0002695322036743164,8.01523018057528
0.23,-0.00027000904083251953,7.964623419955274
0.23,-0.000270843505859375,7.964623419955274
0.23,-0.00026917457580566406,7.964623419955274
0.23,-0.0002709627151489258,7.964623419955274
0.23,-0.0002713203430175781,7.964623419955274
0.23,-0.0002703666687011719,7.964623419955274
0.226,-0.0002696514129638672,7.766795817144414
0.226,-0.0002702474594116211,7.766795817144414
0.226,-0.00026929378509521484,7.766795817144414
0.226,-0.00027060508728027344,7.766795817144414
0.226,-0.0002720355987548828,7.766795817144414
0.231,-0.0002709627151489258,7.775403335616916
0.231,-0.000270843505859375,7.775403335616916
0.231,-0.0002703666687011719,7.775403335616916
0.231,-0.00027000904083251953,7.775403335616916
0.231,-0.0002715587615966797,7.775403335616916
0.231,-0.0002709627151489258,7.775403335616916
0.231,-0.00027108192443847656,7.755687945835258
0.231,-0.0002714395523071289,7.755687945835258
0.231,-0.00027060508728027344,7.755687945835258
0.231,-0.00027191638946533203,7.755687945835258
0.231,-0.00027120113372802734,7.755687945835258
0.234,-0.0002714395523071289,7.678256442305748
0.234,-0.00027191638946533203,7.678256442305748
0.234,-0.00027179718017578125,7.678256442305748
0.234,-0.00027179718017578125,7.678256442305748
0.234,-0.0002715587615966797,7.678256442305748
0.234,-0.0002715587615966797,7.678256442305748
0.236,-0.00027191638946533203,7.466153990536448
0.236,-0.0002709627151489258,7.466153990536448
0.236,-0.0002713203430175781,7.466153990536448
0.236,-0.00027191638946533203,7.466153990536448
0.236,-0.0002720355987548828,7.466153990536448
0.237,-0.00027358531951904297,7.447733791715977
0.237,-0.0002732276916503906,7.447733791715977
0.237,-0.0002721548080444336,7.447733791715977
0.237,-0.00027167797088623047,7.447733791715977
0.237,-0.0002715587615966797,7.447733791715977
0.24,-0.00027179718017578125,7.337552001353228
0.24,-0.00027239322662353516,7.337552001353228
0.24,-0.00027310848236083984,7.337552001353228
0.24,-0.0002721548080444336,7.337552001353228
0.24,-0.00027191638946533203,7.337552001353228
0.24,-0.0002727508544921875,7.3072284370503855
0.24,-0.0002747774124145508,7.3072284370503855
0.24,-0.00027310848236083984,7.3072284370503855
0.24,-0.0002732276916503906,7.3072284370503855
0.24,-0.00027358531951904297,7.3072284370503855
0.237,-0.0002722740173339844,7.102197543873231
0.237,-0.0002733469009399414,7.102197543873231
0.237,-0.0002733469009399414,7.102197543873231
0.236,-0.0002740621566772461,7.0842761510104095
0.236,-0.00027441978454589844,7.0842761510104095
0.236,-0.00027370452880859375,7.0842761510104095
0.236,-0.0002739429473876953,7.0842761510104095
0.236,-0.0002734661102294922,7.0842761510104095
0.239,-0.0002733469009399414,7.09196802120598
0.239,-0.0002740621566772461,7.09196802120598
0.239,-0.000274658203125,7.09196802120598
0.239,-0.000274658203125,7.09196802120598
0.239,-0.0002732276916503906,7.09196802120598
0.242,-0.0002752542495727539,6.80492813772444
0.242,-0.0002752542495727539,6.80492813772444
0.242,-0.00027430057525634766,6.80492813772444
0.242,-0.0002740621566772461,6.80492813772444
0.242,-0.0002745389938354492,6.861213622016779
0.245,-0.00027489662170410156,6.764833467186363
0.245,-0.0002758502960205078,6.764833467186363
0.245,-0.00027632713317871094,6.764833467186363
0.245,-0.00027620792388916016,6.636621507547437
0.245,-0.0002772808074951172,6.636621507547437
0.245,-0.0002760887145996094,6.636621507547437
0.245,-0.00027561187744140625,6.636621507547437
0.247,-0.00027441978454589844,6.638711586913912
0.247,-0.0002751350402832031,6.638711586913912
0.247,-0.00027680397033691406,6.638711586913912
0.251,-0.0002764463424682617,6.4829502858915395
0.251,-0.0002759695053100586,6.4829502858915395
0.251,-0.0002753734588623047,6.4829502858915395
0.251,-0.00027680397033691406,6.4829502858915395
0.25,-0.00027823448181152344,6.400919260513388
0.25,-0.0002766847610473633,6.400919260513388
0.25,-0.0002764463424682617,6.400919260513388
0.25,-0.00027680397033691406,6.400919260513388
0.25,-0.0002770423889160156,6.400919260513388
0.25,-0.0002765655517578125,6.209497781540823
0.25,-0.0002770423889160156,6.209497781540823
0.25,-0.0002764463424682617,6.209497781540823
0.25,-0.0002765655517578125,6.209497781540823
0.25,-0.0002777576446533203,6.209497781540823
0.251,-0.00027680397033691406,6.263879168697644
0.251,-0.0002771615982055664,6.263879168697644
0.251,-0.0002778768539428711,6.263879168697644
0.251,-0.0002759695053100586,6.263879168697644
0.251,-0.00027811527252197266,6.263879168697644
0.251,-0.00027763843536376953,6.090079301118329
0.252,-0.00027823448181152344,5.9377998398218805
0.252,-0.00027692317962646484,5.9377998398218805
0.252,-0.0002778768539428711,5.9377998398218805
0.252,-0.00027954578399658203,6.003902282257549
0.253,-0.00027883052825927734,5.870514685342012
0.253,-0.0002790689468383789,5.870514685342012
0.253,-0.00027954578399658203,5.870514685342012
0.253,-0.0002799034118652344,5.870514685342012
0.256,-0.00027883052825927734,5.890062612938937
0.256,-0.0002789497375488281,5.890062612938937
0.256,-0.00028002262115478516,5.68677910688586
0.257,-0.0002783536911010742,5.752238554440242
0.257,-0.00027954578399658203,5.752238554440242
0.255,-0.0002797842025756836,5.4521113409472335
0.255,-0.00027930736541748047,5.4521113409472335
0.255,-0.00028002262115478516,5.4521113409472335
0.255,-0.0002791881561279297,5.582977538867813
0.255,-0.0002790689468383789,5.582977538867813
0.26,-0.00028061866760253906,5.489229655150162
0.259,-0.0002803802490234375,5.417923119849042
0.259,-0.00028073787689208984,5.417923119849042
0.259,-0.0002808570861816406,5.417923119849042
0.259,-0.0002810955047607422,5.417923119849042
0.262,-0.00028014183044433594,5.314517398316661
0.264,-0.0002816915512084961,5.2284580802530725
0.264,-0.0002818107604980469,5.2284580802530725
0.269,-0.0002818107604980469,5.2440773328317425
0.272,-0.0002830028533935547,5.08177866701351
0.272,-0.0002841949462890625,4.554905708118565
0.272,-0.00028324127197265625,4.554905708118565
0.272,-0.0002849102020263672,4.403892137205823
0.273,-0.00028574466705322266,4.538031165605827
0.273,-0.00028383731842041016,4.538031165605827
0.277,-0.00028455257415771484,4.32009244341403
0.279,-0.0002840757369995117,4.226504650519161
0.279,-0.00028574466705322266,4.234480309142737
0.279,-0.0002862215042114258,4.234480309142737
0.279,-0.00028634071350097656,4.138455182526619
0.279,-0.00028574466705322266,4.081855227299164
0.279,-0.00028645992279052734,4.081855227299164
0.282,-0.0002866983413696289,4.086072796665328
0.282,-0.0002862215042114258,4.086072796665328
0.282,-0.0002866983413696289,3.905293781611897
0.284,-0.00028765201568603516,3.853708548718953
0.284,-0.0002878904342651367,3.853708548718953
0.284,-0.00028836727142333984,3.930370369584117
0.284,-0.00028693675994873047,3.930370369584117
0.284,-0.0002872943878173828,3.930370369584117
0.284,-0.0002880096435546875,3.930370369584117
0.284,-0.00028765201568603516,3.930370369584117
0.283,-0.0002875328063964844,3.665333025270975
0.283,-0.00028705596923828125,3.665333025270975
0.283,-0.00028777122497558594,3.665333025270975
0.283,-0.00028777122497558594,3.665333025270975
0.283,-0.00028765201568603516,3.633672005749335
0.283,-0.0002872943878173828,3.633672005749335
0.283,-0.00028693675994873047,3.633672005749335
0.283,-0.00028967857360839844,3.633672005749335
0.281,-0.00028765201568603516,3.569584224919793
0.281,-0.0002880096435546875,3.569584224919793
0.281,-0.00028645992279052734,3.569584224919793
0.281,-0.0002874135971069336,3.569584224919793
0.284,-0.00028824806213378906,3.5821379965575346
0.284,-0.0002878904342651367,3.5821379965575346
0.284,-0.00028824806213378906,3.5821379965575346
0.284,-0.00028908252716064453,3.5821379965575346
0.285,-0.00028824806213378906,3.483804501298249
0.285,-0.00028896331787109375,3.483804501298249
0.285,-0.00028824806213378906,3.483804501298249
0.285,-0.0002887248992919922,3.483804501298249
0.285,-0.00028896331787109375,3.483804501298249
0.285,-0.0002892017364501953,3.483804501298249
0.287,-0.00028896331787109375,3.358303972467744
0.287,-0.0002892017364501953,3.358303972467744
0.287,-0.0002894401550292969,3.358303972467744
0.287,-0.00028896331787109375,3.358303972467744
0.291,-0.00028967857360839844,3.3114990456594886
0.291,-0.0002892017364501953,3.3114990456594886
0.291,-0.00028836727142333984,3.3114990456594886
0.293,-0.0002892017364501953,3.2297474878593446
0.293,-0.00029015541076660156,3.2297474878593446
0.293,-0.0002884864807128906,3.2297474878593446
0.293,-0.0002887248992919922,3.2297474878593446
0.293,-0.00028908252716064453,3.2297474878593446
0.296,-0.0002893209457397461,3.315668346272482
0.296,-0.0002900362014770508,3.315668346272482
0.296,-0.0002897977828979492,3.315668346272482
0.296,-0.0002899169921875,3.315668346272482
0.296,-0.0002893209457397461,3.315668346272482
0.297,-0.00028884410858154297,3.011076379066946
0.297,-0.0002899169921875,3.011076379066946
0.301,-0.0002887248992919922,3.0861698361465244
0.301,-0.00029098987579345703,3.0861698361465244
0.301,-0.00029087066650390625,3.0861698361465244
0.301,-0.00029075145721435547,3.0861698361465244
0.301,-0.0002900362014770508,2.9482599824720763
0.301,-0.0002905130386352539,2.9482599824720763
0.301,-0.0002892017364501953,2.9482599824720763
0.301,-0.00029098987579345703,2.9482599824720763
0.3,-0.00029015541076660156,2.941067868826251
0.3,-0.0002884864807128906,2.941067868826251
0.3,-0.00028908252716064453,2.941067868826251
0.3,-0.00029027462005615234,2.941067868826251
0.3,-0.0002923011779785156,2.941067868826251
0.3,-0.0002893209457397461,2.942467052121338
0.3,-0.0002913475036621094,2.942467052121338
0.3,-0.0002903938293457031,2.942467052121338
0.3,-0.0002912282943725586,2.942467052121338
0.3,-0.0002912282943725586,2.942467052121338
0.3,-0.0002917051315307617,2.9615466092576486
0.3,-0.0002911090850830078,2.9615466092576486
0.3,-0.00029098987579345703,2.9615466092576486
0.3,-0.00029087066650390625,2.9615466092576486
0.3,-0.0002899169921875,2.9615466092576486
0.299,-0.0002912282943725586,2.6843396482839426
0.299,-0.00029098987579345703,2.6843396482839426
0.299,-0.0002903938293457031,2.6843396482839426
0.299,-0.0002903938293457031,2.6843396482839426
0.299,-0.00029087066650390625,2.6843396482839426
0.299,-0.00029087066650390625,2.8676814704048947
0.299,-0.0002913475036621094,2.8676814704048947
0.299,-0.00029218196868896484,2.8676814704048947
0.299,-0.0002911090850830078,2.8676814704048947
0.299,-0.00029098987579345703,2.8676814704048947
0.301,-0.0002900362014770508,2.7675360948980465
0.301,-0.00029206275939941406,2.7675360948980465
0.301,-0.00029337406158447266,2.7675360948980465
0.303,-0.0002924203872680664,2.6031412742460054
0.303,-0.0002913475036621094,2.6031412742460054
0.303,-0.00029075145721435547,2.6031412742460054
0.303,-0.00029075145721435547,2.6031412742460054
0.303,-0.00029146671295166016,2.6031412742460054
0.304,-0.0002917051315307617,2.532903113418832
0.304,-0.0002912282943725586,2.532903113418832
0.304,-0.0002923011779785156,2.532903113418832
0.304,-0.0002917051315307617,2.532903113418832
0.304,-0.0002918243408203125,2.532903113418832
0.305,-0.00029349327087402344,2.5966818442131947
0.305,-0.00029277801513671875,2.5966818442131947
0.305,-0.0002913475036621094,2.5966818442131947
0.305,-0.00029087066650390625,2.5966818442131947
0.305,-0.0002919435501098633,2.479273803965574
0.305,-0.0002924203872680664,2.479273803965574
0.305,-0.00029098987579345703,2.479273803965574
0.305,-0.0002925395965576172,2.479273803965574
0.305,-0.0002911090850830078,2.479273803965574
0.306,-0.00029158592224121094,2.2758616761142276
0.306,-0.0002923011779785156,2.2758616761142276
0.306,-0.00029098987579345703,2.2758616761142276
0.308,-0.0002925395965576172,2.2370198478143406
0.308,-0.0002917051315307617,2.2370198478143406
0.308,-0.00029349327087402344,2.2370198478143406
0.308,-0.00029206275939941406,2.2370198478143406
0.308,-0.0002930164337158203,2.2370198478143406
0.31,-0.00029277801513671875,2.087702567333279
0.31,-0.0002924203872680664,2.087702567333279
0.31,-0.0002924203872680664,2.087702567333279
0.31,-0.00029206275939941406,2.087702567333279
0.31,-0.00029158592224121094,2.087702567333279
0.31,-0.00029277801513671875,2.087702567333279
0.31,-0.00029265880584716797,2.085523129532933
0.31,-0.00029289722442626953,2.085523129532933
0.31,-0.00029265880584716797,2.085523129532933
0.31,-0.0002923011779785156,2.085523129532933
0.31,-0.0002938508987426758,2.2346846401974085
0.31,-0.00029277801513671875,2.2346846401974085
0.31,-0.00029277801513671875,2.2346846401974085
0.31,-0.0002924203872680664,2.2346846401974085
0.31,-0.00029158592224121094,2.2346846401974085
0.31,-0.00029265880584716797,2.039660466316543
0.31,-0.00029349327087402344,2.039660466316543
0.31,-0.00029349327087402344,2.039660466316543
0.31,-0.00029408931732177734,2.039660466316543
0.31,-0.0002925395965576172,2.039660466316543
0.31,-0.0002932548522949219,2.039660466316543
0.311,-0.0002932548522949219,2.0107855591552637
0.311,-0.00029468536376953125,2.0107855591552637
0.311,-0.00029337406158447266,2.0107855591552637
0.311,-0.00029349327087402344,2.0107855591552637
0.311,-0.00029337406158447266,2.0107855591552637
0.311,-0.0002931356430053711,2.0107855591552637
0.309,-0.0002938508987426758,1.949681490923212
0.309,-0.0002943277359008789,1.949681490923212
0.309,-0.0002932548522949219,1.949681490923212
0.309,-0.00029265880584716797,1.949681490923212
0.309,-0.00029337406158447266,1.949681490923212
0.313,-0.00029480457305908203,2.1247260177772147
0.313,-0.00029337406158447266,2.1247260177772147
0.313,-0.0002931356430053711,2.1247260177772147
0.313,-0.0002944469451904297,2.1247260177772147
0.313,-0.0002938508987426758,2.1247260177772147
0.316,-0.0002936124801635742,1.7905859374686408
0.316,-0.0002936124801635742,1.7905859374686408
0.316,-0.000293731689453125,1.7905859374686408
0.316,-0.0002949237823486328,1.7905859374686408
0.316,-0.0002938508987426758,1.7905859374686408
0.32,-0.00029349327087402344,1.896519547354645
0.32,-0.0002936124801635742,1.896519547354645
0.32,-0.00029408931732177734,1.896519547354645
0.32,-0.00029277801513671875,1.896519547354645
0.32,-0.0002936124801635742,1.896519547354645
0.32,-0.00029456615447998047,1.7605520867989586
0.32,-0.00029349327087402344,1.7605520867989586
0.32,-0.0002943277359008789,1.7605520867989586
0.32,-0.0002942085266113281,1.7605520867989586
0.32,-0.0002932548522949219,1.7605520867989586
0.32,-0.0002950429916381836,1.7605520867989586
0.32,-0.0002942085266113281,1.7605520867989586
0.321,-0.0002949237823486328,1.8161378001439792
0.321,-0.00029456615447998047,1.8161378001439792
0.32,-0.0002956390380859375,1.7271558522401438
0.32,-0.00029337406158447266,1.7271558522401438
0.32,-0.0002955198287963867,1.7271558522401438
0.32,-0.0002949237823486328,1.7271558522401438
0.32,-0.0002950429916381836,1.7271558522401438
0.32,-0.0002943277359008789,1.7271558522401438
0.323,-0.00029456615447998047,1.6038075309716144
0.323,-0.000293731689453125,1.6038075309716144
0.323,-0.0002944469451904297,1.6038075309716144
0.323,-0.0002950429916381836,1.6038075309716144
0.323,-0.00029480457305908203,1.6038075309716144
0.323,-0.00029408931732177734,1.6038075309716144
0.321,-0.000293731689453125,1.6018165977397363
0.321,-0.0002955198287963867,1.6018165977397363
0.321,-0.0002950429916381836,1.6018165977397363
0.321,-0.00029337406158447266,1.6018165977397363
0.321,-0.00029468536376953125,1.6018165977397363
0.319,-0.0002951622009277344,1.5723209454111198
0.319,-0.00029540061950683594,1.5723209454111198
0.319,-0.00029540061950683594,1.5723209454111198
0.319,-0.0002943277359008789,1.5723209454111198
0.319,-0.00029408931732177734,1.5723209454111198
0.319,-0.0002949237823486328,1.5723209454111198
0.319,-0.00029408931732177734,1.4261141746821264
0.319,-0.0002942085266113281,1.4261141746821264
0.319,-0.00029528141021728516,1.4261141746821264
0.319,-0.00029540061950683594,1.4261141746821264
0.319,-0.00029599666595458984,1.4261141746821264
0.319,-0.00029397010803222656,1.4261141746821264
0.319,-0.0002943277359008789,1.3114352215421474
0.319,-0.00029456615447998047,1.3114352215421474
0.319,-0.0002943277359008789,1.3114352215421474
0.319,-0.00029587745666503906,1.3114352215421474
0.319,-0.00029480457305908203,1.3114352215421474
0.319,-0.0002956390380859375,1.3114352215421474
0.32,-0.00029456615447998047,1.312610942228664
0.32,-0.0002956390380859375,1.312610942228664
0.32,-0.0002951622009277344,1.312610942228664
0.32,-0.00029528141021728516,1.312610942228664
0.32,-0.0002951622009277344,1.312610942228664
0.32,-0.00029528141021728516,1.312610942228664
0.323,-0.0002949237823486328,1.4006591040472627
0.323,-0.0002950429916381836,1.4006591040472627
0.323,-0.0002950429916381836,1.4006591040472627
0.323,-0.0002950429916381836,1.4006591040472627
0.323,-0.00029480457305908203,1.0925152895187642
0.323,-0.00029349327087402344,1.0925152895187642
0.323,-0.00029671192169189453,1.0925152895187642
0.323,-0.0002949237823486328,1.0925152895187642
0.323,-0.0002962350845336914,1.0925152895187642
0.323,-0.00029456615447998047,1.0925152895187642
0.325,-0.0002962350845336914,1.2261967903190545
0.325,-0.00029659271240234375,1.2261967903190545
0.325,-0.0002950429916381836,1.2261967903190545
0.325,-0.00029528141021728516,1.2261967903190545
0.325,-0.0002949237823486328,1.2261967903190545
0.325,-0.0002981424331665039,1.2261967903190545
0.328,-0.0002949237823486328,1.2436294895061206
0.328,-0.00029599666595458984,1.2436294895061206
0.328,-0.0002961158752441406,1.2436294895061206
0.328,-0.00029540061950683594,1.2436294895061206
0.328,-0.00029468536376953125,1.2436294895061206
0.328,-0.00029671192169189453,1.2436294895061206
0.329,-0.0002961158752441406,1.0770187104265974
0.329,-0.00029659271240234375,1.0770187104265974
0.329,-0.0002962350845336914,1.0770187104265974
0.329,-0.0002957582473754883,1.0770187104265974
0.329,-0.0002963542938232422,1.0770187104265974
0.329,-0.0002961158752441406,1.0770187104265974
0.333,-0.0002969503402709961,0.9664258739869793
0.333,-0.00029754638671875,0.9664258739869793
0.333,-0.0002957582473754883,0.9664258739869793
0.333,-0.00029587745666503906,0.9664258739869793
0.333,-0.0002956390380859375,0.9664258739869793
0.333,-0.0002956390380859375,0.9664258739869793
0.334,-0.00029838085174560547,0.9055330286509977
0.334,-0.00029587745666503906,0.9055330286509977
0.334,-0.00029647350311279297,0.9055330286509977
0.334,-0.00029671192169189453,0.9055330286509977
0.334,-0.00029647350311279297,0.9055330286509977
0.334,-0.0002955198287963867,0.9055330286509977
0.333,-0.0002955198287963867,0.8342703377438929
0.333,-0.00029587745666503906,0.8342703377438929
0.333,-0.0002968311309814453,0.8342703377438929
0.333,-0.00029528141021728516,0.8342703377438929
0.333,-0.0002970695495605469,0.8342703377438929
0.333,-0.00029587745666503906,0.8342703377438929
0.335,-0.0002962350845336914,0.9102174365671623
0.335,-0.0002957582473754883,0.9102174365671623
0.335,-0.0002956390380859375,0.9102174365671623
0.335,-0.00029587745666503906,0.9102174365671623
0.335,-0.0002956390380859375,0.9102174365671623
0.335,-0.0002963542938232422,0.9102174365671623
0.335,-0.00029838085174560547,0.7741815807697061
0.335,-0.0002957582473754883,0.7741815807697061
0.335,-0.0002963542938232422,0.7741815807697061
0.335,-0.00029718875885009766,0.7741815807697061
0.335,-0.00029754638671875,0.7741815807697061
0.335,-0.0002955198287963867,0.7741815807697061
0.338,-0.0002961158752441406,0.851325944595632
0.338,-0.00029754638671875,0.851325944595632
0.338,-0.00029790401458740234,0.851325944595632
0.338,-0.00029671192169189453,0.851325944595632
0.338,-0.0002962350845336914,0.851325944595632
0.338,-0.00029599666595458984,0.851325944595632
0.34,-0.00029647350311279297,0.6692776251616337
0.34,-0.00029659271240234375,0.6692776251616337
0.34,-0.0002974271774291992,0.6692776251616337
0.34,-0.00029718875885009766,0.6692776251616337
0.34,-0.0002974271774291992,0.6692776251616337
0.34,-0.0002969503402709961,0.6692776251616337
0.34,-0.0002980232238769531,0.5257005659045917
0.34,-0.0002974271774291992,0.5257005659045917
0.34,-0.0002970695495605469,0.5257005659045917
0.34,-0.00029754638671875,0.5257005659045917
0.34,-0.00029778480529785156,0.5257005659045917
0.34,-0.0002982616424560547,0.5257005659045917
0.341,-0.00029730796813964844,0.48447689140875916
0.341,-0.0002974271774291992,0.48447689140875916
0.341,-0.0002980232238769531,0.48447689140875916
0.341,-0.0002969503402709961,0.48447689140875916
0.341,-0.00029754638671875,0.48447689140875916
0.341,-0.00029659271240234375,0.48447689140875916
0.342,-0.0002981424331665039,0.612685823044933
0.342,-0.0002963542938232422,0.612685823044933
0.342,-0.0002963542938232422,0.612685823044933
0.342,-0.00029671192169189453,0.612685823044933
0.342,-0.00029718875885009766,0.612685823044933
0.342,-0.00029718875885009766,0.612685823044933
0.342,-0.00029671192169189453,0.5261897175113597
0.342,-0.00029778480529785156,0.5261897175113597
0.342,-0.0002980232238769531,0.5261897175113597
0.342,-0.00029659271240234375,0.5261897175113597
0.342,-0.00029671192169189453,0.5261897175113597
0.342,-0.0002981424331665039,0.5261897175113597
0.342,-0.00029838085174560547,0.5261897175113597
0.343,-0.0002980232238769531,0.3541301503323848
0.343,-0.0002987384796142578,0.3541301503323848
0.343,-0.0002974271774291992,0.3541301503323848
0.343,-0.00029778480529785156,0.3541301503323848
0.343,-0.0002987384796142578,0.3541301503323848
0.343,-0.00029718875885009766,0.3541301503323848
0.345,-0.0002980232238769531,0.46257591304323276
0.345,-0.0002980232238769531,0.46257591304323276
0.345,-0.00029838085174560547,0.46257591304323276
0.345,-0.00029790401458740234,0.46257591304323276
0.345,-0.00029790401458740234,0.46257591304323276
0.345,-0.00029671192169189453,0.46257591304323276
0.345,-0.00029861927032470703,0.4954149635604215
0.345,-0.0002963542938232422,0.4954149635604215
0.345,-0.0002968311309814453,0.4954149635604215
0.345,-0.0002994537353515625,0.4954149635604215
0.345,-0.0002980232238769531,0.4954149635604215
0.346,-0.0002987384796142578,0.31669124043100005
0.346,-0.0002981424331665039,0.31669124043100005
0.346,-0.00029838085174560547,0.31669124043100005
0.346,-0.00029730796813964844,0.31669124043100005
0.346,-0.0002968311309814453,0.31669124043100005
0.346,-0.0002980232238769531,0.31669124043100005
0.346,-0.00029778480529785156,0.27114689556808713
0.346,-0.00029730796813964844,0.27114689556808713
0.346,-0.0002987384796142578,0.27114689556808713
0.346,-0.00029778480529785156,0.27114689556808713
0.346,-0.00029861927032470703,0.27114689556808713
0.346,-0.00029861927032470703,0.27114689556808713
0.345,-0.0002980232238769531,0.24630712345455263
0.345,-0.00029718875885009766,0.24630712345455263
0.345,-0.0002989768981933594,0.24630712345455263
0.345,-0.00029718875885009766,0.24630712345455263
0.345,-0.0002982616424560547,0.24630712345455263
0.345,-0.00029861927032470703,0.24630712345455263
0.349,-0.0002976655960083008,0.20152727262600045
0.349,-0.00029778480529785156,0.20152727262600045
0.349,-0.0002989768981933594,0.20152727262600045
0.349,-0.0002980232238769531,0.20152727262600045
0.349,-0.0002988576889038086,0.20152727262600045
0.349,-0.0002970695495605469,0.20152727262600045
0.247,-0.0003292560577392578,0.19227924928060425
0.247,-0.00034034252166748047,0.19227924928060425
0.247,-0.00030231475830078125,0.19227924928060425
0.247,-0.0003173351287841797,0.19227924928060425
0.146,-0.00036263465881347656,0.07480510797444895
0.146,-0.0003695487976074219,0.07480510797444895
0.146,-0.0003725290298461914,0.07480510797444895
0.146,-0.0003764629364013672,0.07480510797444895
0.146,-0.0003788471221923828,0.07480510797444895
0.146,-0.00038051605224609375,0.07480510797444895
0.011,-0.00038111209869384766,-0.038192282264537525
0.011,-0.0003819465637207031,-0.038192282264537525
0.011,-0.00038242340087890625,-0.038192282264537525
0.011,-0.00038051605224609375,-0.038192282264537525
0.011,-0.00038254261016845703,-0.038192282264537525
0.011,-0.0003813505172729492,-0.038192282264537525
0.007,-0.00038254261016845703,-0.033137472264272994
0.007,-0.0003819465637207031,-0.033137472264272994
0.007,-0.00038111209869384766,-0.033137472264272994
0.007,-0.0003815889358520508,-0.033137472264272994
0.007,-0.00038039684295654297,-0.033137472264272994
0.007,-0.00038230419158935547,-0.033137472264272994
0.004,-0.0003826618194580078,0.054714962256738
0.004,-0.0003829002380371094,0.054714962256738
0.004,-0.0003814697265625,0.054714962256738
0.004,-0.00038313865661621094,0.054714962256738
0.005,-0.0003834962844848633,0.06402780701473931
0.005,-0.00038254261016845703,0.06402780701473931
0.005,-0.00038170814514160156,0.06402780701473931
0.005,-0.0003832578659057617,0.06402780701473931
0.005,-0.0003820657730102539,0.06402780701473931
0.005,-0.00038361549377441406,0.06402780701473931
0.005,-0.00038123130798339844,0.4750992061095831
0.005,-0.0003820657730102539,0.4750992061095831
0.005,-0.00038313865661621094,0.4750992061095831
0.005,-0.00038242340087890625,0.4750992061095831
0.005,-0.00038242340087890625,0.4750992061095831
0.005,-0.0003819465637207031,0.4750992061095831
0.006,-0.00038361549377441406,0.560782643420211
0.006,-0.0003839731216430664,0.560782643420211
0.006,-0.00038182735443115234,0.560782643420211
0.006,-0.0003827810287475586,0.560782643420211
0.006,-0.00038433074951171875,0.560782643420211
0.006,-0.00038254261016845703,0.560782643420211
0.006,-0.00038254261016845703,0.560782643420211
